sequence	label	source_row	exclusion_reason	nearest_test_hamming_distance	nearest_validation_hamming_distance
RGTTASNK	0	10413	too_close_to_test	1.0	
EETSDVKL	1	1479	too_close_to_test	1.0	
AETTASKR	0	8624	too_close_to_test	1.0	
KESVAVRI	1	3958	too_close_to_test	1.0	
KVTTASIQ	0	10701	too_close_to_test	1.0	
LESAAVKI	1	5958	too_close_to_test	1.0	
IETTASNK	0	9638	too_close_to_test	1.0	
KQTDASRL	1	5516	too_close_to_test	1.0	
KETRAANL	1	4452	too_close_to_test	1.0	
KEPTGSQK	0	11871	too_close_to_test	1.0	
QASTASKE	0	15318	too_close_to_test	1.0	
HETTASKK	0	8523	too_close_to_test	1.0	
GESTASKR	0	15542	too_close_to_test	1.0	
KENNAVRK	1	3094	too_close_to_test	1.0	
KQTTATTK	1	5666	too_close_to_test	1.0	
EDTRESKL	1	456	too_close_to_test	1.0	
TEAIASKK	0	9399	too_close_to_test	1.0	
YETAASKK	0	11973	too_close_to_test	1.0	
HEPAASKK	0	12571	too_close_to_test	1.0	
KENTASNK	0	10218	too_close_to_test	1.0	
KDASASKK	0	9822	too_close_to_test	1.0	
KASVAAKL	1	2629	too_close_to_test	1.0	
RVTTAAKK	0	13209	too_close_to_test	1.0	
KASEAVKK	1	2575	too_close_to_test	1.0	
EGTDASKL	1	1650	too_close_to_test	1.0	
EGSMASKI	0	13040	too_close_to_test	1.0	
QETHESKK	1	6784	too_close_to_test	1.0	
EESNAAKK	1	765	too_close_to_test	1.0	
KESLAAKQ	1	3433	too_close_to_test	1.0	
KATIAAKL	1	2660	too_close_to_test	1.0	
LQTDAVKK	1	6174	too_close_to_test	1.0	
KETFAAKL	1	4129	too_close_to_test	1.0	
KESNAVIK	1	3523	too_close_to_test	1.0	
RETRAAKL	1	7733	too_close_to_test	1.0	
TETTGSKE	0	14214	too_close_to_test	1.0	
KESNAVQS	1	3551	too_close_to_test	1.0	
ENIPAPKK	0	8778	too_close_to_test	1.0	
KETNATKR	1	4371	too_close_to_test	1.0	
TDTAASKK	0	11058	too_close_to_test	1.0	
EETIAADP	1	1245	too_close_to_test	1.0	
QQTTATKK	0	13442	too_close_to_test	1.0	
AESNAAKL	1	48	too_close_to_test	1.0	
EETSAAVK	1	1443	too_close_to_test	1.0	
NGTTASKK	0	8971	too_close_to_test	1.0	
PEGTGSKK	0	15982	too_close_to_test	1.0	
QDAIGSKL	0	9715	too_close_to_test	1.0	
RESLAVKL	1	7409	too_close_to_test	1.0	
RESVGSKK	1	7579	too_close_to_test	1.0	
KHSVAAKK	1	5047	too_close_to_test	1.0	
KQATASKK	0	9519	too_close_to_test	1.0	
EESVGSKL	1	1133	too_close_to_test	1.0	
KPSTAAKR	1	5242	too_close_to_test	1.0	
KDSAASKL	1	2774	too_close_to_test	1.0	
NDPSASKK	0	10451	too_close_to_test	1.0	
EESNASKL	1	778	too_close_to_test	1.0	
RDSTAAKL	1	7197	too_close_to_test	1.0	
KEATASGK	0	11288	too_close_to_test	1.0	
SESRAAKK	1	8123	too_close_to_test	1.0	
QDTAAVKK	1	6518	too_close_to_test	1.0	
RESTASQK	0	11946	too_close_to_test	1.0	
KESSASKP	1	3739	too_close_to_test	1.0	
QESNAVKK	1	6646	too_close_to_test	1.0	
TVTSASKK	0	12555	too_close_to_test	1.0	
EESMDVKK	1	761	too_close_to_test	1.0	
TESNASKK	0	15449	too_close_to_test	1.0	
EESTASKT	0	13250	too_close_to_test	1.0	
HATNPSKK	0	14270	too_close_to_test	1.0	
IEGTASKK	0	13833	too_close_to_test	1.0	
EESGAVKK	1	670	too_close_to_test	1.0	
TDTTASRK	0	14196	too_close_to_test	1.0	
QETTGSKQ	0	14099	too_close_to_test	1.0	
RETPASKT	0	12965	too_close_to_test	1.0	
KPTFGVKL	1	5257	too_close_to_test	1.0	
EEGTAAKL	1	499	too_close_to_test	1.0	
KQSSAAKK	1	5429	too_close_to_test	1.0	
LQSRAAKL	1	6163	too_close_to_test	1.0	
KDTPASNK	0	13077	too_close_to_test	1.0	
QQSIAAKK	1	7021	too_close_to_test	1.0	
IQSTASKK	0	13276	too_close_to_test	1.0	
KEATASDK	0	11490	too_close_to_test	1.0	
KVSRAADL	1	5860	too_close_to_test	1.0	
EETAAVKR	1	1172	too_close_to_test	1.0	
KETKATKR	1	4305	too_close_to_test	1.0	
EESFATKL	1	647	too_close_to_test	1.0	
SESNAVDL	1	8120	too_close_to_test	1.0	
IETTASKT	0	9637	too_close_to_test	1.0	
EETSASSY	0	12563	too_close_to_test	1.0	
KESVAVKI	1	3953	too_close_to_test	1.0	
RRSTASKK	0	12982	too_close_to_test	1.0	
RESWGSKL	1	7587	too_close_to_test	1.0	
KVSSAPKK	1	5866	too_close_to_test	1.0	
VETRAVKI	1	8413	too_close_to_test	1.0	
RESAAVKL	1	7299	too_close_to_test	1.0	
RETTAIKK	1	7784	too_close_to_test	1.0	
KETVDAKL	1	4832	too_close_to_test	1.0	
KETTASRI	0	8945	too_close_to_test	1.0	
GETAASKL	0	12202	too_close_to_test	1.0	
KAKTASKK	0	12797	too_close_to_test	1.0	
KESTASKI	1	3834	too_close_to_test	1.0	
KETTESKR	1	4749	too_close_to_test	1.0	
EESNAIKK	1	773	too_close_to_test	1.0	
EEATASNK	0	16364	too_close_to_test	1.0	
KESAAVKL	1	3203	too_close_to_test	1.0	
QETQASKL	1	6845	too_close_to_test	1.0	
EDTSAAKL	1	457	too_close_to_test	1.0	
NEATASKI	0	16659	too_close_to_test	1.0	
RATTASKE	0	12138	too_close_to_test	1.0	
EGTIAAKI	1	1654	too_close_to_test	1.0	
QGGAASKK	0	10929	too_close_to_test	1.0	
QETTASKN	0	8822	too_close_to_test	1.0	
KSTHAADL	1	5755	too_close_to_test	1.0	
SEASASKQ	0	10946	too_close_to_test	1.0	
KATTASKS	0	11861	too_close_to_test	1.0	
HEPPASLK	0	8969	too_close_to_test	1.0	
EESKASKK	1	729	too_close_to_test	1.0	
HESWGSKI	1	2295	too_close_to_test	1.0	
QNSTAAKL	1	6965	too_close_to_test	1.0	
KQTNAVKI	1	5632	too_close_to_test	1.0	
PRTNAQTK	0	14065	too_close_to_test	1.0	
KETKAAKM	1	4297	too_close_to_test	1.0	
IGTTASIK	0	12791	too_close_to_test	1.0	
KGTRAAKL	1	5001	too_close_to_test	1.0	
IETSASKE	0	10680	too_close_to_test	1.0	
QGTTASKE	0	12334	too_close_to_test	1.0	
RETTASEK	0	8782	too_close_to_test	1.0	
TATSASKK	0	10875	too_close_to_test	1.0	
QATTASKK	0	8556	too_close_to_test	1.0	
KETAASKK	0	8510	too_close_to_test	1.0	
KATIAAKE	0	11282	too_close_to_test	1.0	
QETDAVKL	1	6769	too_close_to_test	1.0	
LVKTESNT	0	9885	too_close_to_test	1.0	
EESFAVKL	1	652	too_close_to_test	1.0	
KETAAVIK	1	4044	too_close_to_test	1.0	
YQTDAVKK	1	8456	too_close_to_test	1.0	
LQTSAAKR	0	9225	too_close_to_test	1.0	
KNTVAVKI	1	5189	too_close_to_test	1.0	
TEAIASTK	0	10307	too_close_to_test	1.0	
RENNAVDL	1	7268	too_close_to_test	1.0	
EKSRAAKL	1	1706	too_close_to_test	1.0	
GETTASKN	0	13812	too_close_to_test	1.0	
KVTSASNK	0	14406	too_close_to_test	1.0	
RETTAVIK	1	7796	too_close_to_test	1.0	
KESIGAKI	1	3397	too_close_to_test	1.0	
EATAASKK	0	14244	too_close_to_test	1.0	
KETDAAKK	1	4079	too_close_to_test	1.0	
NDSIAAKI	1	6255	too_close_to_test	1.0	
KEKSAVKK	1	3042	too_close_to_test	1.0	
TETIAAKK	1	8280	too_close_to_test	1.0	
EETISADL	1	1309	too_close_to_test	1.0	
KDSSAVKR	1	2818	too_close_to_test	1.0	
EQTKASKL	1	1966	too_close_to_test	1.0	
EDSFAAKI	1	390	too_close_to_test	1.0	
KQTVAAKK	1	5687	too_close_to_test	1.0	
KASVAAVL	1	2632	too_close_to_test	1.0	
QQRTASKK	0	16106	too_close_to_test	1.0	
QPTGSVKK	1	7002	too_close_to_test	1.0	
GETTASIK	0	13260	too_close_to_test	1.0	
RDTAASKK	0	9677	too_close_to_test	1.0	
KESWGSKI	1	3992	too_close_to_test	1.0	
KVPTASIK	0	16607	too_close_to_test	1.0	
KEHSAVDL	1	3000	too_close_to_test	1.0	
KVTTGSKK	0	11678	too_close_to_test	1.0	
IDASASER	0	15572	too_close_to_test	1.0	
LETVAVKK	1	6125	too_close_to_test	1.0	
RESSAAKL	1	7483	too_close_to_test	1.0	
NETPASKI	0	13391	too_close_to_test	1.0	
KEATASKL	0	9655	too_close_to_test	1.0	
NQTTASKR	0	15966	too_close_to_test	1.0	
KESRGSKI	1	3698	too_close_to_test	1.0	
AETTAADL	1	140	too_close_to_test	1.0	
KDSTGVKK	1	2833	too_close_to_test	1.0	
YETIAADL	0	11735	too_close_to_test	1.0	
EQSVAAKL	1	1913	too_close_to_test	1.0	
QEAAASNK	0	8919	too_close_to_test	1.0	
EESEAADL	1	620	too_close_to_test	1.0	
RESIASVT	1	7393	too_close_to_test	1.0	
TESTASEK	0	11600	too_close_to_test	1.0	
KESTAVKS	1	3857	too_close_to_test	1.0	
LESTAAKL	0	15259	too_close_to_test	1.0	
EESTASKQ	0	15506	too_close_to_test	1.0	
RGMAVSSI	0	14152	too_close_to_test	1.0	
QETIAVKI	1	6805	too_close_to_test	1.0	
TESNAVKI	1	8238	too_close_to_test	1.0	
KESNASIL	1	3493	too_close_to_test	1.0	
REIAASKK	0	13714	too_close_to_test	1.0	
KETAASDK	0	12042	too_close_to_test	1.0	
LETRASDL	1	6084	too_close_to_test	1.0	
EGTSAVKK	1	1667	too_close_to_test	1.0	
LETAASKL	0	10446	too_close_to_test	1.0	
KESSASRL	1	3747	too_close_to_test	1.0	
NVATASMK	1	6397	too_close_to_test	1.0	
KETAAVKR	1	4052	too_close_to_test	1.0	
MESNAVDL	1	6206	too_close_to_test	1.0	
KQSSAVKK	1	5438	too_close_to_test	1.0	
DETTAAKL	1	252	too_close_to_test	1.0	
KGTTASIQ	0	15221	too_close_to_test	1.0	
TATTASNK	0	10876	too_close_to_test	1.0	
KETDAAKL	1	4080	too_close_to_test	1.0	
EQSTAVKR	1	1903	too_close_to_test	1.0	
KEIPASKK	0	9776	too_close_to_test	1.0	
QASTASNK	0	16730	too_close_to_test	1.0	
KESTAAKF	1	3813	too_close_to_test	1.0	
QVTTASQK	0	16805	too_close_to_test	1.0	
PETTASNI	0	14462	too_close_to_test	1.0	
QESSASNK	0	13430	too_close_to_test	1.0	
EENTGVKK	1	547	too_close_to_test	1.0	
TESREAKL	1	8248	too_close_to_test	1.0	
RESVAVKK	1	7576	too_close_to_test	1.0	
KGTAAVKL	1	4967	too_close_to_test	1.0	
KDSVAAKM	1	2840	too_close_to_test	1.0	
EESSASEK	0	14250	too_close_to_test	1.0	
EQSNASKL	1	1842	too_close_to_test	1.0	
QQSTAVKK	1	7044	too_close_to_test	1.0	
EESADVKK	1	599	too_close_to_test	1.0	
QETTASRI	0	10721	too_close_to_test	1.0	
QESRAAKK	1	6660	too_close_to_test	1.0	
KESRAEKL	1	3650	too_close_to_test	1.0	
GESRAAKL	1	2131	too_close_to_test	1.0	
EESSATKI	1	958	too_close_to_test	1.0	
KQTTASKT	0	10285	too_close_to_test	1.0	
RESVAAKI	1	7568	too_close_to_test	1.0	
VESTAAKL	0	13776	too_close_to_test	1.0	
RNSSASKK	0	10096	too_close_to_test	1.0	
KQTPASYK	0	15836	too_close_to_test	1.0	
QASVAAVL	1	6473	too_close_to_test	1.0	
EESSASYQ	1	957	too_close_to_test	1.0	
NATAASKK	0	12295	too_close_to_test	1.0	
QDTSAPKK	0	14901	too_close_to_test	1.0	
IEAAASNK	0	10425	too_close_to_test	1.0	
AETTGSKK	0	13033	too_close_to_test	1.0	
AESTASKL	1	84	too_close_to_test	1.0	
QETTASNR	0	12331	too_close_to_test	1.0	
KEPTASSK	0	12613	too_close_to_test	1.0	
EATNAVKL	1	351	too_close_to_test	1.0	
RETNGAKI	1	7718	too_close_to_test	1.0	
NETIASKL	1	6339	too_close_to_test	1.0	
RQTHAAKL	1	8034	too_close_to_test	1.0	
LETAASNK	0	11537	too_close_to_test	1.0	
KESAGVKK	1	3211	too_close_to_test	1.0	
LETVAAKL	1	6121	too_close_to_test	1.0	
QDSAASKK	0	16742	too_close_to_test	1.0	
EESVASKK	1	1120	too_close_to_test	1.0	
KESNASKS	1	3497	too_close_to_test	1.0	
EESRATKL	1	854	too_close_to_test	1.0	
TEKPASKK	0	16272	too_close_to_test	1.0	
KESTAAKS	1	3818	too_close_to_test	1.0	
YETTASKT	0	15062	too_close_to_test	1.0	
HESTAVKL	1	2270	too_close_to_test	1.0	
KHTAASKK	0	16562	too_close_to_test	1.0	
RQSDAVKK	1	7970	too_close_to_test	1.0	
EETSAVKI	1	1453	too_close_to_test	1.0	
RESSASKK	1	7488	too_close_to_test	1.0	
RETQASKL	1	7729	too_close_to_test	1.0	
NETEASKI	0	11921	too_close_to_test	1.0	
IESIASKQ	1	2448	too_close_to_test	1.0	
PATSASKK	0	10563	too_close_to_test	1.0	
NETPATKK	0	15940	too_close_to_test	1.0	
EPTGGVDL	1	1788	too_close_to_test	1.0	
METTASRK	0	14831	too_close_to_test	1.0	
KEASASKS	0	12232	too_close_to_test	1.0	
IESSAVDM	0	14658	too_close_to_test	1.0	
RETTGTDL	1	7827	too_close_to_test	1.0	
EETVAAKL	1	1571	too_close_to_test	1.0	
QETSASKE	0	13694	too_close_to_test	1.0	
QGSTASQP	0	15360	too_close_to_test	1.0	
RESFASKI	1	7329	too_close_to_test	1.0	
KGSIAVKL	1	4918	too_close_to_test	1.0	
KETTASNT	0	9130	too_close_to_test	1.0	
RETNGAKL	0	10072	too_close_to_test	1.0	
KETGDAKL	1	4159	too_close_to_test	1.0	
KVSAASKP	0	15865	too_close_to_test	1.0	
MQVSAAKT	0	15909	too_close_to_test	1.0	
RQSTAVKL	1	8005	too_close_to_test	1.0	
EVSIAAKK	1	2072	too_close_to_test	1.0	
KQSSGSKK	0	14382	too_close_to_test	1.0	
QETPASKQ	0	12120	too_close_to_test	1.0	
NESIAAKI	1	6276	too_close_to_test	1.0	
IEPTGSIE	0	8866	too_close_to_test	1.0	
KDSIAAKI	1	2789	too_close_to_test	1.0	
REIPASMR	0	11438	too_close_to_test	1.0	
HESWGSKK	1	2296	too_close_to_test	1.0	
RATNPSKK	0	9661	too_close_to_test	1.0	
EATTASKQ	0	14616	too_close_to_test	1.0	
QEPTASNK	0	10851	too_close_to_test	1.0	
KESTSAKL	1	3908	too_close_to_test	1.0	
KATIASTK	0	15626	too_close_to_test	1.0	
KEPRAVKI	1	3128	too_close_to_test	1.0	
TETTASNI	0	13766	too_close_to_test	1.0	
LHTAASKT	0	8524	too_close_to_test	1.0	
YESSASKL	0	11068	too_close_to_test	1.0	
AESTAAKK	1	83	too_close_to_test	1.0	
RVSAASKK	0	15421	too_close_to_test	1.0	
RDSSASKK	0	11945	too_close_to_test	1.0	
RENAAVKK	1	7263	too_close_to_test	1.0	
QETIASKT	0	14915	too_close_to_test	1.0	
KYTTAVKK	1	5930	too_close_to_test	1.0	
KATTASRE	0	15633	too_close_to_test	1.0	
RESFAVKN	1	7347	too_close_to_test	1.0	
KETAAVRS	1	4060	too_close_to_test	1.0	
KEAPASKK	0	9293	too_close_to_test	1.0	
QETVASKK	0	9309	too_close_to_test	1.0	
KQTIAAKK	1	5603	too_close_to_test	1.0	
REPTASQK	0	9415	too_close_to_test	1.0	
NEPTASNK	0	13386	too_close_to_test	1.0	
QETAASLK	0	13174	too_close_to_test	1.0	
KGSTAVKR	1	4945	too_close_to_test	1.0	
IENAASKH	0	11280	too_close_to_test	1.0	
RAPSASKK	0	16126	too_close_to_test	1.0	
KEHSAAKL	1	2996	too_close_to_test	1.0	
KGTVASTK	0	8921	too_close_to_test	1.0	
RETEASKI	0	10651	too_close_to_test	1.0	
TEATASQK	0	12999	too_close_to_test	1.0	
KETLASKV	1	4325	too_close_to_test	1.0	
KESTGSVK	0	13575	too_close_to_test	1.0	
EESSVSKK	1	1019	too_close_to_test	1.0	
KETTGSGK	0	13099	too_close_to_test	1.0	
RESTASTK	0	9598	too_close_to_test	1.0	
TESGAVKK	1	8225	too_close_to_test	1.0	
EEKRAVKI	1	518	too_close_to_test	1.0	
QEITASKK	0	10465	too_close_to_test	1.0	
REPSASNK	0	14521	too_close_to_test	1.0	
TATIAAKS	0	8595	too_close_to_test	1.0	
AESSAVKK	1	77	too_close_to_test	1.0	
QETLASKI	0	15345	too_close_to_test	1.0	
NEATAAKK	0	15925	too_close_to_test	1.0	
EQTHAAKK	1	1954	too_close_to_test	1.0	
KETGGSKL	1	4160	too_close_to_test	1.0	
RQSTGVKR	1	8008	too_close_to_test	1.0	
EDATASCK	0	9821	too_close_to_test	1.0	
RVPNASRR	0	14556	too_close_to_test	1.0	
NETAASKT	0	13388	too_close_to_test	1.0	
PEAPGSKK	0	12301	too_close_to_test	1.0	
QETTASVK	0	8845	too_close_to_test	1.0	
EETIAAAL	1	1240	too_close_to_test	1.0	
PERSASKK	0	16698	too_close_to_test	1.0	
SESSASKL	0	10658	too_close_to_test	1.0	
EDSIAAKL	1	395	too_close_to_test	1.0	
EETLAAKL	1	1328	too_close_to_test	1.0	
KESNAVKT	1	3537	too_close_to_test	1.0	
HESTASTK	0	13823	too_close_to_test	1.0	
RETTASTD	0	14990	too_close_to_test	1.0	
RERTGSKK	0	14973	too_close_to_test	1.0	
QDTTAAKK	0	11021	too_close_to_test	1.0	
RATNAVKL	1	7159	too_close_to_test	1.0	
QENSGAKK	0	9228	too_close_to_test	1.0	
NVTTASKK	0	9000	too_close_to_test	1.0	
EATTASKT	0	12560	too_close_to_test	1.0	
EASKASKL	1	291	too_close_to_test	1.0	
RRTTASKK	0	10655	too_close_to_test	1.0	
KESNASTK	1	3502	too_close_to_test	1.0	
KESTASEN	0	10821	too_close_to_test	1.0	
KGTAASNK	0	12057	too_close_to_test	1.0	
NGTRASKK	0	14857	too_close_to_test	1.0	
KQNLAVKK	1	5333	too_close_to_test	1.0	
KSVTASKK	0	9350	too_close_to_test	1.0	
SGSTASKK	0	14180	too_close_to_test	1.0	
IETSASKD	0	15585	too_close_to_test	1.0	
KGTTASIE	0	10442	too_close_to_test	1.0	
KWATASKK	0	11784	too_close_to_test	1.0	
KETTAVKL	1	4713	too_close_to_test	1.0	
KETSASRI	0	12265	too_close_to_test	1.0	
RETDAADL	1	7616	too_close_to_test	1.0	
QEGTGSKK	0	11804	too_close_to_test	1.0	
KETSASNN	0	10906	too_close_to_test	1.0	
LESSAVKK	1	6021	too_close_to_test	1.0	
NQSTAAKL	1	6388	too_close_to_test	1.0	
RETEAADL	1	7625	too_close_to_test	1.0	
LESIASDL	1	5977	too_close_to_test	1.0	
KESAASLK	0	13087	too_close_to_test	1.0	
ADSVAAKI	1	19	too_close_to_test	1.0	
LETSASRK	0	11789	too_close_to_test	1.0	
RQSTATKS	1	8002	too_close_to_test	1.0	
REGAGVKK	1	7236	too_close_to_test	1.0	
KETIASIK	0	10219	too_close_to_test	1.0	
RETIAAAL	1	7646	too_close_to_test	1.0	
KATSASSK	0	16451	too_close_to_test	1.0	
RESIAAKQ	1	7386	too_close_to_test	1.0	
RIATASKK	0	14159	too_close_to_test	1.0	
KQNTASKK	0	13113	too_close_to_test	1.0	
KEHTGAKL	1	3006	too_close_to_test	1.0	
QETSASKQ	0	11142	too_close_to_test	1.0	
GEAAASNK	0	15540	too_close_to_test	1.0	
EESIASVT	1	708	too_close_to_test	1.0	
NPSSAPKN	0	15960	too_close_to_test	1.0	
EETRAVKT	1	1417	too_close_to_test	1.0	
KGSSAVKL	1	4932	too_close_to_test	1.0	
LDRTASKK	0	15878	too_close_to_test	1.0	
KDTTAAKL	1	2910	too_close_to_test	1.0	
KQSNASKL	1	5406	too_close_to_test	1.0	
KVTTASSK	0	13127	too_close_to_test	1.0	
RETTASKP	0	10338	too_close_to_test	1.0	
RESNAVVL	1	7446	too_close_to_test	1.0	
EENAGVKK	1	522	too_close_to_test	1.0	
RESFAVQK	1	7357	too_close_to_test	1.0	
RETRASNK	0	14983	too_close_to_test	1.0	
TETTGSNK	0	13496	too_close_to_test	1.0	
RASVAAVL	1	7142	too_close_to_test	1.0	
PETTASNT	0	15996	too_close_to_test	1.0	
TVTKATNK	0	12176	too_close_to_test	1.0	
KESIAAEL	1	3355	too_close_to_test	1.0	
KESKAAKL	1	3410	too_close_to_test	1.0	
TESWGSKL	1	8265	too_close_to_test	1.0	
PETVASKI	0	9693	too_close_to_test	1.0	
KASRAAKL	1	2603	too_close_to_test	1.0	
KPALAVKK	1	5198	too_close_to_test	1.0	
KETNAADL	1	4356	too_close_to_test	1.0	
HESTASKL	1	2267	too_close_to_test	1.0	
QKTSASKK	0	14108	too_close_to_test	1.0	
KESHAAKK	1	3335	too_close_to_test	1.0	
EESIAVKK	1	712	too_close_to_test	1.0	
ENSIASKL	1	1744	too_close_to_test	1.0	
KATIASKL	1	2665	too_close_to_test	1.0	
KQSEASKK	1	5383	too_close_to_test	1.0	
AATDASKK	0	15065	too_close_to_test	1.0	
KESVAARK	1	3928	too_close_to_test	1.0	
EESWASKL	1	1138	too_close_to_test	1.0	
EESTGAKK	1	1089	too_close_to_test	1.0	
EATIASKL	1	338	too_close_to_test	1.0	
EDASASER	0	13034	too_close_to_test	1.0	
KERTASTK	0	10245	too_close_to_test	1.0	
RPTTASKK	0	10097	too_close_to_test	1.0	
HGTNGTKK	1	2381	too_close_to_test	1.0	
HATTAVKL	1	2181	too_close_to_test	1.0	
KESSALKK	1	3725	too_close_to_test	1.0	
LESTASDL	1	6030	too_close_to_test	1.0	
KDSNAAKL	1	2800	too_close_to_test	1.0	
IETTAVKL	1	2519	too_close_to_test	1.0	
SETKASKL	1	8152	too_close_to_test	1.0	
AETTAVKR	1	156	too_close_to_test	1.0	
PETSASRK	0	11548	too_close_to_test	1.0	
KENNAVVT	1	3098	too_close_to_test	1.0	
QQSTAAKL	1	7042	too_close_to_test	1.0	
TATIASKK	0	14190	too_close_to_test	1.0	
KEASASKT	0	12430	too_close_to_test	1.0	
YGTSAEYK	0	11610	too_close_to_test	1.0	
KEPTASNQ	0	15711	too_close_to_test	1.0	
KKTAASKK	0	11664	too_close_to_test	1.0	
HEPTGSIE	0	9104	too_close_to_test	1.0	
TESKAAKL	1	8229	too_close_to_test	1.0	
KESTGAMK	0	16509	too_close_to_test	1.0	
KVTIASKK	0	14404	too_close_to_test	1.0	
KQTAASRK	0	14384	too_close_to_test	1.0	
KATAASNK	0	12588	too_close_to_test	1.0	
SEAAASNK	0	11161	too_close_to_test	1.0	
EVTTAVKK	1	2101	too_close_to_test	1.0	
EDSVASKK	1	430	too_close_to_test	1.0	
QETTGSKK	0	8710	too_close_to_test	1.0	
LETPASEK	0	16627	too_close_to_test	1.0	
EGTTRSDQ	0	11170	too_close_to_test	1.0	
EYSVAAKI	1	2107	too_close_to_test	1.0	
KESNSSKK	1	3597	too_close_to_test	1.0	
LASIAAKK	1	5932	too_close_to_test	1.0	
KVTSGSKK	0	15874	too_close_to_test	1.0	
KERTASKR	0	13894	too_close_to_test	1.0	
EKSSASKL	1	1708	too_close_to_test	1.0	
KQTAASIK	0	12069	too_close_to_test	1.0	
KSSTAAKL	1	5744	too_close_to_test	1.0	
EESSASKV	1	939	too_close_to_test	1.0	
EETFAAKR	1	1214	too_close_to_test	1.0	
KPTFGVKK	1	5256	too_close_to_test	1.0	
EETMAVKI	1	1347	too_close_to_test	1.0	
KQTHAADL	1	5590	too_close_to_test	1.0	
LEATASTK	0	12869	too_close_to_test	1.0	
MATNASKK	1	6195	too_close_to_test	1.0	
KSSSAAKL	1	5741	too_close_to_test	1.0	
TETTDAKL	1	8329	too_close_to_test	1.0	
METTATSI	0	11791	too_close_to_test	1.0	
RETTAVRL	1	7813	too_close_to_test	1.0	
KETTASLQ	0	11510	too_close_to_test	1.0	
QQRAGSKQ	0	14497	too_close_to_test	1.0	
TETTAVDL	1	8325	too_close_to_test	1.0	
KVTTASQE	0	15250	too_close_to_test	1.0	
NASTASKK	0	11005	too_close_to_test	1.0	
EQSSAAKI	1	1857	too_close_to_test	1.0	
EETRESKK	1	1427	too_close_to_test	1.0	
KESAVVKL	1	3218	too_close_to_test	1.0	
EGSIAAKL	1	1621	too_close_to_test	1.0	
KESEAVKK	1	3265	too_close_to_test	1.0	
KETRGSKT	0	10134	too_close_to_test	1.0	
KGTAASDL	1	4963	too_close_to_test	1.0	
QETTGTKK	0	15356	too_close_to_test	1.0	
KETQAAKK	1	4441	too_close_to_test	1.0	
KEFRAAKL	1	2976	too_close_to_test	1.0	
EESRASKL	1	849	too_close_to_test	1.0	
HDTSASKK	0	12777	too_close_to_test	1.0	
LESIAVKK	1	5981	too_close_to_test	1.0	
QETRGVKK	1	6859	too_close_to_test	1.0	
KETLASDL	1	4323	too_close_to_test	1.0	
KDTAASKL	0	14312	too_close_to_test	1.0	
KVATASNK	0	9856	too_close_to_test	1.0	
KETIAADS	1	4203	too_close_to_test	1.0	
WETRASKL	1	8431	too_close_to_test	1.0	
KETRAAKM	1	4449	too_close_to_test	1.0	
EDTNAVKK	1	452	too_close_to_test	1.0	
REAAASNK	0	8891	too_close_to_test	1.0	
KETEATKL	1	4113	too_close_to_test	1.0	
DETIAAKI	1	244	too_close_to_test	1.0	
LATTVSKK	0	9077	too_close_to_test	1.0	
KGITASKK	0	10629	too_close_to_test	1.0	
QPSSAPKK	0	9916	too_close_to_test	1.0	
KQTSAAKS	0	11527	too_close_to_test	1.0	
EQYSAAKL	1	2014	too_close_to_test	1.0	
LETTASGK	0	15891	too_close_to_test	1.0	
YENTASKK	0	11972	too_close_to_test	1.0	
KEKSASKL	1	3041	too_close_to_test	1.0	
KRSRASKK	0	14392	too_close_to_test	1.0	
PETAASRK	0	9730	too_close_to_test	1.0	
TEIPASMR	0	11828	too_close_to_test	1.0	
KETRASKN	0	10496	too_close_to_test	1.0	
RQSIAVKK	1	7976	too_close_to_test	1.0	
KETTASMK	0	9669	too_close_to_test	1.0	
KSTHAAKK	1	5756	too_close_to_test	1.0	
TETIASKI	0	16282	too_close_to_test	1.0	
KETTRSKK	0	9853	too_close_to_test	1.0	
HESSAAKL	1	2248	too_close_to_test	1.0	
YETSAVKK	1	8453	too_close_to_test	1.0	
IETLASKK	0	16425	too_close_to_test	1.0	
RDSTASNK	0	14510	too_close_to_test	1.0	
RETEASKK	1	7628	too_close_to_test	1.0	
GETIAADL	0	10273	too_close_to_test	1.0	
KVTTASKI	0	9440	too_close_to_test	1.0	
TVTTASKT	0	14585	too_close_to_test	1.0	
KETTASLR	0	11099	too_close_to_test	1.0	
KESAASHK	0	9274	too_close_to_test	1.0	
TETTASYV	0	11261	too_close_to_test	1.0	
NQSTASKK	0	12892	too_close_to_test	1.0	
KETTASAE	0	14756	too_close_to_test	1.0	
KDATASKK	0	8713	too_close_to_test	1.0	
KETSAATL	1	4559	too_close_to_test	1.0	
EESTASNK	0	14253	too_close_to_test	1.0	
KQTEAVKL	1	5584	too_close_to_test	1.0	
SESHASKL	1	8116	too_close_to_test	1.0	
IPTGGVKL	1	2540	too_close_to_test	1.0	
QETLAAKL	1	6821	too_close_to_test	1.0	
RETTAVDL	1	7793	too_close_to_test	1.0	
KETPASMK	0	12260	too_close_to_test	1.0	
KAASAVKL	1	2558	too_close_to_test	1.0	
QESTAVKR	1	6718	too_close_to_test	1.0	
RESKAVKK	1	7403	too_close_to_test	1.0	
QPTTASKI	0	14112	too_close_to_test	1.0	
KETSGSDL	1	4646	too_close_to_test	1.0	
QEITASNQ	1	6548	too_close_to_test	1.0	
HESWDSKK	1	2288	too_close_to_test	1.0	
KEVSASKK	0	11657	too_close_to_test	1.0	
QESDASNK	0	11805	too_close_to_test	1.0	
KQSLAVKK	1	5398	too_close_to_test	1.0	
KESTASRR	0	12040	too_close_to_test	1.0	
NESIAVKK	1	6279	too_close_to_test	1.0	
SEAPASKK	0	16891	too_close_to_test	1.0	
KESEATKK	1	3264	too_close_to_test	1.0	
HESWGSRL	1	2308	too_close_to_test	1.0	
NESTAVKL	1	6312	too_close_to_test	1.0	
EPTLGVKK	1	1797	too_close_to_test	1.0	
KSTAATKK	1	5751	too_close_to_test	1.0	
KETNSSNL	1	4423	too_close_to_test	1.0	
TDTLASLE	0	12996	too_close_to_test	1.0	
EPTTAVDL	1	1803	too_close_to_test	1.0	
KQSWGSKK	1	5480	too_close_to_test	1.0	
KQTSAAKR	0	8465	too_close_to_test	1.0	
KPTTASKK	0	8858	too_close_to_test	1.0	
RESIASKK	0	8763	too_close_to_test	1.0	
QETRASRK	0	16068	too_close_to_test	1.0	
NEPTASQK	0	8867	too_close_to_test	1.0	
QETDAADL	1	6760	too_close_to_test	1.0	
RESNAVKI	1	7430	too_close_to_test	1.0	
KERAASKK	0	11872	too_close_to_test	1.0	
KGTTASKK	0	8505	too_close_to_test	1.0	
METIASKK	0	13380	too_close_to_test	1.0	
KTPSASKK	0	8848	too_close_to_test	1.0	
PEATASKK	0	8879	too_close_to_test	1.0	
EQSAGAKL	1	1823	too_close_to_test	1.0	
EEPTASKI	0	12394	too_close_to_test	1.0	
KGTAASEK	0	11104	too_close_to_test	1.0	
EETTASDK	0	13039	too_close_to_test	1.0	
QETRAVKS	1	6857	too_close_to_test	1.0	
VESSASKK	0	8960	too_close_to_test	1.0	
KQGTGVKK	1	5325	too_close_to_test	1.0	
MQAPGSKD	0	16647	too_close_to_test	1.0	
KENNAVKS	1	3089	too_close_to_test	1.0	
KETTASAI	0	14757	too_close_to_test	1.0	
RGSIAAKK	1	7860	too_close_to_test	1.0	
QPTMAAKK	0	16792	too_close_to_test	1.0	
RHRTASKK	1	7899	too_close_to_test	1.0	
KQTTAAKL	1	5660	too_close_to_test	1.0	
KETIAGDL	1	4234	too_close_to_test	1.0	
KETTGSVK	0	10497	too_close_to_test	1.0	
PETTASKT	0	10067	too_close_to_test	1.0	
KETFDAKL	1	4147	too_close_to_test	1.0	
LQTSASKK	0	11684	too_close_to_test	1.0	
KETSAVVR	1	4622	too_close_to_test	1.0	
KQSAVVKL	1	5371	too_close_to_test	1.0	
EETTDAKL	1	1544	too_close_to_test	1.0	
KGTNASKN	0	10911	too_close_to_test	1.0	
KETTESDL	1	4747	too_close_to_test	1.0	
PRATASKI	0	16017	too_close_to_test	1.0	
RVSIAAKL	1	8084	too_close_to_test	1.0	
KHSSAAKL	1	5045	too_close_to_test	1.0	
KDTEASKL	1	2861	too_close_to_test	1.0	
KEGTGSKK	0	9532	too_close_to_test	1.0	
QETTASKT	0	8927	too_close_to_test	1.0	
EESAASDL	1	584	too_close_to_test	1.0	
REKIAADL	1	7258	too_close_to_test	1.0	
TESIAAKL	1	8227	too_close_to_test	1.0	
EESSDAKI	1	986	too_close_to_test	1.0	
LESIASKK	0	11213	too_close_to_test	1.0	
GESRAAKK	1	2130	too_close_to_test	1.0	
KPTEASKR	0	10398	too_close_to_test	1.0	
KETSGTKK	0	11095	too_close_to_test	1.0	
LQTTASKK	0	10403	too_close_to_test	1.0	
RDTNASRK	0	12515	too_close_to_test	1.0	
EESSASTK	0	16367	too_close_to_test	1.0	
KEPLASKT	0	15168	too_close_to_test	1.0	
PEATASIK	0	14869	too_close_to_test	1.0	
HEVSAAKL	1	2376	too_close_to_test	1.0	
NDAPASKK	0	15919	too_close_to_test	1.0	
LESRGAKL	1	6012	too_close_to_test	1.0	
KATAAVKL	1	2652	too_close_to_test	1.0	
PDRRASKT	0	8948	too_close_to_test	1.0	
QGTTASVK	0	11939	too_close_to_test	1.0	
KQTDAVKA	1	5529	too_close_to_test	1.0	
KQSDAAKL	1	5377	too_close_to_test	1.0	
EDSVASNL	0	11467	too_close_to_test	1.0	
EATAAVKK	1	323	too_close_to_test	1.0	
RESNGVKK	1	7450	too_close_to_test	1.0	
TGTTASEK	0	14216	too_close_to_test	1.0	
MESSASKL	0	9625	too_close_to_test	1.0	
AESEAANK	1	33	too_close_to_test	1.0	
RETTASVN	0	11582	too_close_to_test	1.0	
EDTTAADL	1	460	too_close_to_test	1.0	
RETAASNN	0	16175	too_close_to_test	1.0	
PETTASTQ	0	14061	too_close_to_test	1.0	
HETSASVK	0	16404	too_close_to_test	1.0	
KETMASVL	1	4343	too_close_to_test	1.0	
KGSEASKL	1	4908	too_close_to_test	1.0	
AETGAVKK	1	102	too_close_to_test	1.0	
EETIAATK	1	1269	too_close_to_test	1.0	
RDTTASLK	0	16817	too_close_to_test	1.0	
KKSTAAKL	1	5086	too_close_to_test	1.0	
KESEAVVK	1	3267	too_close_to_test	1.0	
KATAGSKK	0	15622	too_close_to_test	1.0	
KETRAARL	1	4454	too_close_to_test	1.0	
HDTAASKK	0	14641	too_close_to_test	1.0	
RETTAAKL	1	7779	too_close_to_test	1.0	
RESLAVKK	1	7408	too_close_to_test	1.0	
TQTTASKK	0	9219	too_close_to_test	1.0	
RDTPAAEI	0	8853	too_close_to_test	1.0	
KQSEASKL	1	5384	too_close_to_test	1.0	
KESSASVL	1	3750	too_close_to_test	1.0	
HETAASNK	0	9155	too_close_to_test	1.0	
KAPTASNN	0	9963	too_close_to_test	1.0	
KETKDSKR	1	4313	too_close_to_test	1.0	
QECTGSKL	1	6540	too_close_to_test	1.0	
KGSAASKK	0	9968	too_close_to_test	1.0	
EEPSASTK	0	12754	too_close_to_test	1.0	
YEQTASKK	0	9579	too_close_to_test	1.0	
EETTDVKK	1	1548	too_close_to_test	1.0	
QQSRAADL	1	7030	too_close_to_test	1.0	
EESMATKR	1	755	too_close_to_test	1.0	
RESIGSKK	1	7397	too_close_to_test	1.0	
QETTAAVL	1	6882	too_close_to_test	1.0	
KVRTASIK	0	14400	too_close_to_test	1.0	
KGPTASIK	0	13607	too_close_to_test	1.0	
SETNGAKL	0	11452	too_close_to_test	1.0	
KQSNASDL	1	5405	too_close_to_test	1.0	
GESFAVKL	1	2124	too_close_to_test	1.0	
EESSASIL	1	929	too_close_to_test	1.0	
KDPAASKK	0	10685	too_close_to_test	1.0	
KEREAVKL	1	3143	too_close_to_test	1.0	
QGTTASIR	0	16092	too_close_to_test	1.0	
KEPTASKM	0	11187	too_close_to_test	1.0	
NETIASGK	0	14845	too_close_to_test	1.0	
QQTTASKR	0	10782	too_close_to_test	1.0	
QETRASHK	0	11429	too_close_to_test	1.0	
REKRAVKI	1	7259	too_close_to_test	1.0	
RETRGSKK	0	8602	too_close_to_test	1.0	
EESSAVKM	1	969	too_close_to_test	1.0	
YELTASKK	0	14234	too_close_to_test	1.0	
TETVASKL	1	8333	too_close_to_test	1.0	
KDSVAVKK	1	2847	too_close_to_test	1.0	
IETKASKI	0	14286	too_close_to_test	1.0	
EESFAVKS	1	656	too_close_to_test	1.0	
KEDTASKK	0	10387	too_close_to_test	1.0	
AEPTASRS	0	8705	too_close_to_test	1.0	
RESLAAKL	1	7406	too_close_to_test	1.0	
QATTASKQ	0	11555	too_close_to_test	1.0	
KASIAADL	1	2577	too_close_to_test	1.0	
KESRSSKK	1	3709	too_close_to_test	1.0	
AETTASKI	0	13032	too_close_to_test	1.0	
KETFAATK	1	4134	too_close_to_test	1.0	
FESNAVKL	1	2110	too_close_to_test	1.0	
TEATASKR	0	16910	too_close_to_test	1.0	
QESSASVK	0	15335	too_close_to_test	1.0	
AETYASKL	1	164	too_close_to_test	1.0	
KEATASNT	0	13877	too_close_to_test	1.0	
EATIAAVL	1	336	too_close_to_test	1.0	
QDRSASYN	0	9891	too_close_to_test	1.0	
RQSEAAKK	1	7971	too_close_to_test	1.0	
QGTPASNK	0	16785	too_close_to_test	1.0	
TPTAASKR	0	13017	too_close_to_test	1.0	
TGTTASKL	0	12378	too_close_to_test	1.0	
KETTPAKL	1	4766	too_close_to_test	1.0	
EESTGSKR	0	8709	too_close_to_test	1.0	
IDTTAVKK	1	2421	too_close_to_test	1.0	
RETTAVKE	1	7797	too_close_to_test	1.0	
KETRASDL	1	4465	too_close_to_test	1.0	
KETIAIKL	1	4237	too_close_to_test	1.0	
EPTGAAKL	1	1783	too_close_to_test	1.0	
KETPASNQ	0	14748	too_close_to_test	1.0	
QETAAAKI	1	6753	too_close_to_test	1.0	
EEREAVKK	1	558	too_close_to_test	1.0	
KESVASKL	1	3938	too_close_to_test	1.0	
TDASASKK	0	13481	too_close_to_test	1.0	
DESWGSKK	1	240	too_close_to_test	1.0	
NEATASKN	0	14438	too_close_to_test	1.0	
TETSASNK	0	10740	too_close_to_test	1.0	
TGTSASNK	0	13014	too_close_to_test	1.0	
RETCASKK	0	12712	too_close_to_test	1.0	
KATKASKK	0	14683	too_close_to_test	1.0	
EITAASKK	0	12767	too_close_to_test	1.0	
TETTASNE	0	14212	too_close_to_test	1.0	
KETRAVVT	1	4513	too_close_to_test	1.0	
KDTTATKK	0	10105	too_close_to_test	1.0	
KETMASDL	1	4341	too_close_to_test	1.0	
TQSTASKK	0	12174	too_close_to_test	1.0	
RETIAAKM	1	7656	too_close_to_test	1.0	
TQTDAVDL	1	8369	too_close_to_test	1.0	
KETIASEK	0	14347	too_close_to_test	1.0	
KETVTSKL	1	4843	too_close_to_test	1.0	
KETRVVKK	1	4547	too_close_to_test	1.0	
KEISASKK	0	9777	too_close_to_test	1.0	
RHSRAAKK	1	7902	too_close_to_test	1.0	
KETRASVT	1	4471	too_close_to_test	1.0	
EPTGGVKN	1	1792	too_close_to_test	1.0	
QESIAAKL	1	6607	too_close_to_test	1.0	
QETVASKL	1	6900	too_close_to_test	1.0	
RELTASKK	0	14129	too_close_to_test	1.0	
RTTTATKK	0	13468	too_close_to_test	1.0	
RAPTASKK	0	13708	too_close_to_test	1.0	
RVSNAAKI	1	8085	too_close_to_test	1.0	
KETTASDP	1	4692	too_close_to_test	1.0	
KESGDAKK	1	3325	too_close_to_test	1.0	
EGNTAVKK	1	1617	too_close_to_test	1.0	
QETTAANK	0	9413	too_close_to_test	1.0	
LETTASSK	0	13648	too_close_to_test	1.0	
KLTTAAKK	0	9392	too_close_to_test	1.0	
KQRTAVKK	1	5348	too_close_to_test	1.0	
NETTAAKL	0	9315	too_close_to_test	1.0	
NPTTAVKK	1	6382	too_close_to_test	1.0	
KVATASKK	0	9115	too_close_to_test	1.0	
HETAASKI	0	14274	too_close_to_test	1.0	
EETPASKN	0	13251	too_close_to_test	1.0	
TESNAVKL	1	8240	too_close_to_test	1.0	
EESTGEKL	1	1098	too_close_to_test	1.0	
KASVGAKL	1	2640	too_close_to_test	1.0	
PAASASKK	0	16687	too_close_to_test	1.0	
QEATASKK	0	8714	too_close_to_test	1.0	
QATTASEK	0	11553	too_close_to_test	1.0	
EESSAVDL	1	963	too_close_to_test	1.0	
VESNAVKL	1	8396	too_close_to_test	1.0	
RESNAAKM	1	7422	too_close_to_test	1.0	
QESSASEK	0	16053	too_close_to_test	1.0	
KESDASKL	1	3234	too_close_to_test	1.0	
RQSTAVKK	1	8004	too_close_to_test	1.0	
IEPTASEK	0	13834	too_close_to_test	1.0	
PPASASKK	0	16012	too_close_to_test	1.0	
KGATASKL	0	13944	too_close_to_test	1.0	
VESDAVKK	1	8390	too_close_to_test	1.0	
KQAAASKK	0	15820	too_close_to_test	1.0	
KETNVSKK	0	16524	too_close_to_test	1.0	
PGTAASKK	0	11322	too_close_to_test	1.0	
ESTTAAKL	1	2045	too_close_to_test	1.0	
KENSASKK	0	10321	too_close_to_test	1.0	
KGTVASVL	1	5029	too_close_to_test	1.0	
HGTTAVKK	1	2382	too_close_to_test	1.0	
EESDAVKL	1	617	too_close_to_test	1.0	
KEATASEK	0	9406	too_close_to_test	1.0	
GETTAVKL	1	2154	too_close_to_test	1.0	
KYTHAAKL	1	5926	too_close_to_test	1.0	
EQSDAAKK	1	1827	too_close_to_test	1.0	
KQSSAADL	1	5427	too_close_to_test	1.0	
QENNAAKL	1	6554	too_close_to_test	1.0	
KETAAVKL	1	4048	too_close_to_test	1.0	
PATPATKK	0	15287	too_close_to_test	1.0	
TETIASHQ	0	11455	too_close_to_test	1.0	
QESFAAKL	1	6584	too_close_to_test	1.0	
EESTATKI	1	1059	too_close_to_test	1.0	
QATAASNK	0	14893	too_close_to_test	1.0	
TQDTASII	0	16308	too_close_to_test	1.0	
RGTTATGK	0	11719	too_close_to_test	1.0	
SDSVAAKI	1	8102	too_close_to_test	1.0	
DETIAAKK	1	245	too_close_to_test	1.0	
KESNASKK	1	3495	too_close_to_test	1.0	
NDTAASKK	0	14019	too_close_to_test	1.0	
EQTLVVKR	1	1969	too_close_to_test	1.0	
KQTEASTK	1	5581	too_close_to_test	1.0	
MEGTKSQK	0	16642	too_close_to_test	1.0	
QQTTASVK	0	12510	too_close_to_test	1.0	
EESVATKK	1	1127	too_close_to_test	1.0	
KETAAVKM	1	4049	too_close_to_test	1.0	
RESFAAKS	1	7326	too_close_to_test	1.0	
HETTASQK	0	12406	too_close_to_test	1.0	
GESTAVKM	1	2137	too_close_to_test	1.0	
GGTTASEN	0	16391	too_close_to_test	1.0	
TETRAVKI	1	8301	too_close_to_test	1.0	
TETNASKK	0	8494	too_close_to_test	1.0	
TSAAATKG	0	13775	too_close_to_test	1.0	
TGTTASKI	0	13015	too_close_to_test	1.0	
KQTTASKV	0	16597	too_close_to_test	1.0	
REATASRK	0	10153	too_close_to_test	1.0	
TNIPAPKK	0	8462	too_close_to_test	1.0	
KSTSAVKL	1	5774	too_close_to_test	1.0	
REARASKQ	0	12517	too_close_to_test	1.0	
QETEASKL	1	6773	too_close_to_test	1.0	
TEAAASKK	0	11826	too_close_to_test	1.0	
KEIRASIK	0	9641	too_close_to_test	1.0	
TATTASKN	0	15440	too_close_to_test	1.0	
RESSASKN	0	14522	too_close_to_test	1.0	
VETSASKK	0	13025	too_close_to_test	1.0	
EGTAASKK	0	12398	too_close_to_test	1.0	
PETTASAK	0	12306	too_close_to_test	1.0	
EETSDSVK	1	1475	too_close_to_test	1.0	
KETGASKR	0	15741	too_close_to_test	1.0	
KESAASKS	0	13568	too_close_to_test	1.0	
TATVAAKL	1	8203	too_close_to_test	1.0	
RDASASKK	0	12344	too_close_to_test	1.0	
KETDAADL	1	4078	too_close_to_test	1.0	
LEPTGSIE	0	8947	too_close_to_test	1.0	
PESTASKK	0	8669	too_close_to_test	1.0	
LESTGAKK	0	16626	too_close_to_test	1.0	
TETPASKN	0	13494	too_close_to_test	1.0	
QPTGGVKL	1	7001	too_close_to_test	1.0	
DATTASKK	0	14602	too_close_to_test	1.0	
IETRAVKL	1	2512	too_close_to_test	1.0	
KVTAASRE	0	8696	too_close_to_test	1.0	
EEPTGSKK	0	12756	too_close_to_test	1.0	
LESIASRL	0	8503	too_close_to_test	1.0	
KEATATKK	0	16478	too_close_to_test	1.0	
IEPSASKK	0	13056	too_close_to_test	1.0	
KGTSASNK	0	10180	too_close_to_test	1.0	
NATVASKL	1	6253	too_close_to_test	1.0	
QETTASTK	0	8911	too_close_to_test	1.0	
EESWGAKL	1	1141	too_close_to_test	1.0	
RETTAADL	1	7776	too_close_to_test	1.0	
PETRGSKK	0	8806	too_close_to_test	1.0	
EESIAVDL	1	710	too_close_to_test	1.0	
VESKAVKL	1	8393	too_close_to_test	1.0	
KETWAAKL	1	4847	too_close_to_test	1.0	
SETSAVKK	1	8161	too_close_to_test	1.0	
QGTTASTE	0	16786	too_close_to_test	1.0	
KQSYAADL	1	5485	too_close_to_test	1.0	
RGTMASKK	0	16208	too_close_to_test	1.0	
KESWASKL	1	3975	too_close_to_test	1.0	
TGTTASIK	0	10949	too_close_to_test	1.0	
KESIAAKP	1	3362	too_close_to_test	1.0	
IDAIGSKL	0	16413	too_close_to_test	1.0	
KQTNAVKR	1	5635	too_close_to_test	1.0	
KKTTAAKK	0	13340	too_close_to_test	1.0	
QETTATKR	0	14924	too_close_to_test	1.0	
PGTTASRT	0	14468	too_close_to_test	1.0	
RVTTASKK	0	8643	too_close_to_test	1.0	
KGPAASKK	0	10762	too_close_to_test	1.0	
TGKTASKK	0	16294	too_close_to_test	1.0	
IESRAAKL	1	2467	too_close_to_test	1.0	
PDTSASKK	0	12484	too_close_to_test	1.0	
EQTVAAKL	1	2005	too_close_to_test	1.0	
EETPSSKK	1	1388	too_close_to_test	1.0	
KEASASIK	0	11087	too_close_to_test	1.0	
EEAPASKK	0	14620	too_close_to_test	1.0	
NDSTAVKK	1	6260	too_close_to_test	1.0	
KESNALKK	1	3489	too_close_to_test	1.0	
KVTTVSIK	1	5915	too_close_to_test	1.0	
EETMAVKL	1	1349	too_close_to_test	1.0	
PGTTASTK	0	12906	too_close_to_test	1.0	
RETSASIK	0	9236	too_close_to_test	1.0	
KETAASKS	0	10053	too_close_to_test	1.0	
METNSSKK	1	6230	too_close_to_test	1.0	
KESRATKA	1	3658	too_close_to_test	1.0	
KETTAVKR	1	4717	too_close_to_test	1.0	
QSSRAAKK	1	7089	too_close_to_test	1.0	
EESAATKL	1	591	too_close_to_test	1.0	
QETTASKP	0	16077	too_close_to_test	1.0	
KETSASKI	0	8487	too_close_to_test	1.0	
RESTASRK	0	10234	too_close_to_test	1.0	
KDTSASCK	1	2902	too_close_to_test	1.0	
IETIAADL	0	9962	too_close_to_test	1.0	
KESTASMK	0	12443	too_close_to_test	1.0	
KEPPGSKK	0	14722	too_close_to_test	1.0	
LESAASKK	0	8743	too_close_to_test	1.0	
EESWGSKS	1	1149	too_close_to_test	1.0	
KLTNAVKR	1	5135	too_close_to_test	1.0	
KERTASRK	0	13315	too_close_to_test	1.0	
TETLASKK	0	16283	too_close_to_test	1.0	
QGTAASKK	0	9613	too_close_to_test	1.0	
QETTASKM	0	11332	too_close_to_test	1.0	
TETSAAKK	0	12738	too_close_to_test	1.0	
KETMATKK	1	4344	too_close_to_test	1.0	
PESNAVKL	1	6422	too_close_to_test	1.0	
LVHAAPSK	0	15899	too_close_to_test	1.0	
KESAASIL	1	3192	too_close_to_test	1.0	
KESTGSKI	0	15182	too_close_to_test	1.0	
KETYDSDR	1	4866	too_close_to_test	1.0	
IESTAASL	1	2477	too_close_to_test	1.0	
RQDTASKK	0	11450	too_close_to_test	1.0	
RESTATKL	1	7538	too_close_to_test	1.0	
HESWGVKK	1	2311	too_close_to_test	1.0	
EPNTAVKK	1	1763	too_close_to_test	1.0	
KETFDAKR	1	4148	too_close_to_test	1.0	
KGTAAVKK	1	4966	too_close_to_test	1.0	
EVTHDAKL	1	2091	too_close_to_test	1.0	
QDTTASKT	0	11931	too_close_to_test	1.0	
EETSGVKK	1	1483	too_close_to_test	1.0	
SESTAADL	1	8129	too_close_to_test	1.0	
QETIAVKR	1	6808	too_close_to_test	1.0	
TVTTASKL	0	15473	too_close_to_test	1.0	
KETRAVKM	1	4489	too_close_to_test	1.0	
HETTAVKK	1	2365	too_close_to_test	1.0	
KESMATKL	1	3454	too_close_to_test	1.0	
KETRGSIK	0	11296	too_close_to_test	1.0	
AESNAVKL	1	53	too_close_to_test	1.0	
KESFGSKK	1	3308	too_close_to_test	1.0	
KKSNAVKK	1	5072	too_close_to_test	1.0	
QETRASIK	0	15348	too_close_to_test	1.0	
RETNDAKK	1	7715	too_close_to_test	1.0	
KDTTAATI	0	8989	too_close_to_test	1.0	
KQSVAVKL	1	5479	too_close_to_test	1.0	
TETTAARL	1	8321	too_close_to_test	1.0	
KETTGSNN	0	13939	too_close_to_test	1.0	
QETTGSRK	0	16083	too_close_to_test	1.0	
KITTAVKK	1	5060	too_close_to_test	1.0	
KETLAVDL	1	4327	too_close_to_test	1.0	
EQNDAVKK	1	1815	too_close_to_test	1.0	
KQTTASEK	0	10552	too_close_to_test	1.0	
IETKASKK	0	15583	too_close_to_test	1.0	
HQTVAAKL	1	2405	too_close_to_test	1.0	
KESEASIK	1	3257	too_close_to_test	1.0	
NESTASKN	0	14025	too_close_to_test	1.0	
KETNASKI	0	9685	too_close_to_test	1.0	
KANAASKK	0	9100	too_close_to_test	1.0	
EESNAASL	1	770	too_close_to_test	1.0	
SETSASRK	0	15011	too_close_to_test	1.0	
PETAASKR	0	10715	too_close_to_test	1.0	
NESIASKL	1	6278	too_close_to_test	1.0	
VESTASKL	1	8402	too_close_to_test	1.0	
EDATASKK	0	11071	too_close_to_test	1.0	
QESTASDK	0	8988	too_close_to_test	1.0	
KATIGSKK	1	2681	too_close_to_test	1.0	
SETTAVKL	1	8168	too_close_to_test	1.0	
KGSTASNK	0	10441	too_close_to_test	1.0	
DETSAVKL	1	251	too_close_to_test	1.0	
RDSTASRN	0	11339	too_close_to_test	1.0	
KESAHVKK	1	3212	too_close_to_test	1.0	
KEPTGSIK	0	9207	too_close_to_test	1.0	
QETIASIK	0	16059	too_close_to_test	1.0	
KERIAVKK	1	3150	too_close_to_test	1.0	
RETNSTKK	1	7726	too_close_to_test	1.0	
RRTDAVKI	0	11954	too_close_to_test	1.0	
QESWGSKK	1	6745	too_close_to_test	1.0	
KESTAVRL	1	3863	too_close_to_test	1.0	
QETKAAKL	1	6814	too_close_to_test	1.0	
KDTTDSKW	0	12599	too_close_to_test	1.0	
EETTAAKI	1	1493	too_close_to_test	1.0	
IETAASKL	0	10353	too_close_to_test	1.0	
GQTSAAKR	0	10276	too_close_to_test	1.0	
KQAPGSKK	0	12460	too_close_to_test	1.0	
SETAASNK	0	13747	too_close_to_test	1.0	
EGTPASKK	0	10605	too_close_to_test	1.0	
IELAAVKL	1	2429	too_close_to_test	1.0	
QNTVAVKL	1	6972	too_close_to_test	1.0	
EESTAAKM	1	1029	too_close_to_test	1.0	
GETTAVKK	1	2153	too_close_to_test	1.0	
KVTTASKL	0	10089	too_close_to_test	1.0	
ESTIAAKS	1	2040	too_close_to_test	1.0	
EQTDAAKI	1	1926	too_close_to_test	1.0	
AESVAAKL	1	89	too_close_to_test	1.0	
NESSASEK	0	12881	too_close_to_test	1.0	
EETVASKL	1	1580	too_close_to_test	1.0	
LDVAAAVR	0	15879	too_close_to_test	1.0	
KESIASDL	1	3373	too_close_to_test	1.0	
KQTRAVKK	1	5644	too_close_to_test	1.0	
KESRAAKS	1	3635	too_close_to_test	1.0	
LPTGGVKK	0	13651	too_close_to_test	1.0	
TETSAAEK	0	9095	too_close_to_test	1.0	
MQTDAVKL	1	6246	too_close_to_test	1.0	
KEATASEE	0	14322	too_close_to_test	1.0	
KPTTAVNK	1	5306	too_close_to_test	1.0	
KNTTAVKK	1	5180	too_close_to_test	1.0	
KESHAAKS	1	3337	too_close_to_test	1.0	
RPTSASKK	0	15412	too_close_to_test	1.0	
KDTTAVKQ	1	2919	too_close_to_test	1.0	
QEARASIK	0	8805	too_close_to_test	1.0	
QGTTAAKK	0	11335	too_close_to_test	1.0	
SEYTASKK	1	8173	too_close_to_test	1.0	
DESQASKI	1	220	too_close_to_test	1.0	
LEITASKK	0	13996	too_close_to_test	1.0	
RETNAADI	0	8506	too_close_to_test	1.0	
EESAAVKI	1	594	too_close_to_test	1.0	
NESAASVK	0	16665	too_close_to_test	1.0	
KESFAVKK	1	3291	too_close_to_test	1.0	
EDSTASKN	0	15499	too_close_to_test	1.0	
SENAASKH	0	11347	too_close_to_test	1.0	
HEIWGSKK	1	2197	too_close_to_test	1.0	
GDATASKK	0	15538	too_close_to_test	1.0	
RQSTASKL	1	7998	too_close_to_test	1.0	
MQVSAAQK	0	15910	too_close_to_test	1.0	
KETVVSKL	1	4845	too_close_to_test	1.0	
TEATASKI	0	13752	too_close_to_test	1.0	
KESPASTK	0	13571	too_close_to_test	1.0	
EDTRAVKI	1	453	too_close_to_test	1.0	
NQTDAVKK	1	6392	too_close_to_test	1.0	
KERNAVKK	1	3157	too_close_to_test	1.0	
KASIGSKK	1	2587	too_close_to_test	1.0	
RACTASKK	0	12339	too_close_to_test	1.0	
KEATASLK	0	9907	too_close_to_test	1.0	
QETIAAKK	1	6791	too_close_to_test	1.0	
IPSSASKK	1	2539	too_close_to_test	1.0	
QQTIASKK	0	14114	too_close_to_test	1.0	
PETTASRR	0	14878	too_close_to_test	1.0	
KPNTAVKL	1	5215	too_close_to_test	1.0	
KQTAASWK	0	10997	too_close_to_test	1.0	
KESAATKR	1	3199	too_close_to_test	1.0	
RETVGAKL	1	7847	too_close_to_test	1.0	
EESSASDK	1	923	too_close_to_test	1.0	
RQTDASKL	1	8021	too_close_to_test	1.0	
SPTGGVKK	0	12539	too_close_to_test	1.0	
TVPTASKK	0	15049	too_close_to_test	1.0	
TESTAAKL	0	9058	too_close_to_test	1.0	
GETTASEK	0	11473	too_close_to_test	1.0	
HEAVASKL	1	2196	too_close_to_test	1.0	
KQTIAVKI	1	5610	too_close_to_test	1.0	
QGSTASIK	0	16782	too_close_to_test	1.0	
KDTTASIK	0	8722	too_close_to_test	1.0	
HETTASRL	0	13826	too_close_to_test	1.0	
KESSDAKR	1	3772	too_close_to_test	1.0	
TESNAVDL	1	8237	too_close_to_test	1.0	
KDTTAVDL	1	2913	too_close_to_test	1.0	
KEATASYQ	0	13561	too_close_to_test	1.0	
KESNDAKK	1	3567	too_close_to_test	1.0	
SESSASSK	0	10733	too_close_to_test	1.0	
RDSDAAKK	1	7180	too_close_to_test	1.0	
AATVASKL	1	15	too_close_to_test	1.0	
EAVNAVKK	1	372	too_close_to_test	1.0	
QQACASKK	0	11565	too_close_to_test	1.0	
RESRAAKK	1	7460	too_close_to_test	1.0	
KETDATKL	1	4091	too_close_to_test	1.0	
EETSASKI	0	10887	too_close_to_test	1.0	
TAPTASKK	0	12992	too_close_to_test	1.0	
PQAPGSKD	0	10193	too_close_to_test	1.0	
KDTTDSKK	0	10896	too_close_to_test	1.0	
MQVSAAIK	0	16648	too_close_to_test	1.0	
KQTLAAKK	1	5620	too_close_to_test	1.0	
QETVAVKI	1	6903	too_close_to_test	1.0	
KETIAAIK	0	12255	too_close_to_test	1.0	
KEPPASKK	0	9150	too_close_to_test	1.0	
KGTTASNQ	0	9572	too_close_to_test	1.0	
RETRAVKL	1	7740	too_close_to_test	1.0	
KQAAASVK	0	8922	too_close_to_test	1.0	
KGTTASMK	0	15222	too_close_to_test	1.0	
KESSASIQ	0	15175	too_close_to_test	1.0	
QDTMAEKT	0	8813	too_close_to_test	1.0	
KQTHAAKL	1	5593	too_close_to_test	1.0	
GNIPAPKK	0	9742	too_close_to_test	1.0	
PDAPASKK	0	15976	too_close_to_test	1.0	
KDTTASRI	0	14317	too_close_to_test	1.0	
KETLASTK	0	13093	too_close_to_test	1.0	
LQPSASKK	0	16640	too_close_to_test	1.0	
RETEASKL	1	7629	too_close_to_test	1.0	
IGTTASTK	0	12792	too_close_to_test	1.0	
QDRTASKK	0	16741	too_close_to_test	1.0	
SETTASKI	0	10305	too_close_to_test	1.0	
EPAAGVKK	1	1757	too_close_to_test	1.0	
KESREAKK	1	3689	too_close_to_test	1.0	
EVTTAVKI	1	2100	too_close_to_test	1.0	
GETNGAKL	0	15544	too_close_to_test	1.0	
SESAASKK	0	11348	too_close_to_test	1.0	
KESTASRK	0	9043	too_close_to_test	1.0	
KGTTASTV	0	10993	too_close_to_test	1.0	
KEFTASKL	1	2978	too_close_to_test	1.0	
KEPSASKN	0	13567	too_close_to_test	1.0	
RETVASKM	1	7841	too_close_to_test	1.0	
KETRASKK	1	4467	too_close_to_test	1.0	
KESSAARL	1	3721	too_close_to_test	1.0	
RVSTAAKL	0	13208	too_close_to_test	1.0	
GETIAVKK	1	2145	too_close_to_test	1.0	
RETSASKT	0	12716	too_close_to_test	1.0	
TESRAADL	1	8245	too_close_to_test	1.0	
KEYRASKS	0	13100	too_close_to_test	1.0	
KETTGSNK	0	8909	too_close_to_test	1.0	
QETTASIE	0	9894	too_close_to_test	1.0	
EESTAAQL	1	1033	too_close_to_test	1.0	
KESGGVKK	1	3330	too_close_to_test	1.0	
KQTMAAKL	1	5628	too_close_to_test	1.0	
RETIATDL	1	7668	too_close_to_test	1.0	
PETTASIQ	0	16703	too_close_to_test	1.0	
QQTIAVKK	1	7063	too_close_to_test	1.0	
KRSPASVN	0	11898	too_close_to_test	1.0	
DETTASKL	0	14606	too_close_to_test	1.0	
SDATASKK	0	8607	too_close_to_test	1.0	
PETTAAKK	0	9813	too_close_to_test	1.0	
LRTNAQTK	0	14425	too_close_to_test	1.0	
PESWGSKL	1	6428	too_close_to_test	1.0	
KESDASNK	0	8678	too_close_to_test	1.0	
KETTASEN	0	9265	too_close_to_test	1.0	
KATCASKK	0	13846	too_close_to_test	1.0	
RETIAANL	1	7657	too_close_to_test	1.0	
HETTASEI	0	12405	too_close_to_test	1.0	
KEYSASKL	1	4880	too_close_to_test	1.0	
PDTPASKK	0	15978	too_close_to_test	1.0	
KETSAVDK	1	4580	too_close_to_test	1.0	
RETPATKK	0	15393	too_close_to_test	1.0	
RESAAAKL	1	7292	too_close_to_test	1.0	
KHSIAAKK	1	5034	too_close_to_test	1.0	
NETTAARK	0	15278	too_close_to_test	1.0	
KETSGSKK	0	9294	too_close_to_test	1.0	
KETRAVEK	1	4482	too_close_to_test	1.0	
EQSSAVKL	1	1874	too_close_to_test	1.0	
KGTMAVKK	1	4987	too_close_to_test	1.0	
RESTASRN	0	8668	too_close_to_test	1.0	
EETSAVRL	1	1465	too_close_to_test	1.0	
EQTDAVDL	1	1933	too_close_to_test	1.0	
KATIAAKK	1	2659	too_close_to_test	1.0	
QGTRAVKL	1	6935	too_close_to_test	1.0	
KASVASKL	1	2634	too_close_to_test	1.0	
KETSAVKI	1	4593	too_close_to_test	1.0	
DETAASNK	0	12189	too_close_to_test	1.0	
GVTVASIK	0	9604	too_close_to_test	1.0	
KETRGSKR	0	9936	too_close_to_test	1.0	
KETPASNK	0	9305	too_close_to_test	1.0	
KATTASAK	0	16452	too_close_to_test	1.0	
KESSASKS	1	3741	too_close_to_test	1.0	
CESTASKL	1	193	too_close_to_test	1.0	
HESNAAKL	1	2227	too_close_to_test	1.0	
KGSRASDL	1	4927	too_close_to_test	1.0	
IEPTASKK	0	9720	too_close_to_test	1.0	
KEAIAADL	1	2943	too_close_to_test	1.0	
REASGSKK	0	14967	too_close_to_test	1.0	
KESRASTL	1	3657	too_close_to_test	1.0	
KETTVSDQ	0	8495	too_close_to_test	1.0	
GETVASKK	0	11744	too_close_to_test	1.0	
QQKTASKQ	0	9840	too_close_to_test	1.0	
KESLASDL	1	3435	too_close_to_test	1.0	
RESFAVVL	1	7364	too_close_to_test	1.0	
METRAVKI	1	6231	too_close_to_test	1.0	
QQTTAVKS	1	7077	too_close_to_test	1.0	
REPAASTK	0	14519	too_close_to_test	1.0	
KERVAAKL	1	3176	too_close_to_test	1.0	
KETKSSKL	1	4316	too_close_to_test	1.0	
IESPASKK	0	11366	too_close_to_test	1.0	
RETLAVKR	1	7701	too_close_to_test	1.0	
HGATASKK	0	11852	too_close_to_test	1.0	
HESSATKL	1	2257	too_close_to_test	1.0	
PESTASKR	0	11693	too_close_to_test	1.0	
LESGASKL	1	5972	too_close_to_test	1.0	
KEITASEI	0	14329	too_close_to_test	1.0	
KATTASEI	0	13070	too_close_to_test	1.0	
RESSTSKL	1	7522	too_close_to_test	1.0	
KLTSAVKL	1	5143	too_close_to_test	1.0	
AESTAVKL	1	86	too_close_to_test	1.0	
PERAASNK	0	12104	too_close_to_test	1.0	
SESNASKL	1	8119	too_close_to_test	1.0	
RGTAAVKK	1	7875	too_close_to_test	1.0	
PEPNASKK	0	14459	too_close_to_test	1.0	
QETEAVKK	1	6774	too_close_to_test	1.0	
TETAASEI	0	13219	too_close_to_test	1.0	
KQGTAVKK	1	5324	too_close_to_test	1.0	
EESTAADL	1	1023	too_close_to_test	1.0	
TETTASTN	0	15028	too_close_to_test	1.0	
RQSTAAKL	1	7996	too_close_to_test	1.0	
KDTAASKT	0	9773	too_close_to_test	1.0	
KHSIAAKL	1	5035	too_close_to_test	1.0	
IETTAVKK	1	2518	too_close_to_test	1.0	
KEPTASEG	1	3135	too_close_to_test	1.0	
CETVASKL	1	199	too_close_to_test	1.0	
QVSRAAKK	1	7113	too_close_to_test	1.0	
EETTAVKM	1	1528	too_close_to_test	1.0	
KDSNAVKS	1	2806	too_close_to_test	1.0	
KETTASMQ	0	13936	too_close_to_test	1.0	
EGSIASKK	1	1623	too_close_to_test	1.0	
QETFAVKK	1	6777	too_close_to_test	1.0	
LENSGAKK	0	11212	too_close_to_test	1.0	
KESDAAKI	1	3227	too_close_to_test	1.0	
KQTAASKQ	0	9379	too_close_to_test	1.0	
KETKASKT	0	12623	too_close_to_test	1.0	
LETHAVKK	1	6062	too_close_to_test	1.0	
KERTASKT	0	13895	too_close_to_test	1.0	
KETLATKR	1	4326	too_close_to_test	1.0	
KDTTATNK	0	12230	too_close_to_test	1.0	
EQSRAVKK	1	1853	too_close_to_test	1.0	
KESTATKI	1	3842	too_close_to_test	1.0	
HDSTASKK	0	12403	too_close_to_test	1.0	
KLSTASQK	0	10223	too_close_to_test	1.0	
QESSATKL	1	6689	too_close_to_test	1.0	
KEYRASKL	1	4879	too_close_to_test	1.0	
TRTTASNK	0	16317	too_close_to_test	1.0	
RTTTASKK	0	15004	too_close_to_test	1.0	
KEASASER	0	10216	too_close_to_test	1.0	
KQTDAVKI	1	5532	too_close_to_test	1.0	
EESSAAKS	1	895	too_close_to_test	1.0	
HDTTASKK	0	9769	too_close_to_test	1.0	
QETDASDL	1	6763	too_close_to_test	1.0	
KQTTASDL	1	5661	too_close_to_test	1.0	
KDTAASKR	0	13295	too_close_to_test	1.0	
TDPTASIK	0	13751	too_close_to_test	1.0	
LETVGSKK	1	6126	too_close_to_test	1.0	
HETRASKL	1	2345	too_close_to_test	1.0	
KESNAVKL	1	3530	too_close_to_test	1.0	
QEAAASKR	0	10334	too_close_to_test	1.0	
PGPPASKQ	0	8888	too_close_to_test	1.0	
KESTAAKI	1	3814	too_close_to_test	1.0	
EETSAVVK	1	1468	too_close_to_test	1.0	
KETTDSKR	0	15768	too_close_to_test	1.0	
EQTDAVKM	1	1939	too_close_to_test	1.0	
KPGAGVKK	1	5205	too_close_to_test	1.0	
KETSAVTK	1	4618	too_close_to_test	1.0	
LETNAVKK	1	6078	too_close_to_test	1.0	
KATTASEN	0	12221	too_close_to_test	1.0	
QPTGGVDL	1	6999	too_close_to_test	1.0	
EETVASKS	1	1583	too_close_to_test	1.0	
NESSASKL	0	9259	too_close_to_test	1.0	
KETIAVKS	1	4261	too_close_to_test	1.0	
HATAASYK	1	2173	too_close_to_test	1.0	
KESWAAKI	1	3971	too_close_to_test	1.0	
QESQAVKL	1	6657	too_close_to_test	1.0	
KVTTASYK	0	11113	too_close_to_test	1.0	
KESTLSRN	0	10176	too_close_to_test	1.0	
QESRAVDL	1	6667	too_close_to_test	1.0	
RDTTAVKK	1	7221	too_close_to_test	1.0	
EDTTAAKL	1	463	too_close_to_test	1.0	
KQDTASKK	0	8544	too_close_to_test	1.0	
KDTIAVKI	1	2876	too_close_to_test	1.0	
KDTTAVKN	1	2918	too_close_to_test	1.0	
KEIIAADL	1	3012	too_close_to_test	1.0	
KETVASKN	0	13600	too_close_to_test	1.0	
EESSASKG	0	15505	too_close_to_test	1.0	
QETTGSTK	0	11146	too_close_to_test	1.0	
HESWGADL	1	2289	too_close_to_test	1.0	
NETTASQK	0	10562	too_close_to_test	1.0	
KEPTGSRK	0	12245	too_close_to_test	1.0	
KETSASNT	0	13933	too_close_to_test	1.0	
KETSDTDL	1	4633	too_close_to_test	1.0	
KESLAVKK	1	3439	too_close_to_test	1.0	
KESMAAKI	1	3448	too_close_to_test	1.0	
LESLASKL	1	5985	too_close_to_test	1.0	
RESIASKL	1	7391	too_close_to_test	1.0	
IETSASKQ	0	14287	too_close_to_test	1.0	
KENIAAKL	1	3064	too_close_to_test	1.0	
KGATASYK	0	15780	too_close_to_test	1.0	
EGTSGSKL	1	1670	too_close_to_test	1.0	
EASPDTKK	1	293	too_close_to_test	1.0	
PVTIAAKI	0	16721	too_close_to_test	1.0	
KESTAAKT	0	10982	too_close_to_test	1.0	
IGTTGSKK	0	13274	too_close_to_test	1.0	
KETSAVQK	1	4610	too_close_to_test	1.0	
EESFAVTK	1	658	too_close_to_test	1.0	
ESSRAAKL	1	2029	too_close_to_test	1.0	
QETTASEN	0	12697	too_close_to_test	1.0	
KDTSAVKL	1	2906	too_close_to_test	1.0	
YESSASDL	1	8444	too_close_to_test	1.0	
GELAASRE	0	10607	too_close_to_test	1.0	
KETKASIK	0	14746	too_close_to_test	1.0	
EESNAADI	1	762	too_close_to_test	1.0	
KATVASDL	1	2728	too_close_to_test	1.0	
KETSAFKK	1	4563	too_close_to_test	1.0	
KETTASQN	0	9938	too_close_to_test	1.0	
RQTVAAKI	1	8054	too_close_to_test	1.0	
KETRGSVK	0	13930	too_close_to_test	1.0	
SETTASKN	0	9281	too_close_to_test	1.0	
KATIAAIK	0	11630	too_close_to_test	1.0	
KETRGSEK	0	12262	too_close_to_test	1.0	
REYFAVKK	1	7853	too_close_to_test	1.0	
LETTASKE	0	12289	too_close_to_test	1.0	
PDTTASKI	0	15979	too_close_to_test	1.0	
KEPTASPK	0	16494	too_close_to_test	1.0	
KETRDSKK	0	12261	too_close_to_test	1.0	
RGAPASKK	0	10582	too_close_to_test	1.0	
KQATGSKK	0	14795	too_close_to_test	1.0	
IATIAAKK	0	13830	too_close_to_test	1.0	
KQTMAADL	1	5626	too_close_to_test	1.0	
KESTASRL	1	3837	too_close_to_test	1.0	
KVTSASTK	0	13360	too_close_to_test	1.0	
RESDASNK	0	14137	too_close_to_test	1.0	
KGTVASKK	0	13338	too_close_to_test	1.0	
KEAAASNK	0	8615	too_close_to_test	1.0	
EESNGSKK	1	822	too_close_to_test	1.0	
TETTASKK	0	8475	too_close_to_test	1.0	
DESSDAKK	1	229	too_close_to_test	1.0	
DESWGSKL	1	241	too_close_to_test	1.0	
KEPTGSLE	0	15712	too_close_to_test	1.0	
EESIAAKK	1	688	too_close_to_test	1.0	
KETSAVTL	1	4619	too_close_to_test	1.0	
KKTTASIK	0	13621	too_close_to_test	1.0	
IETAASIK	0	11626	too_close_to_test	1.0	
EESKAAKL	1	726	too_close_to_test	1.0	
KETTASNG	0	15208	too_close_to_test	1.0	
REPTASKE	0	16823	too_close_to_test	1.0	
RQPTAVKK	0	9649	too_close_to_test	1.0	
KGTVAAKL	1	5028	too_close_to_test	1.0	
QESNAVRK	1	6651	too_close_to_test	1.0	
KEASASKL	0	12601	too_close_to_test	1.0	
KETSAASL	1	4558	too_close_to_test	1.0	
KGTVASNK	0	12278	too_close_to_test	1.0	
RVTKATNK	0	9921	too_close_to_test	1.0	
KKTTAVKK	1	5106	too_close_to_test	1.0	
LESSAAKL	1	6016	too_close_to_test	1.0	
KTNTAVKK	1	5786	too_close_to_test	1.0	
KATVAAKS	1	2727	too_close_to_test	1.0	
LDATASKK	0	10633	too_close_to_test	1.0	
KDPTASKK	0	9084	too_close_to_test	1.0	
RETTASVT	0	11443	too_close_to_test	1.0	
QESEGAKK	1	6581	too_close_to_test	1.0	
TETTASRK	0	9193	too_close_to_test	1.0	
LHSIAAKM	1	6141	too_close_to_test	1.0	
RESSAAKS	1	7484	too_close_to_test	1.0	
KETTASEH	0	13096	too_close_to_test	1.0	
EGTNGTKI	1	1661	too_close_to_test	1.0	
GETVASKL	1	2155	too_close_to_test	1.0	
TETTGARI	0	13768	too_close_to_test	1.0	
KEAGASKK	0	11487	too_close_to_test	1.0	
KESTGAEL	1	3885	too_close_to_test	1.0	
EATIAVKP	1	344	too_close_to_test	1.0	
KDTLASLE	0	9162	too_close_to_test	1.0	
QATTASKN	0	10195	too_close_to_test	1.0	
QETNASKR	0	15346	too_close_to_test	1.0	
KASWGSDL	1	2645	too_close_to_test	1.0	
KETSASIR	0	12448	too_close_to_test	1.0	
KEPTASIK	0	9346	too_close_to_test	1.0	
LESTASKN	0	13370	too_close_to_test	1.0	
KESTASKV	0	11501	too_close_to_test	1.0	
RETNASKK	0	8821	too_close_to_test	1.0	
KETTGSLK	0	14361	too_close_to_test	1.0	
QESQAVKK	1	6656	too_close_to_test	1.0	
TDTPASKK	0	12997	too_close_to_test	1.0	
KETIAAEK	0	15189	too_close_to_test	1.0	
LGTTASKQ	0	13378	too_close_to_test	1.0	
KETVAVKK	1	4824	too_close_to_test	1.0	
EQTDAVKR	1	1942	too_close_to_test	1.0	
KENNAVKR	1	3088	too_close_to_test	1.0	
KESNAVLT	1	3541	too_close_to_test	1.0	
HATSGSRN	0	8939	too_close_to_test	1.0	
KESNAVDR	1	3515	too_close_to_test	1.0	
HDASASEK	0	12569	too_close_to_test	1.0	
REGTKSQK	0	9544	too_close_to_test	1.0	
KQAHAAKL	1	5317	too_close_to_test	1.0	
KESVATDL	1	3948	too_close_to_test	1.0	
KETIASKL	1	4242	too_close_to_test	1.0	
KESRHSKI	1	3704	too_close_to_test	1.0	
EETTAADK	1	1488	too_close_to_test	1.0	
KESTASRI	0	15178	too_close_to_test	1.0	
KVTPGSDL	1	5892	too_close_to_test	1.0	
LATNPSKK	0	12666	too_close_to_test	1.0	
EETDATKK	1	1194	too_close_to_test	1.0	
AESTAADL	1	81	too_close_to_test	1.0	
NESSAVKL	1	6300	too_close_to_test	1.0	
KETTASNL	0	12052	too_close_to_test	1.0	
KGVTASKE	0	12853	too_close_to_test	1.0	
MESFAVKL	1	6203	too_close_to_test	1.0	
KVKTESKK	0	10057	too_close_to_test	1.0	
AESIAAKL	1	42	too_close_to_test	1.0	
KACTASTK	0	9745	too_close_to_test	1.0	
EESNASKS	1	780	too_close_to_test	1.0	
RETTASET	0	11042	too_close_to_test	1.0	
RETTASNE	0	10870	too_close_to_test	1.0	
SETTASIK	0	9736	too_close_to_test	1.0	
KDTAASVK	0	10973	too_close_to_test	1.0	
KERTAAKL	1	3168	too_close_to_test	1.0	
KQTTATKL	1	5664	too_close_to_test	1.0	
EESSDAIK	1	985	too_close_to_test	1.0	
EETLAAKI	1	1326	too_close_to_test	1.0	
KGTTDPKK	0	13109	too_close_to_test	1.0	
RESTESKK	1	7553	too_close_to_test	1.0	
KESNAVKI	1	3528	too_close_to_test	1.0	
KATRAAKL	1	2698	too_close_to_test	1.0	
LETTAVKI	1	6113	too_close_to_test	1.0	
RDVAAAVR	0	8520	too_close_to_test	1.0	
MESTAVKR	1	6220	too_close_to_test	1.0	
KTTAAVKK	1	5797	too_close_to_test	1.0	
QGATASKR	0	13697	too_close_to_test	1.0	
EQTSAVKL	1	1982	too_close_to_test	1.0	
RATTAVKL	1	7162	too_close_to_test	1.0	
KQTTGSKK	0	9753	too_close_to_test	1.0	
RQKTASKQ	0	9632	too_close_to_test	1.0	
LDTTASNK	0	16619	too_close_to_test	1.0	
IEPTASNK	0	13835	too_close_to_test	1.0	
NETAATKL	1	6328	too_close_to_test	1.0	
YETTASKN	0	13235	too_close_to_test	1.0	
KETNDAKI	1	4383	too_close_to_test	1.0	
TQTAASKK	0	11603	too_close_to_test	1.0	
KATVAAKI	1	2724	too_close_to_test	1.0	
PETTDSKK	0	10566	too_close_to_test	1.0	
KDTIAVKL	1	2878	too_close_to_test	1.0	
IETVASKL	1	2522	too_close_to_test	1.0	
KESLAVKR	1	3441	too_close_to_test	1.0	
RESEATKK	1	7317	too_close_to_test	1.0	
EATRETKK	1	354	too_close_to_test	1.0	
IESWGSKK	1	2487	too_close_to_test	1.0	
GETPASTK	0	15545	too_close_to_test	1.0	
KETTGSKT	0	11101	too_close_to_test	1.0	
KDSNASKL	1	2801	too_close_to_test	1.0	
EESMAVKM	1	758	too_close_to_test	1.0	
EASIAAKL	1	285	too_close_to_test	1.0	
KETIAVKK	1	4255	too_close_to_test	1.0	
TETTATKR	1	8324	too_close_to_test	1.0	
KETSASRE	0	13592	too_close_to_test	1.0	
KENAGVKK	1	3057	too_close_to_test	1.0	
KETKASKQ	0	13581	too_close_to_test	1.0	
KIATASKK	0	10397	too_close_to_test	1.0	
KQVSASKK	0	14802	too_close_to_test	1.0	
KETTASTI	0	8810	too_close_to_test	1.0	
IESIAAKS	1	2441	too_close_to_test	1.0	
RGTPASVK	0	16209	too_close_to_test	1.0	
KQTNSSKL	1	5637	too_close_to_test	1.0	
KQSSASKK	0	11780	too_close_to_test	1.0	
KQSAAPKK	0	12068	too_close_to_test	1.0	
KESTLSKL	1	3904	too_close_to_test	1.0	
KETNASRK	0	12259	too_close_to_test	1.0	
KTTSAVKK	1	5806	too_close_to_test	1.0	
PENTASKK	0	10257	too_close_to_test	1.0	
TETTASVQ	0	14213	too_close_to_test	1.0	
RETTAAIK	0	11040	too_close_to_test	1.0	
KATPGSKK	0	13553	too_close_to_test	1.0	
EESTASNL	1	1051	too_close_to_test	1.0	
KGDTASKK	0	14768	too_close_to_test	1.0	
TGTTGSKK	0	14219	too_close_to_test	1.0	
RGPTASEN	0	12527	too_close_to_test	1.0	
KESTGAGK	0	15180	too_close_to_test	1.0	
KESHASTL	1	3341	too_close_to_test	1.0	
LETTASYK	0	11909	too_close_to_test	1.0	
EQSSAAKS	1	1862	too_close_to_test	1.0	
EESTAEKL	1	1040	too_close_to_test	1.0	
RQTDAVKL	1	8025	too_close_to_test	1.0	
KGTTASVQ	0	13108	too_close_to_test	1.0	
QESDASKL	1	6575	too_close_to_test	1.0	
RDSNAVKK	1	7192	too_close_to_test	1.0	
RASTASIK	0	16810	too_close_to_test	1.0	
KEGSASKL	1	2983	too_close_to_test	1.0	
KESISSKL	1	3403	too_close_to_test	1.0	
KETVASKP	1	4805	too_close_to_test	1.0	
SESNAVKK	1	8121	too_close_to_test	1.0	
QETTAAKK	0	9065	too_close_to_test	1.0	
EQSWGSKK	1	1917	too_close_to_test	1.0	
HETTAVDL	1	2363	too_close_to_test	1.0	
KETKASNK	0	15193	too_close_to_test	1.0	
KATTASDK	0	12220	too_close_to_test	1.0	
NETEASKK	0	13139	too_close_to_test	1.0	
EGSRPAKQ	0	12764	too_close_to_test	1.0	
QPTNGSKK	0	9732	too_close_to_test	1.0	
KPSTASKK	0	10138	too_close_to_test	1.0	
NESRAVKK	1	6295	too_close_to_test	1.0	
EGTTAAKL	1	1672	too_close_to_test	1.0	
QATTASSK	0	16026	too_close_to_test	1.0	
EESSASKL	1	933	too_close_to_test	1.0	
NETNGSKK	0	16670	too_close_to_test	1.0	
YETTGSKK	0	13782	too_close_to_test	1.0	
QGTAASIK	0	12128	too_close_to_test	1.0	
KVSTASKL	0	15866	too_close_to_test	1.0	
EESWGSKQ	1	1147	too_close_to_test	1.0	
EETIASVV	1	1291	too_close_to_test	1.0	
QNTVAVKK	1	6971	too_close_to_test	1.0	
KETDGAKL	1	4101	too_close_to_test	1.0	
SETTASNK	0	10075	too_close_to_test	1.0	
QETIASKK	0	9284	too_close_to_test	1.0	
KESNDAKL	1	3568	too_close_to_test	1.0	
QETTAAGQ	0	8795	too_close_to_test	1.0	
RETLASKL	1	7698	too_close_to_test	1.0	
QGTTRSDQ	0	9395	too_close_to_test	1.0	
KETSAVSS	1	4617	too_close_to_test	1.0	
KASTASIR	0	10533	too_close_to_test	1.0	
SETTASTS	1	8163	too_close_to_test	1.0	
KESTASNT	0	12830	too_close_to_test	1.0	
QESFAVKS	1	6589	too_close_to_test	1.0	
RDAAASKK	0	12343	too_close_to_test	1.0	
KQTIAAKL	1	5604	too_close_to_test	1.0	
KQTTASIK	0	9589	too_close_to_test	1.0	
YDTTASKK	0	13509	too_close_to_test	1.0	
KESRPAKL	1	3706	too_close_to_test	1.0	
PQTSASKK	0	14064	too_close_to_test	1.0	
KQSSGTKK	1	5442	too_close_to_test	1.0	
KESWESKK	1	3981	too_close_to_test	1.0	
IATAASKK	0	12211	too_close_to_test	1.0	
RETTASRE	0	10074	too_close_to_test	1.0	
TETTGSKR	0	13495	too_close_to_test	1.0	
KETAAAKS	1	4035	too_close_to_test	1.0	
GESSAAKL	1	2133	too_close_to_test	1.0	
IESWGSKR	1	2489	too_close_to_test	1.0	
DESAVVKK	0	11269	too_close_to_test	1.0	
YESAASKK	0	14235	too_close_to_test	1.0	
KETTASIR	0	9451	too_close_to_test	1.0	
EQRFDVKR	1	1817	too_close_to_test	1.0	
KEPSASKK	0	9061	too_close_to_test	1.0	
TEATASTK	0	13000	too_close_to_test	1.0	
TESFAVKL	1	8224	too_close_to_test	1.0	
HEASASKK	0	14642	too_close_to_test	1.0	
KESNAVHQ	1	3521	too_close_to_test	1.0	
KETTASRE	0	9670	too_close_to_test	1.0	
IDSIASKK	1	2418	too_close_to_test	1.0	
KDSGASKK	1	2786	too_close_to_test	1.0	
QESTAAKK	1	6704	too_close_to_test	1.0	
KATTAVKK	1	2714	too_close_to_test	1.0	
MESSDAKK	1	6216	too_close_to_test	1.0	
RESAAVKI	1	7297	too_close_to_test	1.0	
EENSAVKK	1	540	too_close_to_test	1.0	
KASGAVKK	1	2576	too_close_to_test	1.0	
EETSDTKL	1	1477	too_close_to_test	1.0	
KESNAVEL	1	3517	too_close_to_test	1.0	
KESNSSDL	1	3596	too_close_to_test	1.0	
QETTASRQ	0	14095	too_close_to_test	1.0	
KETGASIK	0	15740	too_close_to_test	1.0	
IENTASKK	0	10611	too_close_to_test	1.0	
METTASYK	0	14011	too_close_to_test	1.0	
QGTTASKR	0	12700	too_close_to_test	1.0	
RESAASDQ	0	13198	too_close_to_test	1.0	
KQTTASKS	0	12861	too_close_to_test	1.0	
TAATASSK	0	13214	too_close_to_test	1.0	
KTSRGTKK	1	5791	too_close_to_test	1.0	
IESIASKL	1	2445	too_close_to_test	1.0	
SETSAAEK	0	11053	too_close_to_test	1.0	
KQTDASVT	1	5518	too_close_to_test	1.0	
KVTVASKL	1	5918	too_close_to_test	1.0	
KESSATDL	1	3752	too_close_to_test	1.0	
KQTTASKQ	0	9833	too_close_to_test	1.0	
KQTMAAKK	1	5627	too_close_to_test	1.0	
EETTASKE	0	10804	too_close_to_test	1.0	
HGTSASKK	0	16409	too_close_to_test	1.0	
KDTTGSKK	0	9375	too_close_to_test	1.0	
KETTESKL	1	4748	too_close_to_test	1.0	
KDTSASSR	1	2904	too_close_to_test	1.0	
RESDAVKK	1	7314	too_close_to_test	1.0	
NETTASRK	0	9316	too_close_to_test	1.0	
QETDGSKL	1	6770	too_close_to_test	1.0	
NETNASKK	0	9576	too_close_to_test	1.0	
KETAASRK	0	9467	too_close_to_test	1.0	
LESNAVKI	1	5995	too_close_to_test	1.0	
EESSASKP	1	935	too_close_to_test	1.0	
IETTASVK	0	9802	too_close_to_test	1.0	
REGSASKK	0	14968	too_close_to_test	1.0	
EATTGSKL	1	362	too_close_to_test	1.0	
KATTASHK	0	14686	too_close_to_test	1.0	
REKTAVKK	1	7261	too_close_to_test	1.0	
IQTSASKK	0	12582	too_close_to_test	1.0	
KETSATDL	1	4572	too_close_to_test	1.0	
TDSTASKK	0	10236	too_close_to_test	1.0	
DDTIAAKL	1	209	too_close_to_test	1.0	
KEITASEK	0	11089	too_close_to_test	1.0	
PGTTATGK	0	16007	too_close_to_test	1.0	
KETNAVDL	1	4372	too_close_to_test	1.0	
QAVNAVKK	1	6490	too_close_to_test	1.0	
GDTLASKK	0	13258	too_close_to_test	1.0	
KEAAASEK	0	11760	too_close_to_test	1.0	
NEPLASKK	0	9997	too_close_to_test	1.0	
KETTGSKI	0	10394	too_close_to_test	1.0	
HETEASKL	1	2322	too_close_to_test	1.0	
QEPTASQI	0	16752	too_close_to_test	1.0	
KDTAASIK	0	13864	too_close_to_test	1.0	
KETPASRT	0	15749	too_close_to_test	1.0	
KERPASKQ	0	13314	too_close_to_test	1.0	
IETTASEK	0	10214	too_close_to_test	1.0	
EETTASEI	0	12195	too_close_to_test	1.0	
RASSASVK	1	7137	too_close_to_test	1.0	
KESVAAKK	1	3920	too_close_to_test	1.0	
KSTLAADL	1	5765	too_close_to_test	1.0	
KESNTVKK	1	3602	too_close_to_test	1.0	
QESTATKS	0	11139	too_close_to_test	1.0	
KYTHAADL	1	5924	too_close_to_test	1.0	
KSTTASEN	0	14804	too_close_to_test	1.0	
KAASASKK	0	11370	too_close_to_test	1.0	
MATIAAKS	0	9188	too_close_to_test	1.0	
EETEASDL	1	1202	too_close_to_test	1.0	
EESNALKL	1	775	too_close_to_test	1.0	
QESCAAKL	1	6574	too_close_to_test	1.0	
KESSASNK	0	10015	too_close_to_test	1.0	
KETVASNK	0	9989	too_close_to_test	1.0	
EETTAART	1	1503	too_close_to_test	1.0	
RDTTASQK	0	13191	too_close_to_test	1.0	
AETTASTK	0	12187	too_close_to_test	1.0	
KANTGSKK	0	11180	too_close_to_test	1.0	
REPTASNT	0	13453	too_close_to_test	1.0	
KESWGSKT	1	4000	too_close_to_test	1.0	
KASTAAKS	1	2614	too_close_to_test	1.0	
GEATASRK	0	16385	too_close_to_test	1.0	
TGATASKK	0	10665	too_close_to_test	1.0	
KETYASKK	0	13941	too_close_to_test	1.0	
RESTASIK	0	9696	too_close_to_test	1.0	
HETRAAKL	1	2344	too_close_to_test	1.0	
PESRASLK	0	16699	too_close_to_test	1.0	
KKTSGAKK	0	15224	too_close_to_test	1.0	
KQSTGVKR	1	5466	too_close_to_test	1.0	
KESPAADL	1	3607	too_close_to_test	1.0	
EQTNAAKL	1	1970	too_close_to_test	1.0	
KPTTGVKK	1	5311	too_close_to_test	1.0	
KETGASKL	0	12446	too_close_to_test	1.0	
RQSSAAKL	1	7989	too_close_to_test	1.0	
KETWGVKK	1	4852	too_close_to_test	1.0	
QVTTASKK	0	8667	too_close_to_test	1.0	
KKTTASKI	0	16566	too_close_to_test	1.0	
KDTNASKN	0	10535	too_close_to_test	1.0	
EEVSASKL	1	1610	too_close_to_test	1.0	
KASAASKQ	0	13282	too_close_to_test	1.0	
KESNAAKQ	1	3473	too_close_to_test	1.0	
RDSTASKI	0	14124	too_close_to_test	1.0	
KGSTAVKV	1	4948	too_close_to_test	1.0	
EELAASRE	0	9153	too_close_to_test	1.0	
KETIASRN	0	16516	too_close_to_test	1.0	
KESVASAL	1	3934	too_close_to_test	1.0	
VESSASNK	0	13022	too_close_to_test	1.0	
RESAASTL	1	7294	too_close_to_test	1.0	
NETTDSKK	0	11316	too_close_to_test	1.0	
RESIASRL	0	9816	too_close_to_test	1.0	
RQTVAAKS	1	8057	too_close_to_test	1.0	
KETRAVVL	1	4512	too_close_to_test	1.0	
TECTASKK	0	11962	too_close_to_test	1.0	
KENTGVKK	1	3117	too_close_to_test	1.0	
LETQASKL	1	6081	too_close_to_test	1.0	
EEHSAVKK	1	505	too_close_to_test	1.0	
NEASASKV	0	10024	too_close_to_test	1.0	
EETMASDL	1	1343	too_close_to_test	1.0	
QETTAADL	1	6877	too_close_to_test	1.0	
IESTAVKK	1	2479	too_close_to_test	1.0	
QESTASHK	0	16056	too_close_to_test	1.0	
VEATASEK	0	13505	too_close_to_test	1.0	
KETVASDL	1	4795	too_close_to_test	1.0	
KESRAAIK	1	3625	too_close_to_test	1.0	
FQSIASIT	0	9719	too_close_to_test	1.0	
KDATASVK	0	12803	too_close_to_test	1.0	
KEGTASVK	0	14714	too_close_to_test	1.0	
PEIPASKK	0	11421	too_close_to_test	1.0	
KGTPASKK	0	8936	too_close_to_test	1.0	
EERSAADL	1	566	too_close_to_test	1.0	
EETTAANL	1	1500	too_close_to_test	1.0	
KESFASKQ	1	3282	too_close_to_test	1.0	
KQTDGAKL	1	5564	too_close_to_test	1.0	
KESTSSKL	1	3909	too_close_to_test	1.0	
KETTAAKM	1	4670	too_close_to_test	1.0	
QESSATKK	0	16054	too_close_to_test	1.0	
RESFAVLK	1	7353	too_close_to_test	1.0	
TETNASKT	0	14208	too_close_to_test	1.0	
RETVAVKI	1	7843	too_close_to_test	1.0	
KGSTASYK	0	14773	too_close_to_test	1.0	
QQTSASKK	0	10031	too_close_to_test	1.0	
QESTASKE	0	13431	too_close_to_test	1.0	
KETIATKR	1	4252	too_close_to_test	1.0	
RETRAAKK	1	7732	too_close_to_test	1.0	
NETRASKK	0	10453	too_close_to_test	1.0	
QETNASNK	0	12927	too_close_to_test	1.0	
QEAPASKK	0	9950	too_close_to_test	1.0	
QESTATKL	1	6713	too_close_to_test	1.0	
QESTAADL	1	6702	too_close_to_test	1.0	
QVSAASKK	0	16802	too_close_to_test	1.0	
EETTAVKN	1	1529	too_close_to_test	1.0	
PESTGSKR	0	15298	too_close_to_test	1.0	
DESTASKL	1	235	too_close_to_test	1.0	
EESQASKL	1	835	too_close_to_test	1.0	
EASTAASL	1	307	too_close_to_test	1.0	
EATTASTK	0	13520	too_close_to_test	1.0	
TESTASNK	0	11727	too_close_to_test	1.0	
KETVGVKK	1	4841	too_close_to_test	1.0	
KTSTAVKK	1	5795	too_close_to_test	1.0	
NESSASDL	1	6297	too_close_to_test	1.0	
REDAASKN	0	16150	too_close_to_test	1.0	
EESTAADM	1	1024	too_close_to_test	1.0	
HETPASNK	0	12574	too_close_to_test	1.0	
EETRATKK	1	1405	too_close_to_test	1.0	
KKTTASEK	0	14377	too_close_to_test	1.0	
IEPTASEI	0	14657	too_close_to_test	1.0	
KETIAVDL	1	4253	too_close_to_test	1.0	
PETMASIK	1	6432	too_close_to_test	1.0	
IETIAVKK	1	2502	too_close_to_test	1.0	
QEANASKK	0	12693	too_close_to_test	1.0	
KQSTGSKI	1	5465	too_close_to_test	1.0	
KETAASNQ	0	12044	too_close_to_test	1.0	
EESSAATK	1	905	too_close_to_test	1.0	
KATTASKT	0	9583	too_close_to_test	1.0	
IETTASLM	0	11478	too_close_to_test	1.0	
EESWGSLK	1	1150	too_close_to_test	1.0	
KETNASKN	0	10249	too_close_to_test	1.0	
YESTASQK	0	16342	too_close_to_test	1.0	
EETRASKI	1	1398	too_close_to_test	1.0	
KETVASIK	0	12453	too_close_to_test	1.0	
TGTSASKK	0	10005	too_close_to_test	1.0	
EERTASKK	0	11072	too_close_to_test	1.0	
QVSTASKK	0	10233	too_close_to_test	1.0	
KQATASEK	0	13967	too_close_to_test	1.0	
QETMAAKK	1	6826	too_close_to_test	1.0	
PETNSSKK	1	6433	too_close_to_test	1.0	
RETSAAEK	0	9056	too_close_to_test	1.0	
RESFAVNK	1	7355	too_close_to_test	1.0	
QPTGAAKL	1	6987	too_close_to_test	1.0	
KESNASDL	1	3492	too_close_to_test	1.0	
KDSTPSKK	1	2835	too_close_to_test	1.0	
KESSGTKK	1	3795	too_close_to_test	1.0	
KETTAADK	1	4661	too_close_to_test	1.0	
RATTASAK	0	14957	too_close_to_test	1.0	
RESFAVRK	1	7359	too_close_to_test	1.0	
QEPTASEK	0	12319	too_close_to_test	1.0	
KEVTASNK	0	15774	too_close_to_test	1.0	
RETTASIN	0	12353	too_close_to_test	1.0	
KETNASKL	1	4364	too_close_to_test	1.0	
RPPTASKK	0	14999	too_close_to_test	1.0	
HESWGAKL	1	2291	too_close_to_test	1.0	
KVTSASKI	0	12867	too_close_to_test	1.0	
EASTAVKL	1	311	too_close_to_test	1.0	
HETIAADL	1	2326	too_close_to_test	1.0	
RETRAVKS	1	7743	too_close_to_test	1.0	
KETSAVRK	1	4613	too_close_to_test	1.0	
KVSHAAKL	1	5847	too_close_to_test	1.0	
QETVAAKL	1	6898	too_close_to_test	1.0	
QATTASKT	0	9478	too_close_to_test	1.0	
KETKAAKL	1	4296	too_close_to_test	1.0	
NESRASKK	0	15274	too_close_to_test	1.0	
PQTSAAKR	0	8918	too_close_to_test	1.0	
RAKTASKK	0	16807	too_close_to_test	1.0	
KESTASIL	0	13905	too_close_to_test	1.0	
RETTASQR	0	11245	too_close_to_test	1.0	
EETVAAKR	1	1573	too_close_to_test	1.0	
KETIDVKK	1	4268	too_close_to_test	1.0	
LKNSGSKR	0	15893	too_close_to_test	1.0	
GETTAANK	0	16390	too_close_to_test	1.0	
LETTASDL	1	6109	too_close_to_test	1.0	
HESAAAKK	1	2206	too_close_to_test	1.0	
KESNAAIK	1	3467	too_close_to_test	1.0	
KESRDVKI	1	3685	too_close_to_test	1.0	
TATVASKL	1	8204	too_close_to_test	1.0	
QETSASYK	0	12328	too_close_to_test	1.0	
TQSRAAKL	1	8362	too_close_to_test	1.0	
RPTTAVKI	1	7952	too_close_to_test	1.0	
EETRGSKK	0	9002	too_close_to_test	1.0	
KVSTAAKK	0	11112	too_close_to_test	1.0	
EDSVAAKK	1	420	too_close_to_test	1.0	
KESTATKM	1	3845	too_close_to_test	1.0	
EETTAVRL	1	1538	too_close_to_test	1.0	
KESDAAKK	1	3228	too_close_to_test	1.0	
QETMAVKL	1	6831	too_close_to_test	1.0	
RETDASKL	1	7619	too_close_to_test	1.0	
RETLASKK	0	10522	too_close_to_test	1.0	
QEKTGVKK	1	6551	too_close_to_test	1.0	
KETTAVVL	1	4727	too_close_to_test	1.0	
EPTGGVKS	1	1795	too_close_to_test	1.0	
KESAAARL	1	3188	too_close_to_test	1.0	
EETTASNI	0	13526	too_close_to_test	1.0	
KETISSKK	1	4286	too_close_to_test	1.0	
EVSRAAKK	1	2078	too_close_to_test	1.0	
EESEASKL	1	628	too_close_to_test	1.0	
KEAYAAKK	1	2966	too_close_to_test	1.0	
RETMAVDL	1	7704	too_close_to_test	1.0	
RESMAVKK	1	7414	too_close_to_test	1.0	
RDTTASKT	0	13712	too_close_to_test	1.0	
KPTGGVKI	1	5271	too_close_to_test	1.0	
KDTMASVK	0	13867	too_close_to_test	1.0	
RETYAAKL	1	7850	too_close_to_test	1.0	
REATASKE	0	12954	too_close_to_test	1.0	
KERDASKL	1	3141	too_close_to_test	1.0	
EETTAARL	1	1502	too_close_to_test	1.0	
EESSATKK	1	959	too_close_to_test	1.0	
RQTDAVKR	1	8029	too_close_to_test	1.0	
KQTTGVKK	1	5681	too_close_to_test	1.0	
KDSFAVKK	1	2785	too_close_to_test	1.0	
QEPIASTK	0	8648	too_close_to_test	1.0	
QESNASDL	1	6642	too_close_to_test	1.0	
EESEAAKS	1	623	too_close_to_test	1.0	
EESTASTK	0	14623	too_close_to_test	1.0	
KESYAAKL	1	4027	too_close_to_test	1.0	
HETVAAKK	1	2370	too_close_to_test	1.0	
PEARASKK	0	10711	too_close_to_test	1.0	
EQSAGAKK	1	1822	too_close_to_test	1.0	
RPTAASKK	0	14162	too_close_to_test	1.0	
LETTATSI	0	10448	too_close_to_test	1.0	
RGTTASYT	0	13734	too_close_to_test	1.0	
LEPTASQK	0	15257	too_close_to_test	1.0	
RESTAVKT	1	7547	too_close_to_test	1.0	
ERTTVAVK	0	12769	too_close_to_test	1.0	
KVVSASKK	0	11313	too_close_to_test	1.0	
KENNAVKE	1	3081	too_close_to_test	1.0	
KHSTASKK	0	15802	too_close_to_test	1.0	
KESFAVRK	1	3300	too_close_to_test	1.0	
NETSDSKL	1	6354	too_close_to_test	1.0	
RETYAVKK	1	7852	too_close_to_test	1.0	
KDTTASQK	0	10241	too_close_to_test	1.0	
KETRATKT	1	4477	too_close_to_test	1.0	
KESRAAEL	1	3624	too_close_to_test	1.0	
KPTTAVKK	1	5300	too_close_to_test	1.0	
KPTGAVKL	1	5265	too_close_to_test	1.0	
KGTTASYK	0	10086	too_close_to_test	1.0	
QEIPEEKQ	0	11702	too_close_to_test	1.0	
EPTPGVKK	1	1798	too_close_to_test	1.0	
KETYAVKK	1	4863	too_close_to_test	1.0	
KESRASLK	0	9449	too_close_to_test	1.0	
EERRAVKK	1	565	too_close_to_test	1.0	
SGTSAEYQ	0	14181	too_close_to_test	1.0	
KETTGVKK	1	4764	too_close_to_test	1.0	
RESSATKL	1	7498	too_close_to_test	1.0	
WEPTGSIE	0	11969	too_close_to_test	1.0	
KESIAADA	1	3352	too_close_to_test	1.0	
AETIGAKL	1	113	too_close_to_test	1.0	
KVSAAAKL	1	5840	too_close_to_test	1.0	
IEPAASKK	0	12007	too_close_to_test	1.0	
RESTASKI	0	10939	too_close_to_test	1.0	
RGSAASKT	1	7857	too_close_to_test	1.0	
QENNAVKL	1	6556	too_close_to_test	1.0	
LATTAAKL	1	5939	too_close_to_test	1.0	
EESLASKL	1	743	too_close_to_test	1.0	
YESIASKL	1	8441	too_close_to_test	1.0	
RESRAVKI	1	7472	too_close_to_test	1.0	
KESVASDL	1	3935	too_close_to_test	1.0	
HEPSASKK	0	13537	too_close_to_test	1.0	
LPACASKK	0	8799	too_close_to_test	1.0	
KETAASKL	1	4037	too_close_to_test	1.0	
LGTTASEK	0	14423	too_close_to_test	1.0	
NEASASTK	0	15273	too_close_to_test	1.0	
KETVATKL	1	4820	too_close_to_test	1.0	
EQTDAVKI	1	1936	too_close_to_test	1.0	
KQTDAVKV	1	5542	too_close_to_test	1.0	
RESVASKL	1	7573	too_close_to_test	1.0	
KEGAGVKR	1	2980	too_close_to_test	1.0	
QEATASSK	0	13687	too_close_to_test	1.0	
HESWSSKK	1	2312	too_close_to_test	1.0	
KDTTAVKK	1	2915	too_close_to_test	1.0	
NQSVAAKL	1	6390	too_close_to_test	1.0	
TETEASKN	0	13493	too_close_to_test	1.0	
KEANASTE	0	12027	too_close_to_test	1.0	
KQSNAVKL	1	5409	too_close_to_test	1.0	
KEATASMK	0	15679	too_close_to_test	1.0	
EESFAAKK	1	641	too_close_to_test	1.0	
KESEAAKK	1	3251	too_close_to_test	1.0	
PETTASEI	0	14057	too_close_to_test	1.0	
VESTASKK	0	9960	too_close_to_test	1.0	
KESDAADL	1	3226	too_close_to_test	1.0	
KASSAVKK	1	2610	too_close_to_test	1.0	
TEPTASKT	0	16275	too_close_to_test	1.0	
TGNTASKK	0	11835	too_close_to_test	1.0	
VETTASKL	0	11461	too_close_to_test	1.0	
QAPTASKK	0	11425	too_close_to_test	1.0	
KESVGVKL	1	3969	too_close_to_test	1.0	
EESSAAKM	1	891	too_close_to_test	1.0	
PETSASNK	0	11547	too_close_to_test	1.0	
TESHASDK	0	10590	too_close_to_test	1.0	
HEAAASEK	1	2191	too_close_to_test	1.0	
ENTVAVKI	1	1754	too_close_to_test	1.0	
NQSAVVKK	0	16680	too_close_to_test	1.0	
EESKGAKL	1	737	too_close_to_test	1.0	
KRSAASYE	0	9623	too_close_to_test	1.0	
HQTSAAKR	0	9372	too_close_to_test	1.0	
NESSAVDM	0	14840	too_close_to_test	1.0	
PVTAASKK	0	13681	too_close_to_test	1.0	
RESTASEN	0	15383	too_close_to_test	1.0	
KCSTAVKK	1	2738	too_close_to_test	1.0	
ELTTATKK	1	1731	too_close_to_test	1.0	
QDTTASRE	0	12692	too_close_to_test	1.0	
EQTLAAKL	1	1968	too_close_to_test	1.0	
NDATASKK	0	11220	too_close_to_test	1.0	
KGTDAVKK	1	4969	too_close_to_test	1.0	
LDRSASEK	1	5942	too_close_to_test	1.0	
RESRDAKL	1	7476	too_close_to_test	1.0	
HETTASYK	0	15560	too_close_to_test	1.0	
HETDASKL	1	2319	too_close_to_test	1.0	
QETYSEKK	0	12502	too_close_to_test	1.0	
LQSVAAKL	1	6169	too_close_to_test	1.0	
RESSAVKK	1	7502	too_close_to_test	1.0	
QEASASIK	0	11803	too_close_to_test	1.0	
EETTASKN	0	9702	too_close_to_test	1.0	
KYTTASRK	1	5929	too_close_to_test	1.0	
IESNAVDL	1	2460	too_close_to_test	1.0	
QETWGSKK	1	6907	too_close_to_test	1.0	
GETTDSKK	0	15546	too_close_to_test	1.0	
KVTTASTE	0	15252	too_close_to_test	1.0	
KETRASKQ	0	9282	too_close_to_test	1.0	
RESTASKV	0	12961	too_close_to_test	1.0	
KKTIAADL	1	5096	too_close_to_test	1.0	
SETSASQK	0	14565	too_close_to_test	1.0	
PRTTASKK	0	14886	too_close_to_test	1.0	
KATSASRK	0	12801	too_close_to_test	1.0	
AETIAAKS	1	109	too_close_to_test	1.0	
SETPASKK	0	10480	too_close_to_test	1.0	
KVSFAVKK	1	5843	too_close_to_test	1.0	
RESGAAKL	1	7372	too_close_to_test	1.0	
KESTATDL	1	3840	too_close_to_test	1.0	
KESVASTL	1	3944	too_close_to_test	1.0	
KESTAVNK	1	3859	too_close_to_test	1.0	
KVTAASKI	0	10915	too_close_to_test	1.0	
LESWGSRK	1	6051	too_close_to_test	1.0	
TETTGSTK	0	13769	too_close_to_test	1.0	
KASVAVKK	1	2637	too_close_to_test	1.0	
KETAAAKK	1	4032	too_close_to_test	1.0	
REGTAAKK	1	7240	too_close_to_test	1.0	
QESHAAKL	1	6601	too_close_to_test	1.0	
SETSAVKL	1	8162	too_close_to_test	1.0	
RETTASRK	0	8683	too_close_to_test	1.0	
PAATASKK	0	8558	too_close_to_test	1.0	
KEINAVKL	1	3016	too_close_to_test	1.0	
LESTAADL	1	6025	too_close_to_test	1.0	
KETEASRK	0	16514	too_close_to_test	1.0	
QETSASKN	0	10779	too_close_to_test	1.0	
RESNAVNL	1	7440	too_close_to_test	1.0	
GATTASQK	0	13257	too_close_to_test	1.0	
TEITASKK	0	10037	too_close_to_test	1.0	
QESPASKK	0	9319	too_close_to_test	1.0	
QVPTALEN	0	11566	too_close_to_test	1.0	
KESFAVKM	1	3293	too_close_to_test	1.0	
ELTTAVKR	1	1736	too_close_to_test	1.0	
RESSASEK	0	15381	too_close_to_test	1.0	
PEPAASKK	0	11127	too_close_to_test	1.0	
KESHASSL	1	3340	too_close_to_test	1.0	
QGTTGSIK	0	13703	too_close_to_test	1.0	
RVATAAKK	0	15419	too_close_to_test	1.0	
QESAAVKL	1	6572	too_close_to_test	1.0	
NESTGAKK	0	11919	too_close_to_test	1.0	
EATIAAKI	1	329	too_close_to_test	1.0	
QETTASQT	0	13436	too_close_to_test	1.0	
KEATASEN	0	14323	too_close_to_test	1.0	
DETNASKL	1	247	too_close_to_test	1.0	
EQSNAVKL	1	1844	too_close_to_test	1.0	
RESAASKR	0	14974	too_close_to_test	1.0	
NETTASDL	1	6358	too_close_to_test	1.0	
KETLAVKR	1	4332	too_close_to_test	1.0	
KQTDASKK	1	5511	too_close_to_test	1.0	
RETIAVKR	1	7673	too_close_to_test	1.0	
KESWAVKK	1	3978	too_close_to_test	1.0	
MATTASKK	0	11685	too_close_to_test	1.0	
REPTGSNI	0	16826	too_close_to_test	1.0	
EHSRAAKK	1	1691	too_close_to_test	1.0	
CESNAVKL	1	189	too_close_to_test	1.0	
KGTGASKK	0	13613	too_close_to_test	1.0	
PETTASRQ	0	9381	too_close_to_test	1.0	
QEATASNK	0	10848	too_close_to_test	1.0	
RETTAPKK	0	10034	too_close_to_test	1.0	
NESWGSKK	1	6321	too_close_to_test	1.0	
IETTAADL	1	2516	too_close_to_test	1.0	
KYTTASKK	0	15253	too_close_to_test	1.0	
QPTTAVKL	1	7006	too_close_to_test	1.0	
SETTASKR	0	9843	too_close_to_test	1.0	
KNSIASKL	1	5170	too_close_to_test	1.0	
NESTASQK	0	15275	too_close_to_test	1.0	
QETLAVKR	1	6824	too_close_to_test	1.0	
QESWGVKK	1	6749	too_close_to_test	1.0	
EESNAVTK	1	811	too_close_to_test	1.0	
LETEATKK	1	6058	too_close_to_test	1.0	
KDTSASKQ	0	12224	too_close_to_test	1.0	
KDTRASKK	0	11755	too_close_to_test	1.0	
LDSVAAKL	1	5946	too_close_to_test	1.0	
RGTTASKI	0	10873	too_close_to_test	1.0	
EESTASRL	1	1053	too_close_to_test	1.0	
RQSRAAKK	1	7984	too_close_to_test	1.0	
KATIAAKS	0	8464	too_close_to_test	1.0	
KESTASRT	0	14343	too_close_to_test	1.0	
EETEAAKK	1	1200	too_close_to_test	1.0	
EESVAADL	1	1111	too_close_to_test	1.0	
QETTASYR	0	16772	too_close_to_test	1.0	
YGSMASKR	0	12182	too_close_to_test	1.0	
IETTGSKR	0	16430	too_close_to_test	1.0	
KATTASQR	0	15632	too_close_to_test	1.0	
PAPTASKK	0	14866	too_close_to_test	1.0	
EETTASKD	0	15511	too_close_to_test	1.0	
KPAFGVKK	1	5194	too_close_to_test	1.0	
HESSAVKK	1	2259	too_close_to_test	1.0	
AETPASKK	0	10667	too_close_to_test	1.0	
NVTTASKQ	0	12099	too_close_to_test	1.0	
KRTRAAKL	1	5711	too_close_to_test	1.0	
SETTASYR	0	9485	too_close_to_test	1.0	
QETTASNV	0	14921	too_close_to_test	1.0	
KQIDAVKK	1	5328	too_close_to_test	1.0	
KETSAVKV	1	4603	too_close_to_test	1.0	
KPSTGVKK	1	5245	too_close_to_test	1.0	
AESSAAKK	1	69	too_close_to_test	1.0	
PETIAAKL	0	15299	too_close_to_test	1.0	
KESTAAEL	1	3811	too_close_to_test	1.0	
RRTAASKQ	0	8586	too_close_to_test	1.0	
KDSVAAKI	1	2837	too_close_to_test	1.0	
LETDASKK	0	13371	too_close_to_test	1.0	
KQSTAVKI	1	5459	too_close_to_test	1.0	
HESIASKL	1	2221	too_close_to_test	1.0	
EQSTAAKI	1	1879	too_close_to_test	1.0	
ESTSAVKK	1	2044	too_close_to_test	1.0	
KGPTASKL	0	13948	too_close_to_test	1.0	
RQTSAVKK	1	8044	too_close_to_test	1.0	
QVNNAVKK	1	7103	too_close_to_test	1.0	
EESFASKK	1	644	too_close_to_test	1.0	
KETTASFK	0	12841	too_close_to_test	1.0	
KDTIASKK	0	12597	too_close_to_test	1.0	
KESTASDL	1	3833	too_close_to_test	1.0	
RESDASRK	0	12143	too_close_to_test	1.0	
KESTASTN	0	13090	too_close_to_test	1.0	
IQTSAAKR	0	9168	too_close_to_test	1.0	
RETIAADK	1	7648	too_close_to_test	1.0	
ERSTAAKK	1	2018	too_close_to_test	1.0	
HESAASKK	0	11997	too_close_to_test	1.0	
RPTTAVKK	1	7953	too_close_to_test	1.0	
TNIPAPKI	0	10344	too_close_to_test	1.0	
SETAASKR	0	16243	too_close_to_test	1.0	
WEPIASTK	0	14591	too_close_to_test	1.0	
KETIAADL	1	4200	too_close_to_test	1.0	
KESSASQL	1	3745	too_close_to_test	1.0	
TEAAASNK	0	9291	too_close_to_test	1.0	
KESSASKN	0	11190	too_close_to_test	1.0	
KETRAVKA	1	4485	too_close_to_test	1.0	
KETSASKE	0	9568	too_close_to_test	1.0	
KETSAVKK	1	4594	too_close_to_test	1.0	
KESSNAKL	1	3800	too_close_to_test	1.0	
RQAPGSKD	0	9359	too_close_to_test	1.0	
NENNAVKL	1	6269	too_close_to_test	1.0	
IETVAAKK	1	2520	too_close_to_test	1.0	
PESTAAKL	0	9092	too_close_to_test	1.0	
RESDAAKK	1	7312	too_close_to_test	1.0	
NEPIASKK	0	11007	too_close_to_test	1.0	
TVTPASKK	0	11357	too_close_to_test	1.0	
KATSASKK	0	8802	too_close_to_test	1.0	
PEPTASKL	0	16696	too_close_to_test	1.0	
LESTASKQ	0	10505	too_close_to_test	1.0	
KQTLAAKI	1	5619	too_close_to_test	1.0	
IETAAVRK	1	2493	too_close_to_test	1.0	
NESTATKS	0	14027	too_close_to_test	1.0	
KATVAAKK	1	2725	too_close_to_test	1.0	
KESTASTK	0	8561	too_close_to_test	1.0	
KGSTAATK	0	12273	too_close_to_test	1.0	
QETNGADL	1	6839	too_close_to_test	1.0	
TESTASTK	0	10592	too_close_to_test	1.0	
KPGSGVKK	1	5206	too_close_to_test	1.0	
EATIAVKR	1	345	too_close_to_test	1.0	
EDSSAAKL	1	404	too_close_to_test	1.0	
KEPPASKN	0	14721	too_close_to_test	1.0	
KDATASIK	0	9605	too_close_to_test	1.0	
QESSAVKR	1	6694	too_close_to_test	1.0	
SESPASKK	0	15428	too_close_to_test	1.0	
KQACASKK	0	9780	too_close_to_test	1.0	
PETTASHK	0	12903	too_close_to_test	1.0	
KETSASLR	0	15752	too_close_to_test	1.0	
RQSRASKL	1	7986	too_close_to_test	1.0	
KESSAANL	1	3720	too_close_to_test	1.0	
HESTASIK	0	16401	too_close_to_test	1.0	
KSTSAADL	1	5771	too_close_to_test	1.0	
KEARASKK	0	8881	too_close_to_test	1.0	
RESKAADL	1	7398	too_close_to_test	1.0	
IETSASEK	0	15584	too_close_to_test	1.0	
KESIAVKS	1	3395	too_close_to_test	1.0	
RHSIAAKI	0	11159	too_close_to_test	1.0	
METTAVKS	1	6238	too_close_to_test	1.0	
KATIAALK	0	13287	too_close_to_test	1.0	
QETPASTK	0	10857	too_close_to_test	1.0	
AESAATKL	1	28	too_close_to_test	1.0	
IEATASNK	0	14655	too_close_to_test	1.0	
KVARASEK	0	11674	too_close_to_test	1.0	
RVTSASIK	0	12155	too_close_to_test	1.0	
AASRASKL	1	3	too_close_to_test	1.0	
LESRASKL	1	6006	too_close_to_test	1.0	
KASQAVKV	1	2599	too_close_to_test	1.0	
KESTGSIK	0	10823	too_close_to_test	1.0	
EATHASKK	0	8737	too_close_to_test	1.0	
HEPTGSKK	0	15108	too_close_to_test	1.0	
EETWAAKL	1	1598	too_close_to_test	1.0	
RGSIAAKL	1	7861	too_close_to_test	1.0	
YESTASKK	0	9868	too_close_to_test	1.0	
RETSASQK	0	14146	too_close_to_test	1.0	
RQSSAVKK	1	7992	too_close_to_test	1.0	
EESTAASL	1	1036	too_close_to_test	1.0	
IETSASIK	0	13270	too_close_to_test	1.0	
KESDAVKR	1	3242	too_close_to_test	1.0	
KVTHDAKL	1	5882	too_close_to_test	1.0	
KESIASRL	0	14338	too_close_to_test	1.0	
KGTPASRK	0	12060	too_close_to_test	1.0	
KQSNAADL	1	5402	too_close_to_test	1.0	
EESRDSKL	1	865	too_close_to_test	1.0	
LGTSASKK	0	13377	too_close_to_test	1.0	
IETIASKK	0	10678	too_close_to_test	1.0	
KQTRASKL	1	5642	too_close_to_test	1.0	
KATIAVKL	1	2672	too_close_to_test	1.0	
MESSAAKL	1	6212	too_close_to_test	1.0	
RETAASRK	0	9977	too_close_to_test	1.0	
EETTAVKI	1	1525	too_close_to_test	1.0	
RATSGSKK	0	11569	too_close_to_test	1.0	
EETSAVKL	1	1455	too_close_to_test	1.0	
PESNAVKK	0	8956	too_close_to_test	1.0	
AESIAVKI	1	44	too_close_to_test	1.0	
KESWGSDK	1	3987	too_close_to_test	1.0	
PVPSAPMQ	0	12908	too_close_to_test	1.0	
TESSASKL	0	9633	too_close_to_test	1.0	
KETTATVL	1	4703	too_close_to_test	1.0	
KENVAAKL	1	3119	too_close_to_test	1.0	
RESTDSKK	0	16836	too_close_to_test	1.0	
RETLAAKR	1	7695	too_close_to_test	1.0	
KENNAVKK	1	3083	too_close_to_test	1.0	
KDSVAVKI	1	2846	too_close_to_test	1.0	
KDTTASKK	0	8514	too_close_to_test	1.0	
RESSASKL	1	7489	too_close_to_test	1.0	
KETTASTK	0	8585	too_close_to_test	1.0	
KDTTASGK	0	13870	too_close_to_test	1.0	
KESTASSL	0	10822	too_close_to_test	1.0	
TETIAADK	1	8279	too_close_to_test	1.0	
KETSASIK	0	8934	too_close_to_test	1.0	
KESIASQK	0	15719	too_close_to_test	1.0	
KVTAAAKL	1	5873	too_close_to_test	1.0	
KETLDSKL	1	4334	too_close_to_test	1.0	
RGTIAAKL	1	7878	too_close_to_test	1.0	
DATPASKN	0	15068	too_close_to_test	1.0	
EETTASKM	0	14258	too_close_to_test	1.0	
KETSASAN	0	16529	too_close_to_test	1.0	
EETSASRK	0	13802	too_close_to_test	1.0	
QETTAAKM	1	6879	too_close_to_test	1.0	
RETTASKL	1	7787	too_close_to_test	1.0	
KASRAVKK	1	2605	too_close_to_test	1.0	
KESTASVR	0	9934	too_close_to_test	1.0	
KESRAVKM	1	3670	too_close_to_test	1.0	
KTTGAVKK	1	5801	too_close_to_test	1.0	
KETIGSKA	1	4275	too_close_to_test	1.0	
TENNAVKK	1	8213	too_close_to_test	1.0	
KETRGSKQ	0	10905	too_close_to_test	1.0	
KETHAAKK	1	4167	too_close_to_test	1.0	
RATHASKK	0	14956	too_close_to_test	1.0	
KETIATKK	1	4250	too_close_to_test	1.0	
KESTASGE	0	13573	too_close_to_test	1.0	
RETTASDL	1	7786	too_close_to_test	1.0	
IESIASDL	1	2442	too_close_to_test	1.0	
QETAASYK	0	14480	too_close_to_test	1.0	
KPSSGVKK	1	5238	too_close_to_test	1.0	
EETTSSKL	1	1565	too_close_to_test	1.0	
KGTSAVKK	1	5008	too_close_to_test	1.0	
LVPSAPMQ	0	13133	too_close_to_test	1.0	
KESTAATL	1	3823	too_close_to_test	1.0	
KETTGSEK	0	9723	too_close_to_test	1.0	
KGPTASTK	0	12054	too_close_to_test	1.0	
TESSASKQ	0	16919	too_close_to_test	1.0	
KETPATKR	1	4435	too_close_to_test	1.0	
RPTGGAKL	1	7944	too_close_to_test	1.0	
TETSASVK	0	16288	too_close_to_test	1.0	
KLTTAVKI	1	5150	too_close_to_test	1.0	
RETIASIT	1	7666	too_close_to_test	1.0	
LASTASKI	1	5935	too_close_to_test	1.0	
QEATASKE	0	13168	too_close_to_test	1.0	
NGTSASKK	0	11318	too_close_to_test	1.0	
KETTVVKK	1	4773	too_close_to_test	1.0	
KDSAAAKM	1	2770	too_close_to_test	1.0	
QVTPASKK	0	11944	too_close_to_test	1.0	
QESMAVKL	1	6635	too_close_to_test	1.0	
EDTSASKK	0	10802	too_close_to_test	1.0	
TQTTASTK	0	16315	too_close_to_test	1.0	
KSTDAVKK	1	5753	too_close_to_test	1.0	
RASAAVKK	1	7127	too_close_to_test	1.0	
TDSTASRN	0	14195	too_close_to_test	1.0	
AETMAVKL	1	120	too_close_to_test	1.0	
KETSDSKR	1	4632	too_close_to_test	1.0	
HVTAASKK	0	14281	too_close_to_test	1.0	
KDASASEK	0	8850	too_close_to_test	1.0	
KQSIAVKK	1	5392	too_close_to_test	1.0	
RATAASKK	0	11033	too_close_to_test	1.0	
KASTASEK	0	15616	too_close_to_test	1.0	
KETASAKL	1	4072	too_close_to_test	1.0	
KQSVAVDK	0	8658	too_close_to_test	1.0	
KETNGSKK	1	4398	too_close_to_test	1.0	
QDTAASKT	0	8868	too_close_to_test	1.0	
EETSASNL	1	1447	too_close_to_test	1.0	
KETPASRK	0	10622	too_close_to_test	1.0	
EESAVVKK	1	604	too_close_to_test	1.0	
KGTIGSKK	1	4983	too_close_to_test	1.0	
EESRASKI	1	847	too_close_to_test	1.0	
KETVASKM	1	4804	too_close_to_test	1.0	
SESTASKK	0	8753	too_close_to_test	1.0	
KETSAAKK	1	4550	too_close_to_test	1.0	
KNTVAAKI	1	5184	too_close_to_test	1.0	
GESSASKK	0	14268	too_close_to_test	1.0	
KESIAAKK	1	3359	too_close_to_test	1.0	
RETAATKI	1	7605	too_close_to_test	1.0	
NATTASRK	0	15917	too_close_to_test	1.0	
HETTATKK	0	15111	too_close_to_test	1.0	
PETTASKM	0	14058	too_close_to_test	1.0	
KKIPASHK	0	16564	too_close_to_test	1.0	
KESRDTKL	1	3684	too_close_to_test	1.0	
EETAAVKI	1	1169	too_close_to_test	1.0	
IETIASQI	1	2501	too_close_to_test	1.0	
LEPTASKK	0	9591	too_close_to_test	1.0	
KEAIASKN	0	15672	too_close_to_test	1.0	
NEPPASKK	0	13137	too_close_to_test	1.0	
KETIAAKK	1	4212	too_close_to_test	1.0	
KPTTASRK	0	13966	too_close_to_test	1.0	
KETVASNR	0	11887	too_close_to_test	1.0	
KPTPASKK	0	10250	too_close_to_test	1.0	
LESTAVDL	1	6033	too_close_to_test	1.0	
KGTTSSKK	0	16560	too_close_to_test	1.0	
RGTTASIQ	0	16863	too_close_to_test	1.0	
EETLASKV	1	1334	too_close_to_test	1.0	
PESAASKK	0	10065	too_close_to_test	1.0	
KEIVASKL	1	3025	too_close_to_test	1.0	
HESFAVKK	1	2215	too_close_to_test	1.0	
EESGASKL	1	667	too_close_to_test	1.0	
KNTTASKK	0	11778	too_close_to_test	1.0	
KESTAAIK	0	10246	too_close_to_test	1.0	
RETTATDL	1	7788	too_close_to_test	1.0	
KVGSASDK	0	13984	too_close_to_test	1.0	
QEPTASKL	0	13425	too_close_to_test	1.0	
PETSASKI	0	9627	too_close_to_test	1.0	
KETSAAKS	1	4554	too_close_to_test	1.0	
KESNASKL	1	3496	too_close_to_test	1.0	
EDSVAAKR	1	423	too_close_to_test	1.0	
KETCAVKK	1	4076	too_close_to_test	1.0	
QEMTASKR	0	13689	too_close_to_test	1.0	
KQTDAAKL	1	5498	too_close_to_test	1.0	
KPSAAVKK	1	5220	too_close_to_test	1.0	
QETYAAKL	1	6908	too_close_to_test	1.0	
PETDASKK	0	10258	too_close_to_test	1.0	
QDTTGSKK	0	9116	too_close_to_test	1.0	
KERTASIK	0	12248	too_close_to_test	1.0	
RESVASDL	1	7572	too_close_to_test	1.0	
PQTTASKN	0	14883	too_close_to_test	1.0	
NDPTASKK	0	14435	too_close_to_test	1.0	
EETRESKR	1	1429	too_close_to_test	1.0	
QETEASKK	1	6772	too_close_to_test	1.0	
QESTAASL	1	6705	too_close_to_test	1.0	
QESTASEN	0	13172	too_close_to_test	1.0	
KPAIGVKL	1	5197	too_close_to_test	1.0	
KGSTASTK	0	12640	too_close_to_test	1.0	
RETTASNI	0	10155	too_close_to_test	1.0	
EQSLASKL	1	1839	too_close_to_test	1.0	
KGSTASAK	0	15215	too_close_to_test	1.0	
PGTSASEK	0	16005	too_close_to_test	1.0	
TDTTASIK	0	12369	too_close_to_test	1.0	
KGTPASKE	0	13953	too_close_to_test	1.0	
RDTTAVKR	1	7223	too_close_to_test	1.0	
KETRTVKK	1	4544	too_close_to_test	1.0	
KESSDTKK	1	3781	too_close_to_test	1.0	
EESAGVKK	1	603	too_close_to_test	1.0	
EEIIAADL	1	510	too_close_to_test	1.0	
KDAGASKK	1	2740	too_close_to_test	1.0	
KETHASKL	1	4174	too_close_to_test	1.0	
HETTASEK	0	12208	too_close_to_test	1.0	
KETRESKK	1	4524	too_close_to_test	1.0	
KETPASVR	0	13927	too_close_to_test	1.0	
REIPASKK	0	11151	too_close_to_test	1.0	
NGTSASNK	0	13142	too_close_to_test	1.0	
PDTTASRK	0	11419	too_close_to_test	1.0	
EESNAVIK	1	789	too_close_to_test	1.0	
KLTSAAKL	1	5140	too_close_to_test	1.0	
KERTGSKK	0	12249	too_close_to_test	1.0	
KETTASHT	0	10990	too_close_to_test	1.0	
KETRASRK	0	13588	too_close_to_test	1.0	
QETSASGK	0	16765	too_close_to_test	1.0	
KESTGADK	0	15729	too_close_to_test	1.0	
KGSSDAKI	1	4933	too_close_to_test	1.0	
KETTASKH	0	9215	too_close_to_test	1.0	
EHTAASKT	0	11272	too_close_to_test	1.0	
KETAASKM	0	15733	too_close_to_test	1.0	
IESIAAKL	1	2440	too_close_to_test	1.0	
REPRASKN	0	14132	too_close_to_test	1.0	
RETRASKQ	0	12967	too_close_to_test	1.0	
KARTASKK	0	12015	too_close_to_test	1.0	
TNIPAPKE	0	13774	too_close_to_test	1.0	
KESSDTKL	1	3782	too_close_to_test	1.0	
QETSAVKS	1	6870	too_close_to_test	1.0	
PETTASKV	0	14059	too_close_to_test	1.0	
RETVASVL	0	12526	too_close_to_test	1.0	
RQTTASNK	0	11250	too_close_to_test	1.0	
KETRDVKK	1	4520	too_close_to_test	1.0	
AESIAVKK	1	45	too_close_to_test	1.0	
KETSASNI	0	13932	too_close_to_test	1.0	
KEPSASHG	0	8970	too_close_to_test	1.0	
RETAASLK	0	14525	too_close_to_test	1.0	
KEATASKI	0	9198	too_close_to_test	1.0	
QETLAVKK	1	6823	too_close_to_test	1.0	
KETVASKS	1	4807	too_close_to_test	1.0	
HETAASKL	0	11176	too_close_to_test	1.0	
EESSASQP	1	947	too_close_to_test	1.0	
SETTASIQ	0	15012	too_close_to_test	1.0	
IDTTASVK	0	8729	too_close_to_test	1.0	
KESPASKT	0	15722	too_close_to_test	1.0	
EANSAVKK	1	279	too_close_to_test	1.0	
KDTTASYK	0	9654	too_close_to_test	1.0	
KEPSASTK	0	11644	too_close_to_test	1.0	
KPTLGVKK	1	5280	too_close_to_test	1.0	
RQSNAVKL	1	7981	too_close_to_test	1.0	
KETIGVKR	1	4280	too_close_to_test	1.0	
KETIGVKK	1	4279	too_close_to_test	1.0	
KENTASQK	0	15702	too_close_to_test	1.0	
KPTGAAKL	1	5260	too_close_to_test	1.0	
QETAGSKK	0	11329	too_close_to_test	1.0	
KETPASTK	0	9850	too_close_to_test	1.0	
EDTTASNK	0	14246	too_close_to_test	1.0	
EESSAVRK	1	980	too_close_to_test	1.0	
AESSASDL	1	71	too_close_to_test	1.0	
KERTAVKL	1	3172	too_close_to_test	1.0	
RETTAEKL	1	7783	too_close_to_test	1.0	
NVPSASKK	0	12098	too_close_to_test	1.0	
QQTTASEK	0	16795	too_close_to_test	1.0	
TETTASAK	0	15456	too_close_to_test	1.0	
TESRASLK	0	15451	too_close_to_test	1.0	
KDSTGVKL	1	2834	too_close_to_test	1.0	
VETTASKR	0	16330	too_close_to_test	1.0	
QECTASKK	0	10464	too_close_to_test	1.0	
AEPTASKK	0	11977	too_close_to_test	1.0	
HESNAVDL	1	2230	too_close_to_test	1.0	
KETSASIQ	0	11652	too_close_to_test	1.0	
QETIAVKK	1	6806	too_close_to_test	1.0	
QESSDAKK	1	6695	too_close_to_test	1.0	
NESTAAKL	0	9473	too_close_to_test	1.0	
KDSKASKK	1	2794	too_close_to_test	1.0	
NETTASQR	0	16675	too_close_to_test	1.0	
LESRAVKL	1	6009	too_close_to_test	1.0	
KDTNAVKL	1	2890	too_close_to_test	1.0	
QETTASET	0	13177	too_close_to_test	1.0	
AETTASKT	0	13512	too_close_to_test	1.0	
HESWGSKS	1	2302	too_close_to_test	1.0	
QQTDAVKI	1	7053	too_close_to_test	1.0	
KQNDAVKL	1	5331	too_close_to_test	1.0	
EETIASKL	1	1285	too_close_to_test	1.0	
KASIAVKK	1	2585	too_close_to_test	1.0	
KKTRAVKL	1	5102	too_close_to_test	1.0	
VQTSAAKR	0	15055	too_close_to_test	1.0	
KTSSAVKL	1	5793	too_close_to_test	1.0	
NETTASKK	0	8483	too_close_to_test	1.0	
EETIGAKL	1	1306	too_close_to_test	1.0	
KETNSSDL	1	4410	too_close_to_test	1.0	
RQTTGSKK	0	14550	too_close_to_test	1.0	
KASPASKK	0	14297	too_close_to_test	1.0	
TEPTASRK	0	13756	too_close_to_test	1.0	
EETTASER	0	11845	too_close_to_test	1.0	
EETEASKL	1	1204	too_close_to_test	1.0	
EETIAAYL	1	1276	too_close_to_test	1.0	
KERSASKK	0	10014	too_close_to_test	1.0	
KDRTAVKK	1	2767	too_close_to_test	1.0	
EQTTAVKL	1	1994	too_close_to_test	1.0	
KGSTAVKI	1	4939	too_close_to_test	1.0	
NQTVAAKL	1	6395	too_close_to_test	1.0	
VETIAVKK	1	8410	too_close_to_test	1.0	
RQSFAVKK	1	7973	too_close_to_test	1.0	
QGTTASKK	0	8540	too_close_to_test	1.0	
KETRAAKK	1	4447	too_close_to_test	1.0	
HETFAAKL	1	2323	too_close_to_test	1.0	
KSSRAAKL	1	5733	too_close_to_test	1.0	
ERTTASKK	0	12567	too_close_to_test	1.0	
QENTASKK	0	9028	too_close_to_test	1.0	
QDASASKK	0	12315	too_close_to_test	1.0	
EQTTAVDL	1	1991	too_close_to_test	1.0	
KETIAVRK	1	4264	too_close_to_test	1.0	
AESEAAKK	1	32	too_close_to_test	1.0	
TQTTASIK	0	15465	too_close_to_test	1.0	
KPTGASKL	1	5262	too_close_to_test	1.0	
KETSASEN	0	10988	too_close_to_test	1.0	
PESTGAKL	0	8569	too_close_to_test	1.0	
RVTTAVKK	1	8096	too_close_to_test	1.0	
TETTASSQ	0	15458	too_close_to_test	1.0	
KQTDAAKM	1	5499	too_close_to_test	1.0	
QDSTASRI	1	6508	too_close_to_test	1.0	
EETTAAKS	1	1499	too_close_to_test	1.0	
KDASASER	0	9554	too_close_to_test	1.0	
HGSIAAKL	1	2378	too_close_to_test	1.0	
KESGDAKL	1	3326	too_close_to_test	1.0	
KDTHAAKK	1	2867	too_close_to_test	1.0	
EETIGSKK	0	15507	too_close_to_test	1.0	
KQSQAVKL	1	5412	too_close_to_test	1.0	
KEATASAK	0	11489	too_close_to_test	1.0	
QETTASHT	0	16076	too_close_to_test	1.0	
KATTASQE	0	8944	too_close_to_test	1.0	
EQTTDAKL	1	1998	too_close_to_test	1.0	
SETIAADL	0	10659	too_close_to_test	1.0	
KVTAASEN	0	10021	too_close_to_test	1.0	
KETSGSKV	1	4647	too_close_to_test	1.0	
KETSVVKK	1	4659	too_close_to_test	1.0	
KEATASIE	0	13876	too_close_to_test	1.0	
KESTASIR	0	10901	too_close_to_test	1.0	
EETAASRK	0	9845	too_close_to_test	1.0	
QETIAAKM	1	6793	too_close_to_test	1.0	
KETPASKD	0	15748	too_close_to_test	1.0	
KQTRAVKL	1	5645	too_close_to_test	1.0	
KETRATKK	1	4474	too_close_to_test	1.0	
EETGAVKR	1	1222	too_close_to_test	1.0	
QNTVAVDL	1	6969	too_close_to_test	1.0	
KERTASGE	1	3169	too_close_to_test	1.0	
KETSDTKK	1	4634	too_close_to_test	1.0	
EEHHASKL	1	501	too_close_to_test	1.0	
HETAASTK	0	16402	too_close_to_test	1.0	
KETPESKN	0	11196	too_close_to_test	1.0	
KESTAVKR	1	3856	too_close_to_test	1.0	
HGTTRSDQ	0	15562	too_close_to_test	1.0	
KESIAVDL	1	3388	too_close_to_test	1.0	
LVTAASKK	0	12087	too_close_to_test	1.0	
QETKAADL	1	6813	too_close_to_test	1.0	
KETTGVKL	1	4765	too_close_to_test	1.0	
NETIAAKL	1	6337	too_close_to_test	1.0	
KGATASKI	0	11103	too_close_to_test	1.0	
KPRAAVKK	1	5217	too_close_to_test	1.0	
KDTTASTK	0	9874	too_close_to_test	1.0	
QDTTASKQ	0	12917	too_close_to_test	1.0	
IESTASVK	0	14660	too_close_to_test	1.0	
NESTASRK	0	14440	too_close_to_test	1.0	
QESTASRN	0	15337	too_close_to_test	1.0	
EETTASKS	0	14624	too_close_to_test	1.0	
EVTPGSKL	1	2093	too_close_to_test	1.0	
RETTGSRK	0	16852	too_close_to_test	1.0	
EETIASNL	1	1288	too_close_to_test	1.0	
ADTSAVKK	1	20	too_close_to_test	1.0	
KDSPASKK	0	10103	too_close_to_test	1.0	
TETTASYK	0	11062	too_close_to_test	1.0	
KVTTASNE	0	16614	too_close_to_test	1.0	
QSTTASKK	0	16113	too_close_to_test	1.0	
QQTNAVKL	1	7066	too_close_to_test	1.0	
IESIAVKI	1	2453	too_close_to_test	1.0	
QETTAARL	1	6881	too_close_to_test	1.0	
KETRGSKK	0	8463	too_close_to_test	1.0	
AETTAAKK	1	142	too_close_to_test	1.0	
NEASASNK	0	14837	too_close_to_test	1.0	
EESYAAKL	1	1157	too_close_to_test	1.0	
AETIAAKK	1	107	too_close_to_test	1.0	
KVTTAVKL	1	5912	too_close_to_test	1.0	
SQTTASKK	0	10099	too_close_to_test	1.0	
YEPIASTK	0	12557	too_close_to_test	1.0	
KETRAIKI	1	4462	too_close_to_test	1.0	
KESIAAKM	1	3361	too_close_to_test	1.0	
RGTTASQK	0	11588	too_close_to_test	1.0	
KGTTGSNK	0	14781	too_close_to_test	1.0	
KVTTAVDL	1	5909	too_close_to_test	1.0	
HQTDAVKL	1	2403	too_close_to_test	1.0	
RESPASRK	0	16170	too_close_to_test	1.0	
HESRAADL	1	2239	too_close_to_test	1.0	
TQITASKK	1	8359	too_close_to_test	1.0	
AESSAAKL	1	70	too_close_to_test	1.0	
EQTEAVKK	1	1953	too_close_to_test	1.0	
NEGTKSQK	0	11006	too_close_to_test	1.0	
KETPASKR	0	9806	too_close_to_test	1.0	
AETYDASR	1	165	too_close_to_test	1.0	
KGTIGSKL	1	4984	too_close_to_test	1.0	
QGTIAVKK	1	6931	too_close_to_test	1.0	
EENRASKL	1	538	too_close_to_test	1.0	
QETHASDL	1	6780	too_close_to_test	1.0	
RETTASKA	0	10654	too_close_to_test	1.0	
KATSASDK	0	16449	too_close_to_test	1.0	
RETAASSK	0	14977	too_close_to_test	1.0	
KETYAVKL	1	4864	too_close_to_test	1.0	
RESWGSVR	1	7592	too_close_to_test	1.0	
RATIAVKV	1	7155	too_close_to_test	1.0	
QDATASIK	0	16027	too_close_to_test	1.0	
KAGTASKK	0	16439	too_close_to_test	1.0	
EQACASKK	0	8625	too_close_to_test	1.0	
KPTDAVKK	1	5254	too_close_to_test	1.0	
EATIAAKK	1	330	too_close_to_test	1.0	
EESVASTL	1	1124	too_close_to_test	1.0	
EETSAVDL	1	1451	too_close_to_test	1.0	
TATTASKQ	0	15441	too_close_to_test	1.0	
KESFAVVT	1	3304	too_close_to_test	1.0	
NEPTGSKK	0	12675	too_close_to_test	1.0	
KATVAVKK	1	2732	too_close_to_test	1.0	
KATIAAKT	0	10316	too_close_to_test	1.0	
EQSTASRK	1	1895	too_close_to_test	1.0	
NESWGSKL	1	6322	too_close_to_test	1.0	
REHSASKL	1	7244	too_close_to_test	1.0	
QEAIASKK	0	13423	too_close_to_test	1.0	
VEATASKK	0	12179	too_close_to_test	1.0	
RETTAVRK	1	7812	too_close_to_test	1.0	
KESSASRK	0	10359	too_close_to_test	1.0	
KETAAVDL	1	4043	too_close_to_test	1.0	
KKSRAAKI	1	5075	too_close_to_test	1.0	
KETSGSRK	0	14754	too_close_to_test	1.0	
NDAIGSKL	0	13135	too_close_to_test	1.0	
EQTDAAKK	1	1927	too_close_to_test	1.0	
KGTTASYN	0	16558	too_close_to_test	1.0	
KVTTASEK	0	9942	too_close_to_test	1.0	
EATTAVKL	1	359	too_close_to_test	1.0	
LESSDSKL	1	6024	too_close_to_test	1.0	
TETGASIK	0	10483	too_close_to_test	1.0	
RETTGSNK	0	11045	too_close_to_test	1.0	
LETTAVKM	1	6116	too_close_to_test	1.0	
RDTTAVKL	1	7222	too_close_to_test	1.0	
TESTASKQ	0	10380	too_close_to_test	1.0	
PETTASIR	0	12307	too_close_to_test	1.0	
NEAIASTK	0	11916	too_close_to_test	1.0	
KESSDVKL	1	3786	too_close_to_test	1.0	
EETTASKL	1	1515	too_close_to_test	1.0	
EASSAVKK	1	302	too_close_to_test	1.0	
KELTASKK	0	10431	too_close_to_test	1.0	
TATTASQK	0	13480	too_close_to_test	1.0	
QQSQAVKK	1	7028	too_close_to_test	1.0	
KESAAAKI	1	3185	too_close_to_test	1.0	
QQATASKK	0	10467	too_close_to_test	1.0	
NESNAVDL	1	6286	too_close_to_test	1.0	
KVSAAVKK	1	5841	too_close_to_test	1.0	
TDCYASVH	0	8937	too_close_to_test	1.0	
KETADSKK	0	10984	too_close_to_test	1.0	
QEPTASRK	0	14906	too_close_to_test	1.0	
KETTASEQ	0	9618	too_close_to_test	1.0	
QETTASAK	0	16767	too_close_to_test	1.0	
EDTTASKK	0	9342	too_close_to_test	1.0	
KESNTVKS	1	3604	too_close_to_test	1.0	
NETSASVK	0	12886	too_close_to_test	1.0	
KETMAVKR	1	4351	too_close_to_test	1.0	
REATASKR	0	11150	too_close_to_test	1.0	
IETTATSI	0	10354	too_close_to_test	1.0	
KESPASIN	0	13570	too_close_to_test	1.0	
AETTASNK	0	12186	too_close_to_test	1.0	
RESFASTK	1	7334	too_close_to_test	1.0	
KTPRASKL	1	5788	too_close_to_test	1.0	
KAATASKM	0	16438	too_close_to_test	1.0	
KETIAADI	1	4198	too_close_to_test	1.0	
TVSTASKK	0	13021	too_close_to_test	1.0	
SPTTASKK	0	13212	too_close_to_test	1.0	
IVTTASIR	0	15601	too_close_to_test	1.0	
KVSSASKR	0	11677	too_close_to_test	1.0	
EESAGAKL	1	601	too_close_to_test	1.0	
RESWASKK	1	7581	too_close_to_test	1.0	
KATSASKQ	0	9905	too_close_to_test	1.0	
KYTVAAKL	1	5931	too_close_to_test	1.0	
QETTGARI	0	12126	too_close_to_test	1.0	
KETEASKK	1	4108	too_close_to_test	1.0	
KETAASYK	0	10691	too_close_to_test	1.0	
EESVAAKM	1	1115	too_close_to_test	1.0	
QETNAVKI	1	6835	too_close_to_test	1.0	
WGTSASKK	0	16338	too_close_to_test	1.0	
KATPASIK	0	11631	too_close_to_test	1.0	
KQTAAPNK	0	10117	too_close_to_test	1.0	
NETAASLK	0	10709	too_close_to_test	1.0	
EETAAVRK	1	1174	too_close_to_test	1.0	
KENTASKK	0	8740	too_close_to_test	1.0	
RKSSAVKK	1	7910	too_close_to_test	1.0	
QESAASKK	0	9179	too_close_to_test	1.0	
KATTASMK	0	13851	too_close_to_test	1.0	
KESSGSKL	1	3793	too_close_to_test	1.0	
RESTAVKK	1	7541	too_close_to_test	1.0	
PETSASSK	0	15994	too_close_to_test	1.0	
QEGSASLK	0	12918	too_close_to_test	1.0	
NESTASDR	1	6307	too_close_to_test	1.0	
KETTGSTR	0	9436	too_close_to_test	1.0	
KETNDADL	1	4382	too_close_to_test	1.0	
RQTTASKI	0	14549	too_close_to_test	1.0	
PVTTASKQ	0	12492	too_close_to_test	1.0	
EDTTAVKI	1	467	too_close_to_test	1.0	
RQTHAVKK	1	8035	too_close_to_test	1.0	
KERTASNK	0	11497	too_close_to_test	1.0	
RESTGEKL	1	7559	too_close_to_test	1.0	
PQTTASKK	0	9055	too_close_to_test	1.0	
HESTAAKI	1	2265	too_close_to_test	1.0	
QESTAAKI	1	6703	too_close_to_test	1.0	
KETMAAKL	1	4338	too_close_to_test	1.0	
QGTSASIK	0	14106	too_close_to_test	1.0	
NVTTAAKK	0	16686	too_close_to_test	1.0	
QATSAVKK	1	6485	too_close_to_test	1.0	
KEIAASRK	0	13563	too_close_to_test	1.0	
KDTTAADL	1	2908	too_close_to_test	1.0	
EASRAAKK	1	297	too_close_to_test	1.0	
KPTMAADL	1	5281	too_close_to_test	1.0	
KATAASEK	0	12799	too_close_to_test	1.0	
EQSQAVKL	1	1847	too_close_to_test	1.0	
KEATASTN	0	10817	too_close_to_test	1.0	
ELTTATKL	1	1732	too_close_to_test	1.0	
KAATASKN	0	11751	too_close_to_test	1.0	
KETTASKE	0	8749	too_close_to_test	1.0	
RDTTASTK	0	13452	too_close_to_test	1.0	
NESTAAVK	1	6305	too_close_to_test	1.0	
TDAPASKK	0	12163	too_close_to_test	1.0	
SQTPASKN	1	8189	too_close_to_test	1.0	
KESDAVKK	1	3240	too_close_to_test	1.0	
REPGASKK	0	14520	too_close_to_test	1.0	
KETNGAKL	0	8649	too_close_to_test	1.0	
RVNRARIE	0	13470	too_close_to_test	1.0	
KESWGSKQ	1	3997	too_close_to_test	1.0	
QDAPASKK	0	10028	too_close_to_test	1.0	
QETKASDL	1	6815	too_close_to_test	1.0	
EETIAAEL	1	1248	too_close_to_test	1.0	
NATTASQK	0	14433	too_close_to_test	1.0	
TVPTALEN	0	16321	too_close_to_test	1.0	
KEPTASLK	0	10756	too_close_to_test	1.0	
RETAASKS	0	13456	too_close_to_test	1.0	
KATSASKL	0	12219	too_close_to_test	1.0	
KEATASIK	0	8908	too_close_to_test	1.0	
KETIESKK	1	4270	too_close_to_test	1.0	
KEAIASKK	0	9389	too_close_to_test	1.0	
KESTAPKK	0	12442	too_close_to_test	1.0	
KESRAAKL	1	3630	too_close_to_test	1.0	
LESRAVKK	1	6008	too_close_to_test	1.0	
RETRGTKK	1	7752	too_close_to_test	1.0	
GDSTASKK	0	16384	too_close_to_test	1.0	
KQSTASKN	0	15833	too_close_to_test	1.0	
KDTTASDT	0	12598	too_close_to_test	1.0	
KETEATKI	1	4111	too_close_to_test	1.0	
KQTVAADL	1	5685	too_close_to_test	1.0	
EENAASKH	0	10007	too_close_to_test	1.0	
QETVAAKK	1	6897	too_close_to_test	1.0	
KVTTASRD	1	5906	too_close_to_test	1.0	
KENNDVKK	1	3099	too_close_to_test	1.0	
RATPGVKR	1	7160	too_close_to_test	1.0	
IETSAVKL	1	2514	too_close_to_test	1.0	
METPASKK	0	14009	too_close_to_test	1.0	
EDRSASYN	0	11359	too_close_to_test	1.0	
IQAPGSKL	0	13547	too_close_to_test	1.0	
KETTASIN	0	10693	too_close_to_test	1.0	
WETIAADL	0	16336	too_close_to_test	1.0	
RETNSSKI	1	7721	too_close_to_test	1.0	
KGSNAVKK	1	4923	too_close_to_test	1.0	
KETYAAKI	1	4855	too_close_to_test	1.0	
IDRSASYN	0	12576	too_close_to_test	1.0	
KGSTAVDL	1	4937	too_close_to_test	1.0	
VESWGSKL	1	8404	too_close_to_test	1.0	
REATASYK	0	16148	too_close_to_test	1.0	
RESTASVR	0	13719	too_close_to_test	1.0	
TNIPAPVK	0	13501	too_close_to_test	1.0	
LETSASKI	0	10833	too_close_to_test	1.0	
KETTAVQK	1	4722	too_close_to_test	1.0	
PETTASMK	0	15995	too_close_to_test	1.0	
QGASASDL	1	6913	too_close_to_test	1.0	
RETKASKL	1	7686	too_close_to_test	1.0	
RESSAVKI	1	7501	too_close_to_test	1.0	
KETISAKL	1	4284	too_close_to_test	1.0	
EETDAADL	1	1182	too_close_to_test	1.0	
QESTASVR	0	16757	too_close_to_test	1.0	
EESAAAKM	1	580	too_close_to_test	1.0	
KPKGAVKK	1	5209	too_close_to_test	1.0	
KEPTVSKL	1	3137	too_close_to_test	1.0	
QETTASLT	0	15352	too_close_to_test	1.0	
KDNAAIKK	1	2759	too_close_to_test	1.0	
PQTPASKK	0	15312	too_close_to_test	1.0	
PEPTGSKK	0	12303	too_close_to_test	1.0	
RERNAVKK	1	7284	too_close_to_test	1.0	
KTTVAAKL	1	5812	too_close_to_test	1.0	
KATPASKK	0	9156	too_close_to_test	1.0	
NETSASKI	0	9756	too_close_to_test	1.0	
HESNAVKS	1	2236	too_close_to_test	1.0	
KETPATKK	0	14750	too_close_to_test	1.0	
KESEDAKK	1	3268	too_close_to_test	1.0	
EESSAVNL	1	978	too_close_to_test	1.0	
EETIASKA	1	1283	too_close_to_test	1.0	
RESFAVKS	1	7350	too_close_to_test	1.0	
KDSNAVKI	1	2803	too_close_to_test	1.0	
KEPTGSYK	0	12824	too_close_to_test	1.0	
QETTGSEK	0	15354	too_close_to_test	1.0	
KESRAVKK	1	3668	too_close_to_test	1.0	
IATTASNK	0	11476	too_close_to_test	1.0	
KERTASKK	0	8837	too_close_to_test	1.0	
KETTGSKN	0	9939	too_close_to_test	1.0	
GESTAAKL	0	11743	too_close_to_test	1.0	
KESWGVDL	1	4016	too_close_to_test	1.0	
KETNGVKL	1	4403	too_close_to_test	1.0	
IESNAVKI	1	2461	too_close_to_test	1.0	
QQATAANK	0	9191	too_close_to_test	1.0	
KEANASKK	0	10215	too_close_to_test	1.0	
EETEAAKL	1	1201	too_close_to_test	1.0	
EETNAVKR	1	1362	too_close_to_test	1.0	
KMNIAAKK	1	5159	too_close_to_test	1.0	
QPSSGVKK	1	6979	too_close_to_test	1.0	
RQTTAVDL	1	8047	too_close_to_test	1.0	
QETPASYK	0	14090	too_close_to_test	1.0	
ETTGATKL	1	2057	too_close_to_test	1.0	
KGTTASLK	0	9752	too_close_to_test	1.0	
PVATASKK	0	16719	too_close_to_test	1.0	
QESNASKK	0	13427	too_close_to_test	1.0	
PATIAAKS	0	8642	too_close_to_test	1.0	
KDSTATKL	1	2824	too_close_to_test	1.0	
QEAAASKK	0	9949	too_close_to_test	1.0	
KETNISKK	1	4404	too_close_to_test	1.0	
TNIPAPNK	0	11458	too_close_to_test	1.0	
KESFAVKN	1	3294	too_close_to_test	1.0	
EESSASRL	1	949	too_close_to_test	1.0	
RESFAAKL	1	7325	too_close_to_test	1.0	
RESIAVKL	1	7395	too_close_to_test	1.0	
KDTTAVNK	1	2923	too_close_to_test	1.0	
KETTASTN	0	9391	too_close_to_test	1.0	
LESNAVKL	1	5997	too_close_to_test	1.0	
SAATASKK	0	12533	too_close_to_test	1.0	
SPSSAPKK	0	12538	too_close_to_test	1.0	
KETAAVNK	1	4055	too_close_to_test	1.0	
MESTASKK	0	9164	too_close_to_test	1.0	
RETTAVTK	1	7814	too_close_to_test	1.0	
EESTASKP	1	1049	too_close_to_test	1.0	
KETADSKV	0	10541	too_close_to_test	1.0	
TERNAVKK	1	8216	too_close_to_test	1.0	
RESSASTL	1	7496	too_close_to_test	1.0	
KQTSAVDL	1	5653	too_close_to_test	1.0	
EETEASRL	1	1205	too_close_to_test	1.0	
KDSTASVK	0	9928	too_close_to_test	1.0	
LQSTAAKL	1	6166	too_close_to_test	1.0	
WETTAVKK	1	8432	too_close_to_test	1.0	
QESVAVKL	1	6739	too_close_to_test	1.0	
KGPIASKK	0	13606	too_close_to_test	1.0	
RAATASQK	0	16122	too_close_to_test	1.0	
NETTASSL	0	15949	too_close_to_test	1.0	
EEARAVKI	1	483	too_close_to_test	1.0	
KESWAADL	1	3970	too_close_to_test	1.0	
KESLAVKL	1	3440	too_close_to_test	1.0	
KETDGSKK	0	9878	too_close_to_test	1.0	
KPSSAVKL	1	5236	too_close_to_test	1.0	
KESSDSKK	1	3777	too_close_to_test	1.0	
KETNGSKL	1	4399	too_close_to_test	1.0	
EDTVASKL	1	475	too_close_to_test	1.0	
KATNAVKK	1	2690	too_close_to_test	1.0	
EVSRAAKL	1	2079	too_close_to_test	1.0	
RATVASKL	1	7167	too_close_to_test	1.0	
TESTASKM	0	13490	too_close_to_test	1.0	
YETVASKL	1	8454	too_close_to_test	1.0	
IETRAVKK	1	2511	too_close_to_test	1.0	
KQSAAVKK	1	5355	too_close_to_test	1.0	
KGTSASRK	0	15218	too_close_to_test	1.0	
RETTASNR	0	11342	too_close_to_test	1.0	
RQTTASKN	0	14168	too_close_to_test	1.0	
QSAPASNT	0	9250	too_close_to_test	1.0	
KESGAVKL	1	3322	too_close_to_test	1.0	
EETSASTK	0	13803	too_close_to_test	1.0	
KETTDVKI	1	4743	too_close_to_test	1.0	
HETNSSKK	1	2339	too_close_to_test	1.0	
KEPTGSNK	0	9966	too_close_to_test	1.0	
PETTGSNK	0	14063	too_close_to_test	1.0	
RASVAAKL	1	7141	too_close_to_test	1.0	
KESLAAVL	1	3434	too_close_to_test	1.0	
KESRGAKK	1	3695	too_close_to_test	1.0	
ESSAAVKK	1	2023	too_close_to_test	1.0	
QETRASTK	0	14485	too_close_to_test	1.0	
KATTGSKK	0	10168	too_close_to_test	1.0	
RETTAVDM	1	7794	too_close_to_test	1.0	
KESFAVKR	1	3296	too_close_to_test	1.0	
KETRGVKL	1	4536	too_close_to_test	1.0	
KVTAASKK	0	9247	too_close_to_test	1.0	
EETRAAKS	1	1394	too_close_to_test	1.0	
KESAASKN	0	11189	too_close_to_test	1.0	
KESRAANK	1	3638	too_close_to_test	1.0	
KQSKAAKL	1	5396	too_close_to_test	1.0	
EESSDTKK	1	995	too_close_to_test	1.0	
KDTTASEK	0	10318	too_close_to_test	1.0	
AETTAAKL	1	143	too_close_to_test	1.0	
KASKAAKK	1	2588	too_close_to_test	1.0	
KATAASDL	1	2650	too_close_to_test	1.0	
RVTTASKT	0	14172	too_close_to_test	1.0	
KESSASHL	1	3733	too_close_to_test	1.0	
KVSTASKK	0	9539	too_close_to_test	1.0	
KDAPASKK	0	8818	too_close_to_test	1.0	
HETTASKN	0	11177	too_close_to_test	1.0	
KHSIASKL	1	5036	too_close_to_test	1.0	
RNTVAVKK	1	7928	too_close_to_test	1.0	
KQTVASKK	0	13975	too_close_to_test	1.0	
RGTTAPKK	0	10872	too_close_to_test	1.0	
KYTHAAKK	1	5925	too_close_to_test	1.0	
QDTPASRK	0	14075	too_close_to_test	1.0	
KETSAGKK	1	4565	too_close_to_test	1.0	
EESEASKS	1	629	too_close_to_test	1.0	
QETKASKL	1	6816	too_close_to_test	1.0	
HEAAGSEK	0	12778	too_close_to_test	1.0	
PDPTASKK	0	11691	too_close_to_test	1.0	
KGSEASKK	1	4907	too_close_to_test	1.0	
KESNGVKK	1	3589	too_close_to_test	1.0	
KVTTASIE	0	10326	too_close_to_test	1.0	
EETNGAKK	1	1369	too_close_to_test	1.0	
KESGASKK	0	11292	too_close_to_test	1.0	
QESIASDL	1	6609	too_close_to_test	1.0	
EEPTASRK	0	15504	too_close_to_test	1.0	
RETTASKE	0	8854	too_close_to_test	1.0	
KQGIASKQ	0	11526	too_close_to_test	1.0	
TRTTVAVK	0	13502	too_close_to_test	1.0	
KESLGSDL	1	3442	too_close_to_test	1.0	
TENNAVKL	1	8214	too_close_to_test	1.0	
KETVAIKK	1	4791	too_close_to_test	1.0	
QESWGSKR	1	6747	too_close_to_test	1.0	
PEPTASKQ	0	15295	too_close_to_test	1.0	
AATIAADL	1	8	too_close_to_test	1.0	
RGPPASKK	0	15401	too_close_to_test	1.0	
KETTDEKK	1	4739	too_close_to_test	1.0	
NEIPASMR	0	16661	too_close_to_test	1.0	
RETTAVYN	1	7819	too_close_to_test	1.0	
SVKTESNT	0	11351	too_close_to_test	1.0	
SETSAVKI	1	8160	too_close_to_test	1.0	
TETFAAKL	1	8274	too_close_to_test	1.0	
KETTASAT	0	11297	too_close_to_test	1.0	
EETEGSKK	1	1209	too_close_to_test	1.0	
QETSAATR	0	12928	too_close_to_test	1.0	
RKSSASKL	1	7909	too_close_to_test	1.0	
EENSASKL	1	539	too_close_to_test	1.0	
QATAASKK	0	10194	too_close_to_test	1.0	
EETWAVKK	1	1600	too_close_to_test	1.0	
KEHAASKK	0	16483	too_close_to_test	1.0	
QETPASNK	0	10719	too_close_to_test	1.0	
KESNATDL	1	3505	too_close_to_test	1.0	
HETRGTKK	1	2350	too_close_to_test	1.0	
TESQAAKK	1	8243	too_close_to_test	1.0	
KETFAAKM	1	4130	too_close_to_test	1.0	
RVITASEK	0	16227	too_close_to_test	1.0	
EETNAVKS	1	1363	too_close_to_test	1.0	
KSTTALET	0	9993	too_close_to_test	1.0	
QESFAVKK	1	6587	too_close_to_test	1.0	
RQSIGSKK	0	14545	too_close_to_test	1.0	
KETTAPKK	0	9468	too_close_to_test	1.0	
RETVAVKK	1	7844	too_close_to_test	1.0	
IKSSASKK	1	2537	too_close_to_test	1.0	
KESAAATK	0	14733	too_close_to_test	1.0	
EETSAVKM	1	1456	too_close_to_test	1.0	
KETTGARI	0	9643	too_close_to_test	1.0	
AERTAVKK	1	26	too_close_to_test	1.0	
EESAASTL	1	588	too_close_to_test	1.0	
LDTSASKK	0	11115	too_close_to_test	1.0	
QATAASKR	0	10717	too_close_to_test	1.0	
QERSASKK	0	11232	too_close_to_test	1.0	
KESSAVKM	1	3760	too_close_to_test	1.0	
KGSTAVKE	1	4938	too_close_to_test	1.0	
KETAALKK	1	4036	too_close_to_test	1.0	
EVTTAAKL	1	2099	too_close_to_test	1.0	
EETVAAKI	1	1569	too_close_to_test	1.0	
KESNAASL	1	3480	too_close_to_test	1.0	
METSAAEK	0	13381	too_close_to_test	1.0	
RETTASTQ	0	11581	too_close_to_test	1.0	
KDTAASNK	0	11380	too_close_to_test	1.0	
REAYASKK	0	9124	too_close_to_test	1.0	
HETQASKK	1	2341	too_close_to_test	1.0	
KETEAADL	1	4103	too_close_to_test	1.0	
EESGAAKL	1	664	too_close_to_test	1.0	
KESRGSDL	1	3697	too_close_to_test	1.0	
EGTDAVKK	1	1651	too_close_to_test	1.0	
YVAAASKK	1	8459	too_close_to_test	1.0	
IGPTASKK	0	12010	too_close_to_test	1.0	
IASTASKK	0	13264	too_close_to_test	1.0	
RGATASKK	0	9631	too_close_to_test	1.0	
LGTTRSDQ	0	13379	too_close_to_test	1.0	
NETSASKT	0	14849	too_close_to_test	1.0	
EESTEAKL	1	1083	too_close_to_test	1.0	
LEPSASKK	0	15880	too_close_to_test	1.0	
KESSGAKL	1	3789	too_close_to_test	1.0	
EESRAVKR	1	862	too_close_to_test	1.0	
EDTTAAKK	1	462	too_close_to_test	1.0	
LESTAAKK	1	6027	too_close_to_test	1.0	
HETRGSKK	0	9262	too_close_to_test	1.0	
EPNLAVKK	1	1760	too_close_to_test	1.0	
QETTGSKE	0	13437	too_close_to_test	1.0	
EGTTASRK	0	15095	too_close_to_test	1.0	
KETNGTKL	1	4400	too_close_to_test	1.0	
EEATASIK	0	15077	too_close_to_test	1.0	
QETDASKK	1	6765	too_close_to_test	1.0	
TESEGAKK	1	8220	too_close_to_test	1.0	
KETRSVKI	1	4541	too_close_to_test	1.0	
EDSVAADL	1	418	too_close_to_test	1.0	
TELAASRE	0	8983	too_close_to_test	1.0	
EETNGAKI	1	1368	too_close_to_test	1.0	
QGSMASKR	0	9069	too_close_to_test	1.0	
EESSASKD	0	13038	too_close_to_test	1.0	
KVTRAAKK	1	5900	too_close_to_test	1.0	
KPTGAVKI	1	5263	too_close_to_test	1.0	
KETGDAKK	1	4158	too_close_to_test	1.0	
KDSTAVKL	1	2828	too_close_to_test	1.0	
KETDAVKS	1	4099	too_close_to_test	1.0	
KETTDSKK	0	8847	too_close_to_test	1.0	
RETAASIK	0	9734	too_close_to_test	1.0	
MGSPASKL	1	6240	too_close_to_test	1.0	
KEPPASNN	0	12609	too_close_to_test	1.0	
KQSPASKK	0	12461	too_close_to_test	1.0	
KHSVASKL	1	5049	too_close_to_test	1.0	
KETSAATR	0	8702	too_close_to_test	1.0	
TNIPAPKT	0	10160	too_close_to_test	1.0	
QLTTASKQ	0	14111	too_close_to_test	1.0	
LDTSAAKK	0	14413	too_close_to_test	1.0	
SEPTASKK	0	9444	too_close_to_test	1.0	
KEAPASNK	0	13081	too_close_to_test	1.0	
KETNASEQ	0	10987	too_close_to_test	1.0	
TETTAPKK	0	13224	too_close_to_test	1.0	
KESSAADK	1	3713	too_close_to_test	1.0	
KEPTGSKK	0	8698	too_close_to_test	1.0	
QSSIAAKL	1	7088	too_close_to_test	1.0	
RDTAAVKL	1	7207	too_close_to_test	1.0	
KLASAVKK	1	5109	too_close_to_test	1.0	
TETRASKK	0	9819	too_close_to_test	1.0	
KVRTAVKK	1	5839	too_close_to_test	1.0	
QATTGSKK	0	13419	too_close_to_test	1.0	
NKSTASKK	0	10840	too_close_to_test	1.0	
RETDGSKL	1	7624	too_close_to_test	1.0	
KQSTATKL	1	5457	too_close_to_test	1.0	
KATTAAKI	0	15131	too_close_to_test	1.0	
KETIASLK	0	13925	too_close_to_test	1.0	
KNSRAAKL	1	5172	too_close_to_test	1.0	
RETEATKK	1	7630	too_close_to_test	1.0	
QESTASVK	0	9269	too_close_to_test	1.0	
NEPTASVK	0	9755	too_close_to_test	1.0	
NETTASNE	0	14852	too_close_to_test	1.0	
TESMAVVL	1	8233	too_close_to_test	1.0	
YESWGSKK	1	8450	too_close_to_test	1.0	
KESNAVTL	1	3560	too_close_to_test	1.0	
IESSASDL	1	2472	too_close_to_test	1.0	
KVTPASKR	0	10554	too_close_to_test	1.0	
KETIASDI	1	4240	too_close_to_test	1.0	
KATTASQT	0	15132	too_close_to_test	1.0	
KEIIASKK	0	11088	too_close_to_test	1.0	
RESTGTKK	1	7561	too_close_to_test	1.0	
KATAASLK	0	14680	too_close_to_test	1.0	
EATTGVKK	1	363	too_close_to_test	1.0	
EESTAANL	1	1032	too_close_to_test	1.0	
KSSRAVKL	1	5739	too_close_to_test	1.0	
REAPASKK	0	11437	too_close_to_test	1.0	
KPPAASIN	0	9808	too_close_to_test	1.0	
CETSAVKK	1	197	too_close_to_test	1.0	
KETPASKT	0	10360	too_close_to_test	1.0	
RESSASMK	1	7493	too_close_to_test	1.0	
ESTMAVKK	1	2041	too_close_to_test	1.0	
KQSTAADK	1	5444	too_close_to_test	1.0	
TESSASIK	0	11726	too_close_to_test	1.0	
KEINAVKI	1	3014	too_close_to_test	1.0	
KESAAAVL	1	3189	too_close_to_test	1.0	
KETVASKT	0	12270	too_close_to_test	1.0	
EDTLASKL	1	450	too_close_to_test	1.0	
KESSASKK	1	3736	too_close_to_test	1.0	
KDATAVKR	1	2745	too_close_to_test	1.0	
EQTTASKL	1	1988	too_close_to_test	1.0	
EETKDSKR	1	1323	too_close_to_test	1.0	
NRTPASKK	0	15968	too_close_to_test	1.0	
TESDASRK	0	13488	too_close_to_test	1.0	
KETPASKE	0	11880	too_close_to_test	1.0	
HESNAVKK	1	2232	too_close_to_test	1.0	
RERVASKL	1	7289	too_close_to_test	1.0	
RGPTASRK	0	16204	too_close_to_test	1.0	
QQTTASRK	0	12509	too_close_to_test	1.0	
RETLAADL	1	7692	too_close_to_test	1.0	
KQTRASKK	0	11403	too_close_to_test	1.0	
RTTTAVKK	1	8079	too_close_to_test	1.0	
KQTKAVKL	1	5617	too_close_to_test	1.0	
TEGTGSKK	0	12736	too_close_to_test	1.0	
KATTAVDL	1	2712	too_close_to_test	1.0	
RESSGTKL	1	7516	too_close_to_test	1.0	
EQTSASKK	0	13041	too_close_to_test	1.0	
KETTASRQ	0	9987	too_close_to_test	1.0	
KEATASIR	0	15155	too_close_to_test	1.0	
KGTPASEK	0	14373	too_close_to_test	1.0	
KENTASKT	0	15167	too_close_to_test	1.0	
PATTASKN	0	14868	too_close_to_test	1.0	
QETTDSIK	0	8964	too_close_to_test	1.0	
KGPTASNK	0	10694	too_close_to_test	1.0	
HETIAAKI	1	2327	too_close_to_test	1.0	
KGTSAVKL	1	5009	too_close_to_test	1.0	
KQTDASDL	1	5509	too_close_to_test	1.0	
VEPTGSIE	0	11264	too_close_to_test	1.0	
KGTAASTK	0	13333	too_close_to_test	1.0	
KETRGAKL	1	4530	too_close_to_test	1.0	
QQTEASKK	1	7057	too_close_to_test	1.0	
RETIGVKK	1	7676	too_close_to_test	1.0	
KVTYAADL	1	5920	too_close_to_test	1.0	
RGTSASWK	1	7886	too_close_to_test	1.0	
RQTSAAKR	0	8664	too_close_to_test	1.0	
TETTAVKL	1	8328	too_close_to_test	1.0	
LQATASKK	0	16639	too_close_to_test	1.0	
QGSVASKI	1	6927	too_close_to_test	1.0	
KETTGSSK	0	13940	too_close_to_test	1.0	
KESTDSDL	1	3869	too_close_to_test	1.0	
KESWATKK	1	3976	too_close_to_test	1.0	
TASTASIK	0	15437	too_close_to_test	1.0	
EQSTAPKK	1	1891	too_close_to_test	1.0	
RARTASKK	0	16808	too_close_to_test	1.0	
TETTASRN	0	16291	too_close_to_test	1.0	
KDTTASDK	0	12226	too_close_to_test	1.0	
KGATASKV	0	16549	too_close_to_test	1.0	
KTTDAVKK	1	5798	too_close_to_test	1.0	
RESRAAKI	1	7459	too_close_to_test	1.0	
EESSASVL	1	953	too_close_to_test	1.0	
EESTAARL	1	1035	too_close_to_test	1.0	
KENNAAKK	1	3068	too_close_to_test	1.0	
TESTASRK	0	13009	too_close_to_test	1.0	
EETVASKR	1	1582	too_close_to_test	1.0	
KQTNASKK	0	12070	too_close_to_test	1.0	
KESSAVKI	1	3757	too_close_to_test	1.0	
KQTDAVKM	1	5535	too_close_to_test	1.0	
RESFAVRL	1	7360	too_close_to_test	1.0	
LQTAASKK	0	14824	too_close_to_test	1.0	
QQTTASKI	0	13705	too_close_to_test	1.0	
KGPTASRK	0	13610	too_close_to_test	1.0	
TRTDAVKI	0	14223	too_close_to_test	1.0	
EETTAASK	1	1504	too_close_to_test	1.0	
ADTTASKK	0	12387	too_close_to_test	1.0	
LQSTAVKK	1	6168	too_close_to_test	1.0	
KEHTGAKK	0	10172	too_close_to_test	1.0	
KATTVSKK	0	12021	too_close_to_test	1.0	
IESRAAKK	1	2466	too_close_to_test	1.0	
KGSNASIK	0	14370	too_close_to_test	1.0	
HDPTASKK	0	13818	too_close_to_test	1.0	
LESVAAKK	1	6042	too_close_to_test	1.0	
KETPASEN	0	13322	too_close_to_test	1.0	
KEPVASKL	1	3138	too_close_to_test	1.0	
KVTSASLK	0	16611	too_close_to_test	1.0	
KESWGTKK	1	4014	too_close_to_test	1.0	
QRATASKK	0	14499	too_close_to_test	1.0	
RETTASIR	0	9599	too_close_to_test	1.0	
LETTASKM	0	16629	too_close_to_test	1.0	
KERIAADL	1	3147	too_close_to_test	1.0	
QESIAVKR	1	6619	too_close_to_test	1.0	
QETHESKL	1	6785	too_close_to_test	1.0	
AETGAVKL	1	103	too_close_to_test	1.0	
RENTAAKL	1	7274	too_close_to_test	1.0	
IETAAVKI	1	2491	too_close_to_test	1.0	
AETIAAVL	1	110	too_close_to_test	1.0	
TGSPASKK	0	16296	too_close_to_test	1.0	
REPTASKQ	0	12522	too_close_to_test	1.0	
QESRASDL	1	6664	too_close_to_test	1.0	
QETMAAKL	1	6827	too_close_to_test	1.0	
KETRAVMI	1	4498	too_close_to_test	1.0	
KETTASNN	0	9120	too_close_to_test	1.0	
TRTTASKK	0	9403	too_close_to_test	1.0	
QESTAVKI	1	6715	too_close_to_test	1.0	
WQTSAAKR	0	12556	too_close_to_test	1.0	
PESTAAKQ	0	11692	too_close_to_test	1.0	
LENVASKK	1	5954	too_close_to_test	1.0	
NETAASKK	0	8843	too_close_to_test	1.0	
KHTHDAKL	1	5052	too_close_to_test	1.0	
KDSTAADL	1	2819	too_close_to_test	1.0	
QETTASSE	0	10928	too_close_to_test	1.0	
KESMAVKK	1	3457	too_close_to_test	1.0	
NEARASKK	0	12091	too_close_to_test	1.0	
EETRGAKK	1	1430	too_close_to_test	1.0	
KSSRAADL	1	5730	too_close_to_test	1.0	
EETSAVKN	1	1457	too_close_to_test	1.0	
KEPPASKI	0	12241	too_close_to_test	1.0	
DESSASDL	1	224	too_close_to_test	1.0	
RETAASKT	0	11038	too_close_to_test	1.0	
TETNASKN	0	15454	too_close_to_test	1.0	
SESTGAKL	0	8718	too_close_to_test	1.0	
GETTASRK	0	12203	too_close_to_test	1.0	
QETTASKS	0	10860	too_close_to_test	1.0	
NGSAASKK	0	14856	too_close_to_test	1.0	
KETRATDL	1	4472	too_close_to_test	1.0	
DENNAVKK	1	212	too_close_to_test	1.0	
KVTTASKE	0	9159	too_close_to_test	1.0	
RESNAVRK	1	7442	too_close_to_test	1.0	
AETDASKI	1	98	too_close_to_test	1.0	
RESSASSK	0	16833	too_close_to_test	1.0	
RVTIAAKL	1	8090	too_close_to_test	1.0	
TASTASKK	0	11256	too_close_to_test	1.0	
KETVAVKV	1	4830	too_close_to_test	1.0	
KVPAASKK	0	13357	too_close_to_test	1.0	
KESRASKN	0	13316	too_close_to_test	1.0	
KESTGGKL	1	3892	too_close_to_test	1.0	
KETSAVKF	1	4592	too_close_to_test	1.0	
NETTASNT	0	14031	too_close_to_test	1.0	
DESNAVKK	1	218	too_close_to_test	1.0	
KESNAVHG	1	3518	too_close_to_test	1.0	
KETTASRN	0	9378	too_close_to_test	1.0	
EETAASTK	0	12757	too_close_to_test	1.0	
NEATASGK	0	11411	too_close_to_test	1.0	
KGTIAAKL	1	4976	too_close_to_test	1.0	
KDTPASTK	0	12424	too_close_to_test	1.0	
MATAASKK	0	12670	too_close_to_test	1.0	
KQTAASAK	0	8728	too_close_to_test	1.0	
KETIAADM	1	4201	too_close_to_test	1.0	
EETTAAKN	1	1497	too_close_to_test	1.0	
LGTSAEYK	0	9337	too_close_to_test	1.0	
EESSAEKK	1	911	too_close_to_test	1.0	
KGTLASKK	0	14775	too_close_to_test	1.0	
QETHAAKL	1	6779	too_close_to_test	1.0	
LESTAAVK	1	6029	too_close_to_test	1.0	
TETPAVKK	0	12374	too_close_to_test	1.0	
KEIRASKK	0	11868	too_close_to_test	1.0	
TESTASDK	0	14205	too_close_to_test	1.0	
TQAPGSKD	0	10077	too_close_to_test	1.0	
HETTASKE	0	10893	too_close_to_test	1.0	
RNIPAPKK	0	8575	too_close_to_test	1.0	
KETTASTE	0	10112	too_close_to_test	1.0	
PETPASKI	0	16700	too_close_to_test	1.0	
KEAAASKK	0	8928	too_close_to_test	1.0	
YQTSASKQ	0	10239	too_close_to_test	1.0	
QETSAAEK	0	9183	too_close_to_test	1.0	
EASSASKL	1	301	too_close_to_test	1.0	
EPTTAAKL	1	1802	too_close_to_test	1.0	
HEATASKK	0	9901	too_close_to_test	1.0	
LETAAVRI	1	6056	too_close_to_test	1.0	
KETTASDK	0	9025	too_close_to_test	1.0	
KQTDAVEL	1	5526	too_close_to_test	1.0	
SVTTASSE	0	9340	too_close_to_test	1.0	
TVTTASKK	0	8899	too_close_to_test	1.0	
KETNRSKL	1	4406	too_close_to_test	1.0	
NETTASIE	0	14851	too_close_to_test	1.0	
NESSDAIK	1	6301	too_close_to_test	1.0	
RSSRAAKK	1	8067	too_close_to_test	1.0	
LESNAADL	1	5987	too_close_to_test	1.0	
KETEGSKL	1	4122	too_close_to_test	1.0	
EETSAVKR	1	1459	too_close_to_test	1.0	
KSTSAVKK	1	5773	too_close_to_test	1.0	
KESTAGKI	1	3829	too_close_to_test	1.0	
KQTTASKN	0	11209	too_close_to_test	1.0	
KETTDSKL	1	4742	too_close_to_test	1.0	
EETIASKI	1	1284	too_close_to_test	1.0	
KETTDAKR	1	4735	too_close_to_test	1.0	
TETNGAKL	0	9717	too_close_to_test	1.0	
NETSGSKK	0	12480	too_close_to_test	1.0	
TLTTASKK	0	15463	too_close_to_test	1.0	
EESSTSKK	1	1016	too_close_to_test	1.0	
KESTAAIE	0	13901	too_close_to_test	1.0	
KESIASKI	1	3376	too_close_to_test	1.0	
KQTSASKI	0	12860	too_close_to_test	1.0	
KESVASKM	1	3939	too_close_to_test	1.0	
MVNRARIE	0	8662	too_close_to_test	1.0	
KQTGAVKL	1	5589	too_close_to_test	1.0	
IETSASKN	0	14662	too_close_to_test	1.0	
RESNAVKV	1	7438	too_close_to_test	1.0	
RENNAVKL	1	7270	too_close_to_test	1.0	
RETTATSI	0	8855	too_close_to_test	1.0	
LESRGTKK	1	6014	too_close_to_test	1.0	
KESTASHK	0	12615	too_close_to_test	1.0	
KETSAVKC	1	4590	too_close_to_test	1.0	
KESSGAKI	1	3788	too_close_to_test	1.0	
SQATASIK	0	16900	too_close_to_test	1.0	
EETTAVKT	1	1533	too_close_to_test	1.0	
NETVAVKK	1	6365	too_close_to_test	1.0	
KQSRGAKL	1	5425	too_close_to_test	1.0	
RQTTDVKK	1	8053	too_close_to_test	1.0	
KDKTASRK	1	2757	too_close_to_test	1.0	
EGTSAAKI	1	1665	too_close_to_test	1.0	
RGTSGSKK	0	11718	too_close_to_test	1.0	
KETSAPKK	0	11650	too_close_to_test	1.0	
RETTSSKL	1	7830	too_close_to_test	1.0	
QESRAVKK	1	6669	too_close_to_test	1.0	
KGTAASKN	0	13106	too_close_to_test	1.0	
KGTNSSKL	1	4993	too_close_to_test	1.0	
PESFAVKL	1	6419	too_close_to_test	1.0	
KQTTASKK	0	8574	too_close_to_test	1.0	
HESEAAKK	1	2209	too_close_to_test	1.0	
KVTAASNK	0	13636	too_close_to_test	1.0	
EETSAAKS	1	1442	too_close_to_test	1.0	
RQVSAAKK	0	14551	too_close_to_test	1.0	
RQTSASNQ	1	8042	too_close_to_test	1.0	
TNIPAPKS	0	11601	too_close_to_test	1.0	
QESSASIK	0	9892	too_close_to_test	1.0	
EGTTGSIK	0	15522	too_close_to_test	1.0	
ENSSASKK	0	12768	too_close_to_test	1.0	
NETTGSKR	0	8932	too_close_to_test	1.0	
KVSPASKK	0	11532	too_close_to_test	1.0	
KQATASRK	0	16583	too_close_to_test	1.0	
SETTASKQ	0	10586	too_close_to_test	1.0	
QPTGAVKL	1	6991	too_close_to_test	1.0	
KVPTAAKK	0	13123	too_close_to_test	1.0	
EESSAARL	1	904	too_close_to_test	1.0	
KGSSAAKL	1	4930	too_close_to_test	1.0	
QAATASKK	0	8957	too_close_to_test	1.0	
KVAGASKK	0	14806	too_close_to_test	1.0	
EEATASEK	0	13523	too_close_to_test	1.0	
TRSAASYE	0	15467	too_close_to_test	1.0	
KDPLASKK	0	15644	too_close_to_test	1.0	
KTTTASKK	0	9994	too_close_to_test	1.0	
SVTTASKK	0	9796	too_close_to_test	1.0	
IESIASKR	1	2449	too_close_to_test	1.0	
HVKTESNT	0	10966	too_close_to_test	1.0	
EETAATKK	1	1167	too_close_to_test	1.0	
NESTASKK	0	8697	too_close_to_test	1.0	
KDTDAAKL	1	2857	too_close_to_test	1.0	
QESIASKL	1	6611	too_close_to_test	1.0	
YEAIASTK	0	16340	too_close_to_test	1.0	
AETHASKL	1	105	too_close_to_test	1.0	
KESNAVNL	1	3544	too_close_to_test	1.0	
KETTASVQ	0	9307	too_close_to_test	1.0	
EQAPGSKD	0	11273	too_close_to_test	1.0	
KESFAVKS	1	3297	too_close_to_test	1.0	
DETTAVKK	1	256	too_close_to_test	1.0	
KESSAAKI	1	3715	too_close_to_test	1.0	
DESTAVKK	1	236	too_close_to_test	1.0	
NESRAAKL	1	6292	too_close_to_test	1.0	
RETIASKI	0	14978	too_close_to_test	1.0	
PQKTASKQ	0	10514	too_close_to_test	1.0	
QGSSASKK	0	12935	too_close_to_test	1.0	
HETAASKK	0	9902	too_close_to_test	1.0	
KESWSSKL	1	4024	too_close_to_test	1.0	
IVTTASKK	0	9125	too_close_to_test	1.0	
QASTASKI	0	16729	too_close_to_test	1.0	
KQTDAVKS	1	5540	too_close_to_test	1.0	
KVTAASKT	0	10699	too_close_to_test	1.0	
EETRAVDL	1	1408	too_close_to_test	1.0	
KETIAARL	1	4223	too_close_to_test	1.0	
KEASASNK	0	10897	too_close_to_test	1.0	
KAKTAVKK	1	2569	too_close_to_test	1.0	
CESTAAKK	1	192	too_close_to_test	1.0	
KESEASKR	1	3261	too_close_to_test	1.0	
KDTPASEN	0	15658	too_close_to_test	1.0	
HETIAVKI	1	2331	too_close_to_test	1.0	
KETLAVKK	1	4329	too_close_to_test	1.0	
KDTPASKK	0	9344	too_close_to_test	1.0	
KVTTLSKK	0	11679	too_close_to_test	1.0	
KDTSGSKK	0	11086	too_close_to_test	1.0	
RETVAVKV	1	7846	too_close_to_test	1.0	
HETRAAKK	1	2343	too_close_to_test	1.0	
PEASASNK	0	15981	too_close_to_test	1.0	
EETLAVKR	1	1339	too_close_to_test	1.0	
KAAVGSKL	0	9240	too_close_to_test	1.0	
EGTNASKK	0	14625	too_close_to_test	1.0	
LPTGGSKK	1	6154	too_close_to_test	1.0	
QQTVAADL	1	7080	too_close_to_test	1.0	
RDPTASKK	0	9863	too_close_to_test	1.0	
KESVASNL	1	3942	too_close_to_test	1.0	
EESTDSKL	1	1079	too_close_to_test	1.0	
EESTASVK	1	1056	too_close_to_test	1.0	
KESNGSDL	1	3581	too_close_to_test	1.0	
PQSTASKK	0	10923	too_close_to_test	1.0	
KESIASVK	0	8758	too_close_to_test	1.0	
KEVTASKK	0	9131	too_close_to_test	1.0	
KASRAAKK	1	2602	too_close_to_test	1.0	
IETTAAKL	0	10044	too_close_to_test	1.0	
TESTGAKL	0	8555	too_close_to_test	1.0	
NGTPASKK	0	11926	too_close_to_test	1.0	
KEKNAVKK	1	3034	too_close_to_test	1.0	
EESIGSKK	1	721	too_close_to_test	1.0	
EESNAVKI	1	792	too_close_to_test	1.0	
EESYAAKM	1	1158	too_close_to_test	1.0	
QETAAVDL	1	6754	too_close_to_test	1.0	
EDTTASRK	0	13793	too_close_to_test	1.0	
EETTASIQ	0	15510	too_close_to_test	1.0	
KETIGSKK	1	4277	too_close_to_test	1.0	
QQTTASKV	0	14115	too_close_to_test	1.0	
KETIASVL	1	4245	too_close_to_test	1.0	
KEGTASKI	0	13882	too_close_to_test	1.0	
EETNGTKK	1	1374	too_close_to_test	1.0	
KETTALKK	1	4688	too_close_to_test	1.0	
RPTGAVKK	1	7943	too_close_to_test	1.0	
KHTTASKK	0	10181	too_close_to_test	1.0	
KETTASSR	0	15766	too_close_to_test	1.0	
RVATASVK	0	16226	too_close_to_test	1.0	
KETYAAKK	1	4856	too_close_to_test	1.0	
SETTASLK	0	12987	too_close_to_test	1.0	
KQSAVAKS	1	5366	too_close_to_test	1.0	
KETTASVR	0	12842	too_close_to_test	1.0	
KETRASLK	0	11771	too_close_to_test	1.0	
EESEAAKL	1	622	too_close_to_test	1.0	
IESRGSKK	1	2470	too_close_to_test	1.0	
KESTASRV	0	15179	too_close_to_test	1.0	
NEAAASNK	0	10060	too_close_to_test	1.0	
IESHASDK	0	13057	too_close_to_test	1.0	
KETAASIE	0	11094	too_close_to_test	1.0	
KKTIAAKL	1	5097	too_close_to_test	1.0	
QETAAVKL	1	6757	too_close_to_test	1.0	
KDTNAAKL	1	2887	too_close_to_test	1.0	
KGTSASYK	0	15794	too_close_to_test	1.0	
QETRASKN	0	14091	too_close_to_test	1.0	
HESRAAKL	1	2241	too_close_to_test	1.0	
EESRAVKI	1	859	too_close_to_test	1.0	
KVTNASRK	0	13989	too_close_to_test	1.0	
EETRASKM	1	1401	too_close_to_test	1.0	
NESTAADL	1	6304	too_close_to_test	1.0	
RDTRAVKL	1	7216	too_close_to_test	1.0	
PDRSASYN	0	11546	too_close_to_test	1.0	
KETLASKN	0	14349	too_close_to_test	1.0	
QRATASKI	0	13707	too_close_to_test	1.0	
SETTASKM	0	11162	too_close_to_test	1.0	
RAPAASKK	0	12950	too_close_to_test	1.0	
KETNAVKQ	1	4377	too_close_to_test	1.0	
KDTVAAKL	1	2929	too_close_to_test	1.0	
KESEAADK	1	3248	too_close_to_test	1.0	
KQTEASKK	1	5579	too_close_to_test	1.0	
NESTASEK	0	14841	too_close_to_test	1.0	
RVTTASKQ	0	10002	too_close_to_test	1.0	
PESTASKL	0	12487	too_close_to_test	1.0	
KVKTASNK	0	10225	too_close_to_test	1.0	
KAAPASKK	0	11369	too_close_to_test	1.0	
KATTASTK	0	9665	too_close_to_test	1.0	
EESFGSKK	1	662	too_close_to_test	1.0	
KGTSASKR	0	14778	too_close_to_test	1.0	
KETRAVNI	1	4499	too_close_to_test	1.0	
KETTASKV	0	9266	too_close_to_test	1.0	
RAAVGSKL	0	10783	too_close_to_test	1.0	
KETTGTKK	1	4762	too_close_to_test	1.0	
IQTPASKK	0	13065	too_close_to_test	1.0	
NETIASYK	0	15937	too_close_to_test	1.0	
EQSTGSKK	1	1905	too_close_to_test	1.0	
KESGASDL	1	3314	too_close_to_test	1.0	
KESFAAKI	1	3274	too_close_to_test	1.0	
HETTAAKL	1	2360	too_close_to_test	1.0	
EETRAVRL	1	1420	too_close_to_test	1.0	
RETRDSKR	1	7745	too_close_to_test	1.0	
TETNASKI	0	13760	too_close_to_test	1.0	
NESFAVKL	1	6274	too_close_to_test	1.0	
EESIATKL	1	709	too_close_to_test	1.0	
EETTASTT	0	15513	too_close_to_test	1.0	
NETSAVKL	1	6352	too_close_to_test	1.0	
EESEGAKL	1	636	too_close_to_test	1.0	
KQSTAAVL	1	5450	too_close_to_test	1.0	
EATTAAKK	0	13791	too_close_to_test	1.0	
KESSAAKK	1	3716	too_close_to_test	1.0	
KVTPASKT	0	13990	too_close_to_test	1.0	
RETIAAYL	1	7663	too_close_to_test	1.0	
RQTTASRK	0	15417	too_close_to_test	1.0	
KATTASIQ	0	13291	too_close_to_test	1.0	
TDTTASVK	0	13483	too_close_to_test	1.0	
KETIAPDL	1	4238	too_close_to_test	1.0	
KETAASSK	0	11387	too_close_to_test	1.0	
QQTVAAKL	1	7083	too_close_to_test	1.0	
IESIASKM	1	2446	too_close_to_test	1.0	
KVTQAIKK	1	5895	too_close_to_test	1.0	
QHSRAAKL	1	6941	too_close_to_test	1.0	
EETTASLK	0	10805	too_close_to_test	1.0	
KATIAARK	0	13068	too_close_to_test	1.0	
TEATASKK	0	8841	too_close_to_test	1.0	
AETSDSKL	1	138	too_close_to_test	1.0	
KEITASTK	0	15694	too_close_to_test	1.0	
YVTTASKK	0	11070	too_close_to_test	1.0	
QVTSASKK	0	10576	too_close_to_test	1.0	
KETHESKL	1	4190	too_close_to_test	1.0	
RETTASAI	0	15397	too_close_to_test	1.0	
QGTTASKN	0	10930	too_close_to_test	1.0	
RESTASKM	0	10649	too_close_to_test	1.0	
KAATAVKK	1	2562	too_close_to_test	1.0	
HESTASKQ	0	13822	too_close_to_test	1.0	
KETVASKI	1	4801	too_close_to_test	1.0	
EPTGGAKL	1	1786	too_close_to_test	1.0	
KENNAVIK	1	3080	too_close_to_test	1.0	
KTTSAVKL	1	5807	too_close_to_test	1.0	
NQTSASKK	0	12893	too_close_to_test	1.0	
KQTAASKT	0	14798	too_close_to_test	1.0	
SESTAAKI	1	8130	too_close_to_test	1.0	
EESDSSKK	1	618	too_close_to_test	1.0	
KETMAAKR	1	4339	too_close_to_test	1.0	
KETSASSK	0	9569	too_close_to_test	1.0	
KETTGAKL	1	4754	too_close_to_test	1.0	
EPAIGVKK	1	1758	too_close_to_test	1.0	
HDSVAAKI	1	2185	too_close_to_test	1.0	
KESRVAKL	1	3712	too_close_to_test	1.0	
TEPTASQK	0	10739	too_close_to_test	1.0	
KASSASKK	0	11181	too_close_to_test	1.0	
KESRDAKK	1	3676	too_close_to_test	1.0	
KDTFAAKL	1	2863	too_close_to_test	1.0	
KETIAAKS	1	4217	too_close_to_test	1.0	
KQSTAAKK	1	5446	too_close_to_test	1.0	
KEHTASSK	1	3005	too_close_to_test	1.0	
RLNTGVKL	1	7917	too_close_to_test	1.0	
KETFAVKI	1	4143	too_close_to_test	1.0	
KPTTASKQ	0	10443	too_close_to_test	1.0	
EESTASDL	1	1043	too_close_to_test	1.0	
TETRAAKL	1	8298	too_close_to_test	1.0	
KESNHAKL	1	3593	too_close_to_test	1.0	
QESMATKK	1	6631	too_close_to_test	1.0	
HESWGSKV	1	2304	too_close_to_test	1.0	
KQTTASKM	0	13116	too_close_to_test	1.0	
LEAIASKK	0	14414	too_close_to_test	1.0	
TETTASKA	0	16289	too_close_to_test	1.0	
KQTDAVDL	1	5523	too_close_to_test	1.0	
KETTGTDL	1	4759	too_close_to_test	1.0	
TDRSASYN	0	10526	too_close_to_test	1.0	
KDTGASKK	0	9141	too_close_to_test	1.0	
IETVASKK	0	10167	too_close_to_test	1.0	
LETVAAKK	1	6120	too_close_to_test	1.0	
KENSASTT	1	3106	too_close_to_test	1.0	
QPTGGVKK	0	9018	too_close_to_test	1.0	
KETIASTE	0	16517	too_close_to_test	1.0	
KLSTAVKI	1	5129	too_close_to_test	1.0	
EETNASKL	1	1356	too_close_to_test	1.0	
METIAVKK	1	6226	too_close_to_test	1.0	
IESTASTK	0	12411	too_close_to_test	1.0	
NETTASKS	0	14030	too_close_to_test	1.0	
KKTPAVKK	1	5100	too_close_to_test	1.0	
SVTKATNK	0	14186	too_close_to_test	1.0	
EESSSSKK	1	1013	too_close_to_test	1.0	
PVPTASKK	0	13680	too_close_to_test	1.0	
KESRAVKA	1	3666	too_close_to_test	1.0	
QESRGTKL	1	6679	too_close_to_test	1.0	
KQSTAAKL	1	5447	too_close_to_test	1.0	
KETFATKI	1	4141	too_close_to_test	1.0	
KETMAVKI	1	4348	too_close_to_test	1.0	
EETTASMK	0	12761	too_close_to_test	1.0	
SDTTAVKK	1	8104	too_close_to_test	1.0	
EETTATKL	1	1521	too_close_to_test	1.0	
KPSTGVKL	1	5246	too_close_to_test	1.0	
TQDTASKK	0	16309	too_close_to_test	1.0	
KETVAAKS	1	4782	too_close_to_test	1.0	
KGTAASHK	0	14774	too_close_to_test	1.0	
TEPPASKK	0	10342	too_close_to_test	1.0	
KETTASVK	0	8478	too_close_to_test	1.0	
KPAAGVKL	1	5193	too_close_to_test	1.0	
REPTASKK	0	8814	too_close_to_test	1.0	
EESMAVKK	1	756	too_close_to_test	1.0	
EVTRAAKL	1	2096	too_close_to_test	1.0	
RPTTASNK	0	14163	too_close_to_test	1.0	
KGSTGSKK	0	13612	too_close_to_test	1.0	
KATSAAVK	1	2704	too_close_to_test	1.0	
NETTASKR	0	9171	too_close_to_test	1.0	
QPTGGAKI	1	6993	too_close_to_test	1.0	
QQSIAAKL	1	7022	too_close_to_test	1.0	
KETSAVLK	1	4604	too_close_to_test	1.0	
KETYDSKL	1	4868	too_close_to_test	1.0	
RQSTAADL	1	7994	too_close_to_test	1.0	
QDTHAAKK	1	6521	too_close_to_test	1.0	
KVATASTK	0	11675	too_close_to_test	1.0	
KESNGVKI	1	3588	too_close_to_test	1.0	
EESVASDL	1	1118	too_close_to_test	1.0	
TETTGSKS	1	8330	too_close_to_test	1.0	
KATTASEQ	0	13071	too_close_to_test	1.0	
AQTTAVKK	1	183	too_close_to_test	1.0	
KGTSASSK	0	15793	too_close_to_test	1.0	
PETNGSKK	0	15301	too_close_to_test	1.0	
TETTASRQ	0	16292	too_close_to_test	1.0	
RESSAVKR	1	7504	too_close_to_test	1.0	
KVSTASRK	0	14810	too_close_to_test	1.0	
EETRATKL	1	1406	too_close_to_test	1.0	
KESNAARK	1	3479	too_close_to_test	1.0	
EKTVASKL	1	1718	too_close_to_test	1.0	
KETNAVRI	1	4380	too_close_to_test	1.0	
KESSASDL	1	3729	too_close_to_test	1.0	
KASWASKL	1	2643	too_close_to_test	1.0	
KETAAAKI	1	4031	too_close_to_test	1.0	
RESTASKR	0	9629	too_close_to_test	1.0	
QDTTASKL	0	10925	too_close_to_test	1.0	
QGAPASKK	0	14927	too_close_to_test	1.0	
SETSASKK	0	9134	too_close_to_test	1.0	
KEATASNE	0	16474	too_close_to_test	1.0	
KVAPASKK	0	11530	too_close_to_test	1.0	
EYTHAAKL	1	2108	too_close_to_test	1.0	
KEPTPSVK	0	13312	too_close_to_test	1.0	
PATTASIK	0	15289	too_close_to_test	1.0	
KESTVAKL	1	3914	too_close_to_test	1.0	
RETIAVKS	1	7674	too_close_to_test	1.0	
KPSRAVKK	1	5230	too_close_to_test	1.0	
QETTASNK	0	8754	too_close_to_test	1.0	
MESSAVDM	0	15904	too_close_to_test	1.0	
KETTASYS	0	16538	too_close_to_test	1.0	
EGTTASEK	0	15518	too_close_to_test	1.0	
SATIAAKS	0	8924	too_close_to_test	1.0	
VETTASVK	0	14589	too_close_to_test	1.0	
EQSYAAKL	1	1920	too_close_to_test	1.0	
KESAASKT	0	11498	too_close_to_test	1.0	
QEASASKK	0	9412	too_close_to_test	1.0	
RETAASDL	1	7601	too_close_to_test	1.0	
NETAASIK	0	11920	too_close_to_test	1.0	
KNTVAVKK	1	5190	too_close_to_test	1.0	
IQAPGSKD	0	8486	too_close_to_test	1.0	
QETTASRL	0	9286	too_close_to_test	1.0	
IETSASKK	0	8907	too_close_to_test	1.0	
QGTSAVKL	1	6936	too_close_to_test	1.0	
KEATASRI	0	13560	too_close_to_test	1.0	
LETTAVKR	1	6117	too_close_to_test	1.0	
RGPSASKK	0	11586	too_close_to_test	1.0	
RQSTATKK	1	8000	too_close_to_test	1.0	
LDSTASKK	0	13128	too_close_to_test	1.0	
RGTTATKK	0	16213	too_close_to_test	1.0	
KETTASNS	0	11200	too_close_to_test	1.0	
KDHTASKK	0	12804	too_close_to_test	1.0	
NEATASKR	0	9712	too_close_to_test	1.0	
KETIAAYL	1	4231	too_close_to_test	1.0	
KVTEGVKK	1	5878	too_close_to_test	1.0	
KQTAAADL	1	5490	too_close_to_test	1.0	
NGTTASVK	0	16676	too_close_to_test	1.0	
KDTSGSIK	0	14314	too_close_to_test	1.0	
AETDASKL	1	100	too_close_to_test	1.0	
SVHAAPSK	0	16903	too_close_to_test	1.0	
KESSSSKL	1	3803	too_close_to_test	1.0	
KESMAAKL	1	3450	too_close_to_test	1.0	
PVTTASKK	0	8883	too_close_to_test	1.0	
KPTTASKI	0	16577	too_close_to_test	1.0	
KEPIASKK	0	9492	too_close_to_test	1.0	
GDTSASKK	0	14266	too_close_to_test	1.0	
KPTTASKN	0	16578	too_close_to_test	1.0	
PEATASKT	0	12896	too_close_to_test	1.0	
AESSASKS	1	74	too_close_to_test	1.0	
KETIAAHK	1	4208	too_close_to_test	1.0	
SETAASKL	0	10794	too_close_to_test	1.0	
EETDASKK	1	1189	too_close_to_test	1.0	
METTASKR	0	11002	too_close_to_test	1.0	
KQTTDSKK	0	15238	too_close_to_test	1.0	
KNIPAPKK	0	8497	too_close_to_test	1.0	
RESDSSKK	1	7315	too_close_to_test	1.0	
KESTASIQ	0	14342	too_close_to_test	1.0	
KQTTASVK	0	10286	too_close_to_test	1.0	
EESNTVKK	1	830	too_close_to_test	1.0	
KETAASRR	0	15735	too_close_to_test	1.0	
KESKAVDL	1	3416	too_close_to_test	1.0	
QATTASQK	0	11426	too_close_to_test	1.0	
KESWAVKI	1	3977	too_close_to_test	1.0	
GVTTASKK	0	10608	too_close_to_test	1.0	
KVTVAAKL	1	5917	too_close_to_test	1.0	
KKTTASRK	0	11523	too_close_to_test	1.0	
KEPTGSPK	0	12614	too_close_to_test	1.0	
KESKFAKL	1	3426	too_close_to_test	1.0	
KDSRAVKL	1	2811	too_close_to_test	1.0	
QKSSASKL	1	6947	too_close_to_test	1.0	
IETDASKV	0	15582	too_close_to_test	1.0	
QETTSSKL	1	6894	too_close_to_test	1.0	
KETSAFKL	1	4564	too_close_to_test	1.0	
YVTVASKK	0	14238	too_close_to_test	1.0	
METRAVKK	1	6232	too_close_to_test	1.0	
KPSIAVKK	1	5221	too_close_to_test	1.0	
KQSTASKL	1	5453	too_close_to_test	1.0	
QDTTASLK	0	14079	too_close_to_test	1.0	
EESMAVKL	1	757	too_close_to_test	1.0	
PESTASRK	0	12898	too_close_to_test	1.0	
EESSSSKL	1	1014	too_close_to_test	1.0	
EETSAVRK	1	1464	too_close_to_test	1.0	
NETVASKL	1	6364	too_close_to_test	1.0	
RETMAVKK	1	7706	too_close_to_test	1.0	
KETNSSRK	1	4426	too_close_to_test	1.0	
KESFDVKK	1	3306	too_close_to_test	1.0	
KETNASLK	0	11878	too_close_to_test	1.0	
QENTGVKK	1	6557	too_close_to_test	1.0	
KQTTASKI	0	10224	too_close_to_test	1.0	
KESWGTDL	1	4012	too_close_to_test	1.0	
KESAASVK	0	12036	too_close_to_test	1.0	
KQTDAAKS	1	5502	too_close_to_test	1.0	
KQTDAVKK	1	5533	too_close_to_test	1.0	
KETAASKE	0	11191	too_close_to_test	1.0	
KECTASQK	0	13083	too_close_to_test	1.0	
HEATASTK	0	15555	too_close_to_test	1.0	
RETTASHK	0	10378	too_close_to_test	1.0	
KEITASKQ	0	15164	too_close_to_test	1.0	
KQTAAVKL	1	5494	too_close_to_test	1.0	
KDTTASHI	0	11758	too_close_to_test	1.0	
KETTASLN	0	13935	too_close_to_test	1.0	
KESTESKR	1	3880	too_close_to_test	1.0	
KETTASYT	0	12634	too_close_to_test	1.0	
LATTASNK	0	14411	too_close_to_test	1.0	
KESSVAKL	1	3806	too_close_to_test	1.0	
KETMATKR	1	4346	too_close_to_test	1.0	
PESPASKK	0	10771	too_close_to_test	1.0	
KETIGSKH	1	4276	too_close_to_test	1.0	
QEITASIK	0	14083	too_close_to_test	1.0	
RETPASEK	0	11442	too_close_to_test	1.0	
EETMAVKR	1	1350	too_close_to_test	1.0	
EESSDSKL	1	993	too_close_to_test	1.0	
EESNAVTL	1	812	too_close_to_test	1.0	
SENSGAKK	0	12157	too_close_to_test	1.0	
RETFAADL	1	7634	too_close_to_test	1.0	
SESTAVKL	1	8134	too_close_to_test	1.0	
HESWASKL	1	2283	too_close_to_test	1.0	
QDTTASKN	0	11231	too_close_to_test	1.0	
AQSTAVKK	1	180	too_close_to_test	1.0	
SGTSAEKN	0	15433	too_close_to_test	1.0	
EQTVAVKL	1	2011	too_close_to_test	1.0	
KQTPASIK	0	12657	too_close_to_test	1.0	
NATTASSK	0	10509	too_close_to_test	1.0	
KETAATDL	1	4039	too_close_to_test	1.0	
KEPAASTK	0	15707	too_close_to_test	1.0	
EETHAAKL	1	1229	too_close_to_test	1.0	
EDTHAADL	1	440	too_close_to_test	1.0	
PETTASRT	0	15305	too_close_to_test	1.0	
LETSASTQ	0	11907	too_close_to_test	1.0	
KEASRSMQ	0	10319	too_close_to_test	1.0	
RGSSASKL	1	7868	too_close_to_test	1.0	
EEAAASKK	0	12193	too_close_to_test	1.0	
EESWGSDL	1	1142	too_close_to_test	1.0	
QEPTASQK	0	10148	too_close_to_test	1.0	
KVTSASKL	0	13991	too_close_to_test	1.0	
RVSSASKR	0	16228	too_close_to_test	1.0	
GQTTASKT	1	2168	too_close_to_test	1.0	
QESIAVKK	1	6617	too_close_to_test	1.0	
RVSTAAKK	0	9650	too_close_to_test	1.0	
KKTDAVKK	1	5094	too_close_to_test	1.0	
KETIAAAL	1	4196	too_close_to_test	1.0	
KESRAAVK	1	3647	too_close_to_test	1.0	
KESNAVDI	1	3511	too_close_to_test	1.0	
KGTTGSKK	0	9438	too_close_to_test	1.0	
CETIAAKK	1	194	too_close_to_test	1.0	
IESSASKK	0	11367	too_close_to_test	1.0	
RESFGSKK	1	7368	too_close_to_test	1.0	
KESTAARK	0	14738	too_close_to_test	1.0	
LQTTASKR	0	15897	too_close_to_test	1.0	
LPTGGVKL	1	6155	too_close_to_test	1.0	
QETTASTR	0	13696	too_close_to_test	1.0	
EESREAKL	1	870	too_close_to_test	1.0	
EQTPASKK	0	13253	too_close_to_test	1.0	
RESWGVKL	1	7596	too_close_to_test	1.0	
KAVTASKK	0	11633	too_close_to_test	1.0	
KESTEAKL	1	3875	too_close_to_test	1.0	
EHSIAAKS	1	1688	too_close_to_test	1.0	
QEATASEI	0	16746	too_close_to_test	1.0	
KEPTASRE	0	13311	too_close_to_test	1.0	
RETTASSI	0	11156	too_close_to_test	1.0	
LATAASNK	1	5937	too_close_to_test	1.0	
KESTASTI	0	15727	too_close_to_test	1.0	
RESFAVVT	1	7365	too_close_to_test	1.0	
KETVGTKL	1	4840	too_close_to_test	1.0	
KESEASHK	1	3256	too_close_to_test	1.0	
KATTASEK	0	8892	too_close_to_test	1.0	
EASRAAKL	1	298	too_close_to_test	1.0	
EESSASAL	1	921	too_close_to_test	1.0	
SETSASKQ	0	15010	too_close_to_test	1.0	
PGTTASKK	0	8903	too_close_to_test	1.0	
EESSAADI	1	883	too_close_to_test	1.0	
RETTGSEK	0	14992	too_close_to_test	1.0	
NQRFDVKL	1	6385	too_close_to_test	1.0	
EETNDAKK	1	1365	too_close_to_test	1.0	
QVATASKK	0	11030	too_close_to_test	1.0	
KETSAVKA	1	4589	too_close_to_test	1.0	
EESRATKK	1	853	too_close_to_test	1.0	
KETSASDL	1	4568	too_close_to_test	1.0	
AESHASKL	1	39	too_close_to_test	1.0	
EETTASKQ	0	10210	too_close_to_test	1.0	
KQTPASRE	0	16593	too_close_to_test	1.0	
QQTPASKK	0	11028	too_close_to_test	1.0	
QESVAADL	1	6729	too_close_to_test	1.0	
LHSIAAKI	0	8539	too_close_to_test	1.0	
QETSASDK	0	14919	too_close_to_test	1.0	
EETVASDL	1	1577	too_close_to_test	1.0	
NVSIAAKL	1	6399	too_close_to_test	1.0	
QETTASEL	0	14920	too_close_to_test	1.0	
EVSTDSKK	1	2086	too_close_to_test	1.0	
QETPAVKK	0	14918	too_close_to_test	1.0	
EETPAVKL	1	1387	too_close_to_test	1.0	
KLTTAVDL	1	5149	too_close_to_test	1.0	
LETTASIE	0	13374	too_close_to_test	1.0	
PEPPASKK	0	15986	too_close_to_test	1.0	
QAATASIK	0	12688	too_close_to_test	1.0	
EETIAAHL	1	1249	too_close_to_test	1.0	
QEDTASKK	0	12117	too_close_to_test	1.0	
DETTATKL	1	255	too_close_to_test	1.0	
QETKATKK	1	6817	too_close_to_test	1.0	
RDTHAAKK	1	7209	too_close_to_test	1.0	
KQTVAVKK	1	5697	too_close_to_test	1.0	
PDTTASEK	0	15293	too_close_to_test	1.0	
EQSSAVKK	1	1873	too_close_to_test	1.0	
RATTASKI	0	12341	too_close_to_test	1.0	
REGTASKK	0	10936	too_close_to_test	1.0	
NATTASKQ	0	15915	too_close_to_test	1.0	
KETTAVGT	1	4708	too_close_to_test	1.0	
EEISASKL	1	514	too_close_to_test	1.0	
IDTTASNK	0	14653	too_close_to_test	1.0	
PDATASKK	0	11126	too_close_to_test	1.0	
QETIAADI	1	6788	too_close_to_test	1.0	
CETSASKK	0	16355	too_close_to_test	1.0	
METDASKK	0	15905	too_close_to_test	1.0	
RSTTASKK	0	14554	too_close_to_test	1.0	
KGSMASKR	0	8627	too_close_to_test	1.0	
TETTASVK	0	9008	too_close_to_test	1.0	
PEAAASNK	0	9788	too_close_to_test	1.0	
HELAASRE	0	9705	too_close_to_test	1.0	
TETTASNT	0	9634	too_close_to_test	1.0	
KESTDVKL	1	3873	too_close_to_test	1.0	
HESWGSVK	1	2310	too_close_to_test	1.0	
KERSAVKK	1	3166	too_close_to_test	1.0	
REATASIK	0	10124	too_close_to_test	1.0	
DETVASKL	1	258	too_close_to_test	1.0	
EKTDAVKK	1	1713	too_close_to_test	1.0	
QDTSAAKK	0	11556	too_close_to_test	1.0	
RERTASKK	0	9528	too_close_to_test	1.0	
NRPTASKK	0	13145	too_close_to_test	1.0	
KGTTASEN	0	13107	too_close_to_test	1.0	
NVKTESNT	0	9888	too_close_to_test	1.0	
RETFAAKL	1	7636	too_close_to_test	1.0	
KEAHASKL	1	2940	too_close_to_test	1.0	
RQTVAARL	1	8058	too_close_to_test	1.0	
RGTTASEI	0	9919	too_close_to_test	1.0	
KEATASKK	0	8474	too_close_to_test	1.0	
KETNASTK	0	11193	too_close_to_test	1.0	
RDTSASKK	0	9278	too_close_to_test	1.0	
RGTTAVKK	1	7892	too_close_to_test	1.0	
KLTSASKK	0	12648	too_close_to_test	1.0	
KGARASKK	0	12844	too_close_to_test	1.0	
YESNAVKK	0	16341	too_close_to_test	1.0	
VELAASRE	0	14587	too_close_to_test	1.0	
QDTTASYK	0	13166	too_close_to_test	1.0	
IQTDAVKL	1	2550	too_close_to_test	1.0	
EVTNAVKK	1	2092	too_close_to_test	1.0	
KETRASKM	0	13587	too_close_to_test	1.0	
KEATGSKK	0	9448	too_close_to_test	1.0	
KASTAAKR	1	2613	too_close_to_test	1.0	
KQSTASIK	0	16587	too_close_to_test	1.0	
PESTGSKK	0	11928	too_close_to_test	1.0	
QESLAAKM	1	6627	too_close_to_test	1.0	
EQSTAVKL	1	1901	too_close_to_test	1.0	
KETVAAQL	1	4784	too_close_to_test	1.0	
KETPASQK	0	9556	too_close_to_test	1.0	
RETIAVDL	1	7669	too_close_to_test	1.0	
KHGSASKK	0	13960	too_close_to_test	1.0	
EESAAAKK	1	578	too_close_to_test	1.0	
KPSTAVKL	1	5244	too_close_to_test	1.0	
EETHASDL	1	1230	too_close_to_test	1.0	
EETNSSDL	1	1376	too_close_to_test	1.0	
KEKAGVKK	1	3028	too_close_to_test	1.0	
NETIASKR	0	16668	too_close_to_test	1.0	
KETKASDL	1	4299	too_close_to_test	1.0	
PESWGSKK	1	6427	too_close_to_test	1.0	
QETIAANL	1	6795	too_close_to_test	1.0	
KDSTASKL	1	2823	too_close_to_test	1.0	
IDTTASKK	0	9180	too_close_to_test	1.0	
AESNASKL	1	49	too_close_to_test	1.0	
QENTASDK	0	10466	too_close_to_test	1.0	
IESTASKQ	0	15579	too_close_to_test	1.0	
KESTGSKR	0	10175	too_close_to_test	1.0	
KVTYAAKL	1	5922	too_close_to_test	1.0	
QETIASEK	0	14482	too_close_to_test	1.0	
KESTGTKL	1	3897	too_close_to_test	1.0	
PETTASKK	0	8471	too_close_to_test	1.0	
IETNASKL	1	2505	too_close_to_test	1.0	
NEATASTK	0	8787	too_close_to_test	1.0	
LESRAAKQ	1	6003	too_close_to_test	1.0	
EESHASTL	1	681	too_close_to_test	1.0	
KQSDASKL	1	5378	too_close_to_test	1.0	
EESVAVKL	1	1130	too_close_to_test	1.0	
EEPIASKK	0	13248	too_close_to_test	1.0	
QDSVAADL	1	6512	too_close_to_test	1.0	
INIPAPKK	0	8962	too_close_to_test	1.0	
KQTDGSKK	1	5565	too_close_to_test	1.0	
NETTAAKK	0	9713	too_close_to_test	1.0	
EESSATKR	1	961	too_close_to_test	1.0	
KDTVGPKK	0	13300	too_close_to_test	1.0	
QEKIAADL	1	6549	too_close_to_test	1.0	
KQTTVSKI	1	5684	too_close_to_test	1.0	
KETSGSKN	0	15203	too_close_to_test	1.0	
KLTTDVKK	1	5153	too_close_to_test	1.0	
KESSAVKR	1	3761	too_close_to_test	1.0	
KETLAAKK	1	4319	too_close_to_test	1.0	
KEKTASKQ	0	14330	too_close_to_test	1.0	
NDTTGSKK	0	10918	too_close_to_test	1.0	
TERTASKK	0	10589	too_close_to_test	1.0	
KATPASKQ	0	11283	too_close_to_test	1.0	
AETNSSKL	1	123	too_close_to_test	1.0	
NKTTASNK	0	14859	too_close_to_test	1.0	
QKTAASKK	0	14935	too_close_to_test	1.0	
KPTSGVKL	1	5293	too_close_to_test	1.0	
RQSNAAKL	1	7979	too_close_to_test	1.0	
LESRAAKL	1	6002	too_close_to_test	1.0	
KPSIGVKL	1	5229	too_close_to_test	1.0	
KEPIASTK	0	8511	too_close_to_test	1.0	
KQSSNAKI	1	5443	too_close_to_test	1.0	
EATTASEK	0	15073	too_close_to_test	1.0	
PEATASEK	0	16692	too_close_to_test	1.0	
QQTAASWK	0	16107	too_close_to_test	1.0	
KESTGAKL	0	8476	too_close_to_test	1.0	
RETFAAKK	1	7635	too_close_to_test	1.0	
KEPLASKK	0	13086	too_close_to_test	1.0	
KEPAASGK	0	15706	too_close_to_test	1.0	
RVTTASIK	0	11346	too_close_to_test	1.0	
QQTTASSK	0	10069	too_close_to_test	1.0	
MESSASDL	1	6213	too_close_to_test	1.0	
EHSVAAKL	1	1695	too_close_to_test	1.0	
PATTASKI	0	15290	too_close_to_test	1.0	
KHTTAAKK	0	15223	too_close_to_test	1.0	
KESWGSKK	1	3993	too_close_to_test	1.0	
KVTTASET	0	14407	too_close_to_test	1.0	
RECTASKK	0	11241	too_close_to_test	1.0	
KESHESKR	1	3350	too_close_to_test	1.0	
QETPASKR	0	13433	too_close_to_test	1.0	
KDTAGSKK	0	11381	too_close_to_test	1.0	
KETHASVL	1	4177	too_close_to_test	1.0	
EESFGAKL	1	661	too_close_to_test	1.0	
RETTTSKK	0	16854	too_close_to_test	1.0	
KPTTASTK	0	12857	too_close_to_test	1.0	
EESTASKL	1	1048	too_close_to_test	1.0	
QETDASKI	1	6764	too_close_to_test	1.0	
KDSVAAKK	1	2838	too_close_to_test	1.0	
KATVASKK	1	2730	too_close_to_test	1.0	
KKSNAVKL	1	5073	too_close_to_test	1.0	
TQTTASKR	0	15044	too_close_to_test	1.0	
KGTTASRN	0	13957	too_close_to_test	1.0	
KETSASGT	0	14753	too_close_to_test	1.0	
KETSASKQ	0	9024	too_close_to_test	1.0	
KQSTAAKS	1	5448	too_close_to_test	1.0	
RESFALKK	1	7327	too_close_to_test	1.0	
NETAAVKI	1	6329	too_close_to_test	1.0	
KETAASVK	0	9567	too_close_to_test	1.0	
RETEAVKK	1	7631	too_close_to_test	1.0	
KVTPASKI	0	15245	too_close_to_test	1.0	
VQSSAAKL	1	8424	too_close_to_test	1.0	
QETMGSKL	1	6832	too_close_to_test	1.0	
KQTDSVKK	1	5571	too_close_to_test	1.0	
KETFASKE	1	4136	too_close_to_test	1.0	
KESWGSTR	1	4006	too_close_to_test	1.0	
QETTAVKI	1	6884	too_close_to_test	1.0	
IETRAAKL	1	2508	too_close_to_test	1.0	
KDTAAAKK	0	12423	too_close_to_test	1.0	
EETTAVDL	1	1524	too_close_to_test	1.0	
EQSTAAKK	1	1880	too_close_to_test	1.0	
KESTASLK	0	9390	too_close_to_test	1.0	
KESRDADL	1	3674	too_close_to_test	1.0	
KESFAVKL	1	3292	too_close_to_test	1.0	
QEKSAVKK	1	6550	too_close_to_test	1.0	
KGTTAVKL	1	5022	too_close_to_test	1.0	
TETSASRK	0	10878	too_close_to_test	1.0	
QETNASKQ	0	14917	too_close_to_test	1.0	
KKSRAAKS	1	5079	too_close_to_test	1.0	
EPTGGVKR	1	1794	too_close_to_test	1.0	
KESIAASL	1	3369	too_close_to_test	1.0	
KETIAVKI	1	4254	too_close_to_test	1.0	
KESTASKE	0	9933	too_close_to_test	1.0	
QEHTASKK	0	15326	too_close_to_test	1.0	
EESRAAKK	1	840	too_close_to_test	1.0	
IENNAVKK	1	2430	too_close_to_test	1.0	
TKITASIK	0	15034	too_close_to_test	1.0	
EESTGAKN	1	1092	too_close_to_test	1.0	
MQVSAAEK	0	12875	too_close_to_test	1.0	
EESSASNL	1	942	too_close_to_test	1.0	
RDTTASKR	0	11571	too_close_to_test	1.0	
LGNTASKK	0	13649	too_close_to_test	1.0	
KQTTASKE	0	11671	too_close_to_test	1.0	
KESNPVKK	1	3595	too_close_to_test	1.0	
AEPIASTK	0	11268	too_close_to_test	1.0	
KESEAVKL	1	3266	too_close_to_test	1.0	
NESTASTK	0	10708	too_close_to_test	1.0	
KRSSASKK	0	14803	too_close_to_test	1.0	
AETTAAKI	1	141	too_close_to_test	1.0	
RVTTASLK	0	16232	too_close_to_test	1.0	
KESNAVKC	1	3525	too_close_to_test	1.0	
HESIASRL	0	12572	too_close_to_test	1.0	
KQSVAAKI	1	5469	too_close_to_test	1.0	
EPTSAVKR	1	1801	too_close_to_test	1.0	
TESRAAKL	1	8247	too_close_to_test	1.0	
EEATASTK	0	15078	too_close_to_test	1.0	
KETSAVDL	1	4581	too_close_to_test	1.0	
QECSASKI	0	12318	too_close_to_test	1.0	
IGATASKK	0	12580	too_close_to_test	1.0	
QETRASKL	1	6851	too_close_to_test	1.0	
DESSAVKL	1	227	too_close_to_test	1.0	
KETDAVKR	1	4098	too_close_to_test	1.0	
EEKTAVKK	1	520	too_close_to_test	1.0	
SGSTAVKK	1	8175	too_close_to_test	1.0	
TDTTASEK	0	16263	too_close_to_test	1.0	
KESSGAKS	1	3790	too_close_to_test	1.0	
KENNASKK	1	3073	too_close_to_test	1.0	
RERTASTK	0	13716	too_close_to_test	1.0	
RVTAASKK	0	10792	too_close_to_test	1.0	
RETSASNK	0	9458	too_close_to_test	1.0	
KATTASRT	0	13853	too_close_to_test	1.0	
KETRASKL	1	4468	too_close_to_test	1.0	
KESSASKM	1	3738	too_close_to_test	1.0	
IESNASKL	1	2459	too_close_to_test	1.0	
KETAVVKK	1	4074	too_close_to_test	1.0	
KETGAVKL	1	4156	too_close_to_test	1.0	
KQTSAAKK	0	8685	too_close_to_test	1.0	
KETTASRV	0	14762	too_close_to_test	1.0	
EETVAATL	1	1576	too_close_to_test	1.0	
KETTASRT	0	9469	too_close_to_test	1.0	
RESAAVKK	1	7298	too_close_to_test	1.0	
EETTDSKL	1	1546	too_close_to_test	1.0	
RGTVAAKL	1	7896	too_close_to_test	1.0	
EESHAAKK	1	678	too_close_to_test	1.0	
QASVAAKL	1	6472	too_close_to_test	1.0	
RETSAVKT	1	7767	too_close_to_test	1.0	
EETPGSKK	0	15085	too_close_to_test	1.0	
KETTASHK	0	9129	too_close_to_test	1.0	
RATIAVKK	1	7153	too_close_to_test	1.0	
PGSTASKK	0	12107	too_close_to_test	1.0	
KAAIASKK	0	12583	too_close_to_test	1.0	
EETFAADL	1	1210	too_close_to_test	1.0	
QETNASKL	1	6833	too_close_to_test	1.0	
KESVGSKL	1	3964	too_close_to_test	1.0	
TESDASKL	1	8218	too_close_to_test	1.0	
REHSAADL	1	7241	too_close_to_test	1.0	
KPTLAVKL	1	5278	too_close_to_test	1.0	
NETTASIR	0	16671	too_close_to_test	1.0	
KQSEAAKK	1	5381	too_close_to_test	1.0	
EETHAADL	1	1226	too_close_to_test	1.0	
RQTVAVKK	1	8060	too_close_to_test	1.0	
NAATASKK	0	11914	too_close_to_test	1.0	
KDTRAVKL	1	2896	too_close_to_test	1.0	
KATGASKK	0	14681	too_close_to_test	1.0	
KEATASQT	0	15680	too_close_to_test	1.0	
QESFAADL	1	6582	too_close_to_test	1.0	
HETIAAKK	1	2328	too_close_to_test	1.0	
RETTASKG	0	12354	too_close_to_test	1.0	
IETTASYK	0	13061	too_close_to_test	1.0	
AESRAVKA	1	64	too_close_to_test	1.0	
NDTSASKK	0	11222	too_close_to_test	1.0	
KLTPASKK	0	16568	too_close_to_test	1.0	
QQGSAANK	0	8771	too_close_to_test	1.0	
QPSSASKL	1	6978	too_close_to_test	1.0	
LESVAAKR	1	6044	too_close_to_test	1.0	
KDTTVAKK	0	12814	too_close_to_test	1.0	
PATNPSKK	0	10841	too_close_to_test	1.0	
LESDASKK	1	5962	too_close_to_test	1.0	
EQTTASKK	1	1987	too_close_to_test	1.0	
RVSTAVKK	1	8087	too_close_to_test	1.0	
KESPGSKK	0	11293	too_close_to_test	1.0	
RRTNAQTK	0	11050	too_close_to_test	1.0	
RRTTASRK	0	16224	too_close_to_test	1.0	
KLTRAVKK	1	5136	too_close_to_test	1.0	
KESTAVEK	1	3848	too_close_to_test	1.0	
QETSAANK	0	11430	too_close_to_test	1.0	
QETTASVQ	0	14097	too_close_to_test	1.0	
RETTAVKV	1	7807	too_close_to_test	1.0	
GETTASTK	0	10961	too_close_to_test	1.0	
KVSLGSIK	0	16608	too_close_to_test	1.0	
KECFAVKK	1	2967	too_close_to_test	1.0	
QETPASKI	0	11233	too_close_to_test	1.0	
EENNGSKK	1	532	too_close_to_test	1.0	
KDTTASAL	0	15144	too_close_to_test	1.0	
EESFDVKK	1	660	too_close_to_test	1.0	
EASSAAKL	1	300	too_close_to_test	1.0	
KERVASDL	1	3177	too_close_to_test	1.0	
VETIASKL	1	8409	too_close_to_test	1.0	
EETCGSNK	1	1181	too_close_to_test	1.0	
KETMGAKL	1	4355	too_close_to_test	1.0	
NETLASKK	0	13665	too_close_to_test	1.0	
KESTGAKQ	0	9362	too_close_to_test	1.0	
EESTGSKL	1	1100	too_close_to_test	1.0	
KDHTESVN	0	12805	too_close_to_test	1.0	
EATNAVKK	1	350	too_close_to_test	1.0	
LETTASRI	0	8835	too_close_to_test	1.0	
KEKRAVKL	1	3039	too_close_to_test	1.0	
NETTGSGK	0	15950	too_close_to_test	1.0	
TDTTASKS	0	15445	too_close_to_test	1.0	
METTASVK	0	12293	too_close_to_test	1.0	
EESTALKK	1	1041	too_close_to_test	1.0	
KESTAAKM	1	3817	too_close_to_test	1.0	
LESTASKE	0	15884	too_close_to_test	1.0	
QETIAAKS	1	6794	too_close_to_test	1.0	
EASTAAKS	1	306	too_close_to_test	1.0	
KETDASKR	0	9534	too_close_to_test	1.0	
QESSAAKS	1	6682	too_close_to_test	1.0	
KETIASGK	0	10017	too_close_to_test	1.0	
QDSIAAKI	1	6500	too_close_to_test	1.0	
QESRDTKK	1	6674	too_close_to_test	1.0	
KEKAAVRK	1	3027	too_close_to_test	1.0	
KETTAADQ	0	13095	too_close_to_test	1.0	
QEATASKQ	0	12116	too_close_to_test	1.0	
RESRATKL	1	7469	too_close_to_test	1.0	
KGSTASVK	0	13332	too_close_to_test	1.0	
KHTHASKK	1	5051	too_close_to_test	1.0	
THTAASKT	0	10666	too_close_to_test	1.0	
RERAASKE	1	7283	too_close_to_test	1.0	
KSTVAVKK	1	5783	too_close_to_test	1.0	
EDSVAVKK	1	433	too_close_to_test	1.0	
AETHAAKL	1	104	too_close_to_test	1.0	
AETNASKK	0	14240	too_close_to_test	1.0	
KGTAASYK	0	15790	too_close_to_test	1.0	
KESSDADL	1	3768	too_close_to_test	1.0	
EGSVASKI	1	1646	too_close_to_test	1.0	
YETTASRK	0	13237	too_close_to_test	1.0	
KESKAAKI	1	3408	too_close_to_test	1.0	
DESSAVKK	1	226	too_close_to_test	1.0	
KETWGSKL	1	4850	too_close_to_test	1.0	
KETSGAKI	1	4644	too_close_to_test	1.0	
NETAASKI	0	10919	too_close_to_test	1.0	
VETTASNK	0	16331	too_close_to_test	1.0	
KDNSGVKK	1	2764	too_close_to_test	1.0	
SQTTASKR	0	8816	too_close_to_test	1.0	
QESGAVKK	1	6593	too_close_to_test	1.0	
QENAASKK	0	16043	too_close_to_test	1.0	
KETRGSDL	1	4531	too_close_to_test	1.0	
KGTTRSKL	1	5025	too_close_to_test	1.0	
NETPASKA	1	6341	too_close_to_test	1.0	
KEPPASKQ	0	14335	too_close_to_test	1.0	
KEVIASKL	1	4870	too_close_to_test	1.0	
RETAASEK	0	13720	too_close_to_test	1.0	
EESRAAKR	1	844	too_close_to_test	1.0	
EESSESKK	1	998	too_close_to_test	1.0	
KETPGSIK	0	15750	too_close_to_test	1.0	
SDVAAAVR	0	13745	too_close_to_test	1.0	
TTTVAAKL	1	8380	too_close_to_test	1.0	
KQSTASVL	1	5454	too_close_to_test	1.0	
EETAAVKS	1	1173	too_close_to_test	1.0	
EESKATKK	1	731	too_close_to_test	1.0	
KETRAVDL	1	4479	too_close_to_test	1.0	
KEAAGSEK	0	8904	too_close_to_test	1.0	
METTGSKK	0	11219	too_close_to_test	1.0	
KVTEAVKK	1	5877	too_close_to_test	1.0	
EQSSASKK	1	1869	too_close_to_test	1.0	
IPTGGVKK	0	11079	too_close_to_test	1.0	
KETGAVKK	1	4155	too_close_to_test	1.0	
RECFAVKK	1	7234	too_close_to_test	1.0	
LESRAAKI	1	6000	too_close_to_test	1.0	
KNATASSK	0	10019	too_close_to_test	1.0	
IATTASKK	0	9113	too_close_to_test	1.0	
TASEAVKK	1	8196	too_close_to_test	1.0	
NDSKASKL	1	6256	too_close_to_test	1.0	
KHSIAAKI	0	10136	too_close_to_test	1.0	
AENNAVKL	1	25	too_close_to_test	1.0	
IETTDSKK	0	11179	too_close_to_test	1.0	
QETTAVKM	1	6887	too_close_to_test	1.0	
KGTIASDL	1	4977	too_close_to_test	1.0	
QEANASIK	0	16036	too_close_to_test	1.0	
RESFAVDI	1	7337	too_close_to_test	1.0	
RDSIAAKK	1	7188	too_close_to_test	1.0	
KETVASSL	1	4814	too_close_to_test	1.0	
KHSRAAKL	1	5041	too_close_to_test	1.0	
KQTIAVKL	1	5612	too_close_to_test	1.0	
KESDATKK	1	3236	too_close_to_test	1.0	
GEPTASKK	0	11274	too_close_to_test	1.0	
KETASSEK	0	15738	too_close_to_test	1.0	
KETLAAKL	1	4320	too_close_to_test	1.0	
RETSASKN	0	11579	too_close_to_test	1.0	
PEPGASKD	0	8741	too_close_to_test	1.0	
KESWGSTL	1	4005	too_close_to_test	1.0	
QETHASKL	1	6781	too_close_to_test	1.0	
TNSSASKK	0	11602	too_close_to_test	1.0	
KETSSSKL	1	4653	too_close_to_test	1.0	
RESTASKK	0	8581	too_close_to_test	1.0	
KQTIAASK	1	5605	too_close_to_test	1.0	
KGASASVK	0	16547	too_close_to_test	1.0	
QQSAVVKK	0	11941	too_close_to_test	1.0	
EITTAAKL	1	1701	too_close_to_test	1.0	
KETMALKK	1	4340	too_close_to_test	1.0	
QATNVSKK	0	14069	too_close_to_test	1.0	
KETTASNK	0	8525	too_close_to_test	1.0	
KETRGSKS	0	10323	too_close_to_test	1.0	
KECSASKL	1	2969	too_close_to_test	1.0	
KESSGSDL	1	3791	too_close_to_test	1.0	
KVTTATKK	0	14814	too_close_to_test	1.0	
KETIAADH	1	4197	too_close_to_test	1.0	
AETIAVKK	1	112	too_close_to_test	1.0	
EVSHAAKL	1	2069	too_close_to_test	1.0	
RDSPASKK	0	12345	too_close_to_test	1.0	
VESSAVKK	1	8399	too_close_to_test	1.0	
KESSAVRK	1	3764	too_close_to_test	1.0	
KETNSTKL	1	4431	too_close_to_test	1.0	
SETTATSI	0	11349	too_close_to_test	1.0	
KERKAVKK	1	3154	too_close_to_test	1.0	
EDTIAAKI	1	445	too_close_to_test	1.0	
LESSAVDM	0	13644	too_close_to_test	1.0	
KETRAVQL	1	4504	too_close_to_test	1.0	
KETIAADP	1	4202	too_close_to_test	1.0	
KATIASTT	0	10682	too_close_to_test	1.0	
AESAASKK	0	8553	too_close_to_test	1.0	
KETTATDK	1	4695	too_close_to_test	1.0	
RESTATKI	1	7537	too_close_to_test	1.0	
KLTTASKN	0	13624	too_close_to_test	1.0	
QATRASKK	0	13162	too_close_to_test	1.0	
NGTTGSKK	0	16677	too_close_to_test	1.0	
RSAGAVKK	1	8064	too_close_to_test	1.0	
KETIGADL	1	4271	too_close_to_test	1.0	
EETIAAKV	1	1263	too_close_to_test	1.0	
HETTAAKK	1	2359	too_close_to_test	1.0	
KEPTGSKI	0	12244	too_close_to_test	1.0	
EESEGAKS	1	637	too_close_to_test	1.0	
EESRDAKK	1	863	too_close_to_test	1.0	
HENNAVKK	1	2198	too_close_to_test	1.0	
KVPTALEK	0	15863	too_close_to_test	1.0	
KEATAAKL	1	2959	too_close_to_test	1.0	
TQACASKK	0	16307	too_close_to_test	1.0	
GVKTESNT	0	13815	too_close_to_test	1.0	
KENTASIK	0	12030	too_close_to_test	1.0	
KESMDVKK	1	3463	too_close_to_test	1.0	
KDTSAVKK	1	2905	too_close_to_test	1.0	
KESSDAKS	1	3773	too_close_to_test	1.0	
QEPTASKQ	0	14905	too_close_to_test	1.0	
EESSVVKK	1	1021	too_close_to_test	1.0	
EETVAADL	1	1568	too_close_to_test	1.0	
HETTAVKL	1	2366	too_close_to_test	1.0	
QQTTGSKR	0	10643	too_close_to_test	1.0	
RETVAAKI	1	7834	too_close_to_test	1.0	
KQTSASNK	0	11310	too_close_to_test	1.0	
NETTASKE	0	10404	too_close_to_test	1.0	
PDTTASKK	0	9034	too_close_to_test	1.0	
KETSASNE	0	13324	too_close_to_test	1.0	
QETTASKV	0	12330	too_close_to_test	1.0	
QESTESKK	1	6724	too_close_to_test	1.0	
HETLASKL	1	2336	too_close_to_test	1.0	
RGASASKK	0	14532	too_close_to_test	1.0	
RETTASTV	0	16194	too_close_to_test	1.0	
EQSNAVKK	1	1843	too_close_to_test	1.0	
QETDAAKK	1	6761	too_close_to_test	1.0	
DETVAVKK	1	259	too_close_to_test	1.0	
TESPASKK	0	9341	too_close_to_test	1.0	
NESTASRR	1	6308	too_close_to_test	1.0	
EETTAAKM	1	1496	too_close_to_test	1.0	
RGTNGTKK	1	7881	too_close_to_test	1.0	
KETRASSK	0	12626	too_close_to_test	1.0	
RESNAAKL	1	7421	too_close_to_test	1.0	
KESVAVKK	1	3954	too_close_to_test	1.0	
QDTSASKK	0	8567	too_close_to_test	1.0	
KETTAAEK	0	12630	too_close_to_test	1.0	
KDGTASKK	0	11378	too_close_to_test	1.0	
KETTAASL	1	4677	too_close_to_test	1.0	
KESVASVL	1	3947	too_close_to_test	1.0	
KATTASKH	0	14687	too_close_to_test	1.0	
KESHAADL	1	3333	too_close_to_test	1.0	
EESNAVKA	1	790	too_close_to_test	1.0	
RDSAGSGK	0	15377	too_close_to_test	1.0	
EDTTAVKR	1	470	too_close_to_test	1.0	
EESSASIK	0	10602	too_close_to_test	1.0	
IESTDSNK	0	13836	too_close_to_test	1.0	
KESTEVKK	1	3882	too_close_to_test	1.0	
EETDAAKL	1	1184	too_close_to_test	1.0	
HETRASKK	0	13263	too_close_to_test	1.0	
REKHAAKL	1	7257	too_close_to_test	1.0	
EESNAVKE	1	791	too_close_to_test	1.0	
TSTTASEK	0	10797	too_close_to_test	1.0	
QAPSASKK	0	12494	too_close_to_test	1.0	
KQTRAAKL	1	5641	too_close_to_test	1.0	
RETLAVKK	1	7699	too_close_to_test	1.0	
KESVATKL	1	3951	too_close_to_test	1.0	
RESYAAKL	1	7598	too_close_to_test	1.0	
NEATASIK	0	11687	too_close_to_test	1.0	
KEPTASKK	0	8598	too_close_to_test	1.0	
RESTAPKK	0	15382	too_close_to_test	1.0	
RESIAAKV	1	7388	too_close_to_test	1.0	
HQKTAVKK	1	2390	too_close_to_test	1.0	
KGTTASGK	0	13615	too_close_to_test	1.0	
RESAGAKK	1	7305	too_close_to_test	1.0	
EESVASNL	1	1123	too_close_to_test	1.0	
KETAESKR	1	4064	too_close_to_test	1.0	
KVRTASKK	0	11900	too_close_to_test	1.0	
TENSASKK	0	14569	too_close_to_test	1.0	
EETNAVKL	1	1361	too_close_to_test	1.0	
KDTTASLK	0	10754	too_close_to_test	1.0	
NGTTRSDQ	0	11224	too_close_to_test	1.0	
QETTASEK	0	8972	too_close_to_test	1.0	
EESTASKS	1	1050	too_close_to_test	1.0	
YATIAAKS	0	9601	too_close_to_test	1.0	
HATTASKK	0	9651	too_close_to_test	1.0	
PGTNASKK	0	15306	too_close_to_test	1.0	
EDTIAAKL	1	447	too_close_to_test	1.0	
PKTTASKR	0	11323	too_close_to_test	1.0	
KESNASKH	0	14339	too_close_to_test	1.0	
HATIAADL	1	2175	too_close_to_test	1.0	
KPNSAVKR	1	5212	too_close_to_test	1.0	
KQRFDVKR	1	5346	too_close_to_test	1.0	
KQTIAVKK	1	5611	too_close_to_test	1.0	
VETAASKK	0	13023	too_close_to_test	1.0	
TESFASKL	1	8221	too_close_to_test	1.0	
KETAASKQ	0	9326	too_close_to_test	1.0	
KARTASKN	0	16442	too_close_to_test	1.0	
RETRAADL	1	7730	too_close_to_test	1.0	
KETTATKI	1	4697	too_close_to_test	1.0	
ESSIAAKL	1	2026	too_close_to_test	1.0	
QAKTASKK	0	8968	too_close_to_test	1.0	
KETSAVVK	1	4620	too_close_to_test	1.0	
EETIAAKQ	1	1259	too_close_to_test	1.0	
KESIAAVK	1	3371	too_close_to_test	1.0	
KDTTASKS	0	12229	too_close_to_test	1.0	
HETHASKL	1	2325	too_close_to_test	1.0	
KENSGVKL	1	3112	too_close_to_test	1.0	
KPSSGVKR	1	5240	too_close_to_test	1.0	
DESVAAKL	1	239	too_close_to_test	1.0	
KGAAASKQ	0	14767	too_close_to_test	1.0	
EETRGTKK	1	1435	too_close_to_test	1.0	
KATAASKN	0	10045	too_close_to_test	1.0	
HVTTASKK	0	9743	too_close_to_test	1.0	
IESTASKI	0	12009	too_close_to_test	1.0	
SETIATKL	1	8148	too_close_to_test	1.0	
QGPTASKK	0	9762	too_close_to_test	1.0	
KPSIGAKS	1	5226	too_close_to_test	1.0	
KESIAAKL	1	3360	too_close_to_test	1.0	
KETTDSIQ	1	4741	too_close_to_test	1.0	
METAAVKL	1	6223	too_close_to_test	1.0	
KETRGVKI	1	4534	too_close_to_test	1.0	
RPTGGVKK	0	11721	too_close_to_test	1.0	
KATSGAKK	0	14300	too_close_to_test	1.0	
KETRAVKL	1	4488	too_close_to_test	1.0	
RESTGSDL	1	7560	too_close_to_test	1.0	
RASVASKL	1	7143	too_close_to_test	1.0	
KESCAAKL	1	3219	too_close_to_test	1.0	
KEARAVKL	1	2954	too_close_to_test	1.0	
KETIAAGL	1	4207	too_close_to_test	1.0	
EQTAASKK	0	13533	too_close_to_test	1.0	
EQSRAAKK	1	1850	too_close_to_test	1.0	
KESEASDL	1	3255	too_close_to_test	1.0	
KETTAVNL	1	4721	too_close_to_test	1.0	
KGTQAAKL	1	4996	too_close_to_test	1.0	
TETTAAKL	1	8317	too_close_to_test	1.0	
QNTVAAKL	1	6967	too_close_to_test	1.0	
LESTAVKK	1	6035	too_close_to_test	1.0	
KEIPASKT	0	15691	too_close_to_test	1.0	
KATDASKK	0	15129	too_close_to_test	1.0	
NETTASKT	0	9862	too_close_to_test	1.0	
KGSKAVKK	1	4922	too_close_to_test	1.0	
RESRAADL	1	7458	too_close_to_test	1.0	
DETTASKQ	0	15492	too_close_to_test	1.0	
KETMAVKK	1	4349	too_close_to_test	1.0	
KNTVAAKK	1	5185	too_close_to_test	1.0	
KETVASKV	1	4808	too_close_to_test	1.0	
IERTASKK	0	10894	too_close_to_test	1.0	
NESWGSKS	1	6324	too_close_to_test	1.0	
PETSAVKK	0	13676	too_close_to_test	1.0	
KQSVASKL	1	5476	too_close_to_test	1.0	
VETNASKK	0	15477	too_close_to_test	1.0	
KATNASNK	0	15130	too_close_to_test	1.0	
AETTAVKI	1	152	too_close_to_test	1.0	
NETTAVDL	1	6359	too_close_to_test	1.0	
KESVGTKL	1	3967	too_close_to_test	1.0	
KETAASDR	0	13576	too_close_to_test	1.0	
IVTAASKK	0	15123	too_close_to_test	1.0	
KETSASKM	0	12049	too_close_to_test	1.0	
RETIAAVL	1	7661	too_close_to_test	1.0	
KESVAAKM	1	3922	too_close_to_test	1.0	
KGATASNK	0	10501	too_close_to_test	1.0	
KEVTASEK	0	11301	too_close_to_test	1.0	
QPTSGVKK	1	7005	too_close_to_test	1.0	
KGSTASKT	0	11396	too_close_to_test	1.0	
RATTGSKK	0	11817	too_close_to_test	1.0	
KESAAVKK	1	3202	too_close_to_test	1.0	
KQTEASKI	1	5578	too_close_to_test	1.0	
TEATASKN	0	13484	too_close_to_test	1.0	
TGPTASKK	0	11063	too_close_to_test	1.0	
KESSAPKL	1	3727	too_close_to_test	1.0	
KQTSASTK	0	14800	too_close_to_test	1.0	
RATTAAKK	0	14505	too_close_to_test	1.0	
IETTASKQ	0	9552	too_close_to_test	1.0	
IESWGSKL	1	2488	too_close_to_test	1.0	
KETTASWK	0	15767	too_close_to_test	1.0	
QATVAAKL	1	6489	too_close_to_test	1.0	
TDTMAEKT	0	16262	too_close_to_test	1.0	
LESRDTKK	1	6011	too_close_to_test	1.0	
KGTTAVDL	1	5019	too_close_to_test	1.0	
TQTTASKI	0	16314	too_close_to_test	1.0	
KGTTAVKI	1	5020	too_close_to_test	1.0	
KESSPSKL	1	3801	too_close_to_test	1.0	
KESTATKL	1	3844	too_close_to_test	1.0	
KESAGSKL	1	3209	too_close_to_test	1.0	
KETIAVKM	1	4257	too_close_to_test	1.0	
KDATASEK	0	13072	too_close_to_test	1.0	
MATSASKK	0	9152	too_close_to_test	1.0	
TETSAANK	0	16285	too_close_to_test	1.0	
HETTAVKS	1	2367	too_close_to_test	1.0	
KQTSASYK	0	14389	too_close_to_test	1.0	
QDTSASKL	0	14077	too_close_to_test	1.0	
KQSMAAKL	1	5400	too_close_to_test	1.0	
KATIAATK	0	12800	too_close_to_test	1.0	
RRSAASYE	0	14170	too_close_to_test	1.0	
KLTTAVKK	1	5151	too_close_to_test	1.0	
KESVASKR	1	3940	too_close_to_test	1.0	
HETTASKS	0	14275	too_close_to_test	1.0	
KESNAVLR	1	3540	too_close_to_test	1.0	
EESVAAKR	1	1116	too_close_to_test	1.0	
GATTASKK	0	10671	too_close_to_test	1.0	
RELAASRE	0	8699	too_close_to_test	1.0	
RESNASKL	1	7428	too_close_to_test	1.0	
EESTGADL	1	1086	too_close_to_test	1.0	
EETHAVKL	1	1233	too_close_to_test	1.0	
TETTASKT	0	9616	too_close_to_test	1.0	
EESGASKI	1	666	too_close_to_test	1.0	
KETMATKL	1	4345	too_close_to_test	1.0	
KAVNAVKK	1	2736	too_close_to_test	1.0	
QQTTASIK	0	12705	too_close_to_test	1.0	
QEVSASKL	1	6910	too_close_to_test	1.0	
KESNGTKK	1	3585	too_close_to_test	1.0	
YETTASTK	0	16346	too_close_to_test	1.0	
KGASASIK	0	15778	too_close_to_test	1.0	
QETTASST	0	14096	too_close_to_test	1.0	
EESTGVKK	1	1103	too_close_to_test	1.0	
RESTAVKS	1	7546	too_close_to_test	1.0	
TETTASTK	0	9402	too_close_to_test	1.0	
KGTRVVKL	1	5007	too_close_to_test	1.0	
QESIATKL	1	6616	too_close_to_test	1.0	
RESFAVKL	1	7345	too_close_to_test	1.0	
RETHASDL	1	7643	too_close_to_test	1.0	
KSSAAAKL	1	5724	too_close_to_test	1.0	
METTAAKL	0	11119	too_close_to_test	1.0	
PETRAVKL	1	6435	too_close_to_test	1.0	
IGTTASKK	0	8942	too_close_to_test	1.0	
SEATASKK	0	9118	too_close_to_test	1.0	
KETSGVKL	1	4652	too_close_to_test	1.0	
KETSDSKL	1	4631	too_close_to_test	1.0	
TESAASEK	0	14202	too_close_to_test	1.0	
QESTASSK	0	15338	too_close_to_test	1.0	
KETTASNH	0	13937	too_close_to_test	1.0	
KETTASVI	0	8703	too_close_to_test	1.0	
KGSTASKN	0	9121	too_close_to_test	1.0	
EDTNAAKL	1	451	too_close_to_test	1.0	
RETTAVDK	1	7792	too_close_to_test	1.0	
KGPPASKK	0	11516	too_close_to_test	1.0	
RETAASPI	1	7603	too_close_to_test	1.0	
HESSGVKL	1	2263	too_close_to_test	1.0	
NETTAANK	0	11223	too_close_to_test	1.0	
RGATASEK	0	11046	too_close_to_test	1.0	
KETIASVV	1	4247	too_close_to_test	1.0	
KESNAVDL	1	3513	too_close_to_test	1.0	
TETAASKI	0	10593	too_close_to_test	1.0	
QHSIAAKL	1	6940	too_close_to_test	1.0	
EETFASKK	1	1216	too_close_to_test	1.0	
KETRAVRK	1	4507	too_close_to_test	1.0	
EEASAVKK	1	487	too_close_to_test	1.0	
KETSAAKM	1	4552	too_close_to_test	1.0	
KESKAVKI	1	3417	too_close_to_test	1.0	
QETTASRN	0	11333	too_close_to_test	1.0	
RETVASKT	0	14149	too_close_to_test	1.0	
KETSSVKK	1	4654	too_close_to_test	1.0	
KATIASTL	1	2667	too_close_to_test	1.0	
EQTDAVNK	1	1946	too_close_to_test	1.0	
KESNEVKK	1	3575	too_close_to_test	1.0	
EESRDAKL	1	864	too_close_to_test	1.0	
QGTTASKQ	0	12130	too_close_to_test	1.0	
TQTTASKQ	0	15043	too_close_to_test	1.0	
KETSASTN	0	13593	too_close_to_test	1.0	
PATTASNK	0	12682	too_close_to_test	1.0	
TESSAVKK	1	8254	too_close_to_test	1.0	
RPPAASIN	0	12724	too_close_to_test	1.0	
RETTAVNL	1	7809	too_close_to_test	1.0	
KEYTGAKK	1	4881	too_close_to_test	1.0	
KEASASVK	0	13082	too_close_to_test	1.0	
KATTASQQ	0	16454	too_close_to_test	1.0	
RESREAKL	1	7480	too_close_to_test	1.0	
KETVAVKQ	1	4827	too_close_to_test	1.0	
QETTASTQ	0	16079	too_close_to_test	1.0	
KGTSASKQ	0	12643	too_close_to_test	1.0	
KETAASEE	0	13911	too_close_to_test	1.0	
KATTASLK	0	11374	too_close_to_test	1.0	
IEAIASTK	0	13054	too_close_to_test	1.0	
NETSAAEK	0	10121	too_close_to_test	1.0	
GETSASKI	0	11991	too_close_to_test	1.0	
KGTTASNK	0	8955	too_close_to_test	1.0	
CEATASKK	0	16354	too_close_to_test	1.0	
TESDAVKK	1	8219	too_close_to_test	1.0	
RESNAVKT	1	7437	too_close_to_test	1.0	
KPTTASYK	0	16579	too_close_to_test	1.0	
RETNAAKL	1	7710	too_close_to_test	1.0	
QPTGVVKK	1	7003	too_close_to_test	1.0	
VDTTAAKK	0	12743	too_close_to_test	1.0	
RGATASIK	0	16858	too_close_to_test	1.0	
KESNAVKR	1	3535	too_close_to_test	1.0	
KQTPASQK	0	11207	too_close_to_test	1.0	
RPTGGSKK	1	7945	too_close_to_test	1.0	
KATIAAYK	0	16446	too_close_to_test	1.0	
KETKAADV	1	4293	too_close_to_test	1.0	
KDTDAVKK	1	2859	too_close_to_test	1.0	
QGTTASRK	0	11709	too_close_to_test	1.0	
HESWGAKK	1	2290	too_close_to_test	1.0	
KETNSSNK	1	4422	too_close_to_test	1.0	
NETTASRI	0	12297	too_close_to_test	1.0	
RVATASKK	0	10302	too_close_to_test	1.0	
KESSDSKL	1	3778	too_close_to_test	1.0	
RETTASRT	0	10580	too_close_to_test	1.0	
TETTASNK	0	9007	too_close_to_test	1.0	
PESSASKK	0	9328	too_close_to_test	1.0	
KGCTASKK	0	15211	too_close_to_test	1.0	
VESNAVKK	1	8395	too_close_to_test	1.0	
QDSTASNK	0	13165	too_close_to_test	1.0	
AATIAAKS	0	9505	too_close_to_test	1.0	
HETTASVK	0	10675	too_close_to_test	1.0	
RATCASKK	0	10264	too_close_to_test	1.0	
ENTVAAKL	1	1752	too_close_to_test	1.0	
NESTASRN	0	11544	too_close_to_test	1.0	
QDTVASKL	1	6533	too_close_to_test	1.0	
KQSRAVKL	1	5421	too_close_to_test	1.0	
KESTGSTK	0	12618	too_close_to_test	1.0	
KVSIASKK	0	13635	too_close_to_test	1.0	
LETNSSKL	1	6080	too_close_to_test	1.0	
KETEASDL	1	4107	too_close_to_test	1.0	
KPTTATKK	0	16580	too_close_to_test	1.0	
KETSASEE	0	13590	too_close_to_test	1.0	
QQSSAAKL	1	7039	too_close_to_test	1.0	
QQSNAVKK	1	7025	too_close_to_test	1.0	
NETTASRT	0	14032	too_close_to_test	1.0	
KETMAAKI	1	4336	too_close_to_test	1.0	
PETSASQK	0	14875	too_close_to_test	1.0	
DETIAAKL	1	246	too_close_to_test	1.0	
DVTAGSKK	1	269	too_close_to_test	1.0	
RESTASYK	0	16835	too_close_to_test	1.0	
TESMAVKI	1	8230	too_close_to_test	1.0	
RETAASIE	0	13455	too_close_to_test	1.0	
TETTAVKI	1	8326	too_close_to_test	1.0	
EGTTASKT	0	15519	too_close_to_test	1.0	
PEAPASKK	0	14457	too_close_to_test	1.0	
EETAAVKL	1	1171	too_close_to_test	1.0	
KETAATKK	1	4040	too_close_to_test	1.0	
KEAPGSKK	0	14706	too_close_to_test	1.0	
QPTDAVKK	1	6984	too_close_to_test	1.0	
EVTTASKK	0	8953	too_close_to_test	1.0	
TEISASKK	0	16269	too_close_to_test	1.0	
EEAFAAKL	1	481	too_close_to_test	1.0	
KETIAANA	1	4219	too_close_to_test	1.0	
KTSSAVKK	1	5792	too_close_to_test	1.0	
HASIAAKL	1	2171	too_close_to_test	1.0	
TVKTESNT	0	9404	too_close_to_test	1.0	
KATSASTK	0	11482	too_close_to_test	1.0	
KQSADSKK	1	5357	too_close_to_test	1.0	
RESFAVKI	1	7343	too_close_to_test	1.0	
KETKGSKK	0	16519	too_close_to_test	1.0	
KDTRESKL	1	2898	too_close_to_test	1.0	
YELAASRE	0	12746	too_close_to_test	1.0	
RQTTASKK	0	8889	too_close_to_test	1.0	
RESAGVKK	1	7309	too_close_to_test	1.0	
KESWGVKK	1	4018	too_close_to_test	1.0	
KETVAEKL	1	4790	too_close_to_test	1.0	
KETNASRN	0	16523	too_close_to_test	1.0	
EESTDAKK	1	1076	too_close_to_test	1.0	
EVKTESNT	0	9681	too_close_to_test	1.0	
QETTASQK	0	9814	too_close_to_test	1.0	
NEAMASKK	0	11121	too_close_to_test	1.0	
KGSTASIK	0	11517	too_close_to_test	1.0	
KGTRSSKK	0	10549	too_close_to_test	1.0	
RNSIAAKK	1	7920	too_close_to_test	1.0	
EASIAAKI	1	283	too_close_to_test	1.0	
IEPTGSKK	0	15118	too_close_to_test	1.0	
KGTPASYK	0	8635	too_close_to_test	1.0	
PETTASDK	0	10921	too_close_to_test	1.0	
IEAIASKK	0	10810	too_close_to_test	1.0	
ESSSASKL	1	2032	too_close_to_test	1.0	
RQTSAVKL	1	8045	too_close_to_test	1.0	
KESGASNI	1	3317	too_close_to_test	1.0	
RETIASKR	0	16838	too_close_to_test	1.0	
KDTSASQK	0	13558	too_close_to_test	1.0	
KETSASRR	0	15754	too_close_to_test	1.0	
KETNATKI	1	4368	too_close_to_test	1.0	
YDSTASRN	0	8633	too_close_to_test	1.0	
KESYAVKK	1	4029	too_close_to_test	1.0	
RETPGSKK	0	12146	too_close_to_test	1.0	
KEPPASNK	0	13566	too_close_to_test	1.0	
KERVAAKK	1	3175	too_close_to_test	1.0	
DESSASKL	1	225	too_close_to_test	1.0	
KESSAVDM	0	8521	too_close_to_test	1.0	
KETTASVT	0	9671	too_close_to_test	1.0	
QRTTASRK	0	13445	too_close_to_test	1.0	
KEATSSKK	0	10242	too_close_to_test	1.0	
KEASASKK	0	8800	too_close_to_test	1.0	
EQTDAVRL	1	1948	too_close_to_test	1.0	
KESAAVKR	1	3204	too_close_to_test	1.0	
KQSEAAKL	1	5382	too_close_to_test	1.0	
IETTASRK	0	9553	too_close_to_test	1.0	
EETSASKL	1	1446	too_close_to_test	1.0	
RGTTASKK	0	8725	too_close_to_test	1.0	
KETRASNL	1	4469	too_close_to_test	1.0	
KEAAAVKL	1	2938	too_close_to_test	1.0	
KETISAKK	1	4283	too_close_to_test	1.0	
QQTSAVKL	1	7070	too_close_to_test	1.0	
KASWGSKK	1	2647	too_close_to_test	1.0	
RESIAAKA	1	7382	too_close_to_test	1.0	
RVPTASKK	0	10732	too_close_to_test	1.0	
KDTSASKI	0	14698	too_close_to_test	1.0	
NQPTASKK	0	14861	too_close_to_test	1.0	
EETIASGK	0	8761	too_close_to_test	1.0	
QETVASVL	1	6902	too_close_to_test	1.0	
DEPIASTK	0	12188	too_close_to_test	1.0	
IEATASTK	0	15116	too_close_to_test	1.0	
KETRGVKR	1	4537	too_close_to_test	1.0	
REAIASTK	0	9614	too_close_to_test	1.0	
AETTASLK	0	16351	too_close_to_test	1.0	
KPTTAVKI	1	5299	too_close_to_test	1.0	
QATTASDK	0	16024	too_close_to_test	1.0	
NETNAADI	0	12884	too_close_to_test	1.0	
QATTASKE	0	12913	too_close_to_test	1.0	
EESWGTKL	1	1154	too_close_to_test	1.0	
EESTAVKR	1	1068	too_close_to_test	1.0	
NESNAVKK	1	6287	too_close_to_test	1.0	
YESTAVKK	1	8448	too_close_to_test	1.0	
QETNASKI	0	8952	too_close_to_test	1.0	
EETSDSKL	1	1473	too_close_to_test	1.0	
KDNSASKK	0	15136	too_close_to_test	1.0	
LETVASVL	1	6124	too_close_to_test	1.0	
KQATASNK	0	13112	too_close_to_test	1.0	
KETNASKE	0	13582	too_close_to_test	1.0	
IRTTASKK	0	12795	too_close_to_test	1.0	
REAFAVKK	1	7231	too_close_to_test	1.0	
RASWGSKK	1	7145	too_close_to_test	1.0	
HETTASIE	0	15559	too_close_to_test	1.0	
TNIPAPKR	0	10238	too_close_to_test	1.0	
KGATASKK	0	8762	too_close_to_test	1.0	
KDSPASNN	0	14310	too_close_to_test	1.0	
GESVAVKK	1	2138	too_close_to_test	1.0	
QDTTASEK	0	12114	too_close_to_test	1.0	
RESSAADL	1	7482	too_close_to_test	1.0	
LESNAVKK	1	5996	too_close_to_test	1.0	
REAAGSKK	0	10152	too_close_to_test	1.0	
KQTDTVKK	1	5573	too_close_to_test	1.0	
EETSGSTK	0	14256	too_close_to_test	1.0	
KQATASTK	0	13627	too_close_to_test	1.0	
TNIPAPTK	0	12552	too_close_to_test	1.0	
RASIAAKS	1	7131	too_close_to_test	1.0	
DESSDAKL	1	230	too_close_to_test	1.0	
EETIAAKM	1	1257	too_close_to_test	1.0	
LEARASKK	0	14415	too_close_to_test	1.0	
EESMAAKL	1	751	too_close_to_test	1.0	
TQTSASKK	0	12380	too_close_to_test	1.0	
PEATASNN	0	11796	too_close_to_test	1.0	
KERTASKN	0	14731	too_close_to_test	1.0	
KETNGAVL	1	4395	too_close_to_test	1.0	
KDTRATKL	1	2893	too_close_to_test	1.0	
QETAASTK	0	11328	too_close_to_test	1.0	
KENAASEI	0	14332	too_close_to_test	1.0	
TEAAGSEK	0	10736	too_close_to_test	1.0	
KATRAVKK	1	2700	too_close_to_test	1.0	
SERVASKL	1	8111	too_close_to_test	1.0	
TQSTAAKL	1	8363	too_close_to_test	1.0	
EETIAAKE	1	1253	too_close_to_test	1.0	
KQSDAAKK	1	5376	too_close_to_test	1.0	
METTASQR	0	8884	too_close_to_test	1.0	
KETPASSK	0	9668	too_close_to_test	1.0	
TESWGSKR	1	8266	too_close_to_test	1.0	
KQTEAAKL	1	5577	too_close_to_test	1.0	
EESRESKK	1	872	too_close_to_test	1.0	
AETTASDL	1	146	too_close_to_test	1.0	
KASTASKT	0	15617	too_close_to_test	1.0	
KETTATKP	1	4700	too_close_to_test	1.0	
KVPPASKK	0	15862	too_close_to_test	1.0	
KESNAVKV	1	3538	too_close_to_test	1.0	
KESFASKL	1	3281	too_close_to_test	1.0	
QATTASLK	0	16737	too_close_to_test	1.0	
KEASASGK	0	15675	too_close_to_test	1.0	
TESTASKK	0	8589	too_close_to_test	1.0	
KETDASEE	0	15739	too_close_to_test	1.0	
TGTYASVK	0	10100	too_close_to_test	1.0	
RESFAVKM	1	7346	too_close_to_test	1.0	
TDTTAAKK	0	15444	too_close_to_test	1.0	
IEARASKK	0	11625	too_close_to_test	1.0	
HNIPAPKK	0	9031	too_close_to_test	1.0	
KVGTGVKK	1	5826	too_close_to_test	1.0	
KEPTASRI	0	12611	too_close_to_test	1.0	
RDTSASIK	0	14511	too_close_to_test	1.0	
KETSAVKE	1	4591	too_close_to_test	1.0	
EEAAASNK	0	9550	too_close_to_test	1.0	
YESSNAKL	1	8447	too_close_to_test	1.0	
KETEASKN	0	9313	too_close_to_test	1.0	
IATTASKL	0	15568	too_close_to_test	1.0	
TATTASKK	0	8849	too_close_to_test	1.0	
EKSSAAKL	1	1707	too_close_to_test	1.0	
NSTTALET	0	8626	too_close_to_test	1.0	
QETPASDK	0	15347	too_close_to_test	1.0	
KRSTASKK	0	11405	too_close_to_test	1.0	
QESSAVKL	1	6693	too_close_to_test	1.0	
KDNAGVKR	1	2761	too_close_to_test	1.0	
KETRAVEL	1	4483	too_close_to_test	1.0	
IETTGSKK	0	9509	too_close_to_test	1.0	
RETSAVKL	1	7761	too_close_to_test	1.0	
LETTASVK	0	9858	too_close_to_test	1.0	
NETAASKV	0	16666	too_close_to_test	1.0	
KETRALKI	1	4463	too_close_to_test	1.0	
KETWGSKK	1	4849	too_close_to_test	1.0	
RQSSAVKI	1	7991	too_close_to_test	1.0	
NQRFDVKK	1	6384	too_close_to_test	1.0	
KESRAATL	1	3646	too_close_to_test	1.0	
KGTVAAKK	1	5027	too_close_to_test	1.0	
QDPTASKK	0	10147	too_close_to_test	1.0	
HESSAADL	1	2246	too_close_to_test	1.0	
PVTKATNK	0	11800	too_close_to_test	1.0	
SESSASKK	0	11597	too_close_to_test	1.0	
HETVAAKL	1	2371	too_close_to_test	1.0	
QESKAAKK	1	6620	too_close_to_test	1.0	
RQSAASKL	1	7967	too_close_to_test	1.0	
KATIAAKR	0	9746	too_close_to_test	1.0	
HETSASKI	0	10212	too_close_to_test	1.0	
KESTAVKQ	1	3855	too_close_to_test	1.0	
EQAHAAKL	1	1811	too_close_to_test	1.0	
RESEGAKK	1	7320	too_close_to_test	1.0	
KATAASIK	0	16445	too_close_to_test	1.0	
EETDASKI	1	1188	too_close_to_test	1.0	
PESTATKS	0	14460	too_close_to_test	1.0	
RRTDAVKL	1	8062	too_close_to_test	1.0	
RGTNASKK	0	10157	too_close_to_test	1.0	
RETTARNR	0	13460	too_close_to_test	1.0	
KGTTASKS	0	11520	too_close_to_test	1.0	
NENSASKK	0	10559	too_close_to_test	1.0	
RETTAVKK	1	7799	too_close_to_test	1.0	
KESNGVKS	1	3591	too_close_to_test	1.0	
LGTTASKK	0	9209	too_close_to_test	1.0	
KATTASNK	0	9213	too_close_to_test	1.0	
KEPTASKT	0	10389	too_close_to_test	1.0	
YETTASIK	0	13510	too_close_to_test	1.0	
REPTASKR	0	13715	too_close_to_test	1.0	
QGTSAEYK	0	8711	too_close_to_test	1.0	
EESIASDL	1	698	too_close_to_test	1.0	
KESRAAKI	1	3628	too_close_to_test	1.0	
RLGTGVKK	1	7914	too_close_to_test	1.0	
KESTAVKT	1	3858	too_close_to_test	1.0	
QESTDSKL	1	6722	too_close_to_test	1.0	
KEATAVKK	1	2961	too_close_to_test	1.0	
KGTPASKN	0	13334	too_close_to_test	1.0	
RESRAVKK	1	7473	too_close_to_test	1.0	
HETSAVKI	1	2354	too_close_to_test	1.0	
KETTGSKR	0	10179	too_close_to_test	1.0	
NETPASKK	0	9165	too_close_to_test	1.0	
RKTTASNK	0	10730	too_close_to_test	1.0	
KGRTAVKK	1	4902	too_close_to_test	1.0	
KGSVASKI	1	4958	too_close_to_test	1.0	
QHTIAAKL	1	6942	too_close_to_test	1.0	
KEPSAPKK	0	11186	too_close_to_test	1.0	
EGSVAADL	1	1644	too_close_to_test	1.0	
KETTAAKQ	0	12631	too_close_to_test	1.0	
RERTASRK	0	15380	too_close_to_test	1.0	
METNASKK	0	12472	too_close_to_test	1.0	
KQSYAAKK	1	5487	too_close_to_test	1.0	
KVSAASKK	0	9335	too_close_to_test	1.0	
KESTGADL	1	3884	too_close_to_test	1.0	
EESSAVNK	1	977	too_close_to_test	1.0	
EETRAAKR	1	1393	too_close_to_test	1.0	
NETTASGK	0	14444	too_close_to_test	1.0	
NVTPASKK	0	11124	too_close_to_test	1.0	
KETAASEN	0	14346	too_close_to_test	1.0	
RGTIASKK	0	14535	too_close_to_test	1.0	
KVATASAK	1	5818	too_close_to_test	1.0	
KEIEASHK	0	15690	too_close_to_test	1.0	
EESEAVKK	1	630	too_close_to_test	1.0	
GESWGSKR	1	2140	too_close_to_test	1.0	
KATPASRK	0	13069	too_close_to_test	1.0	
AEAAASNK	0	13031	too_close_to_test	1.0	
EETSASKR	0	11621	too_close_to_test	1.0	
TEPTASKN	0	14571	too_close_to_test	1.0	
EETIAADS	1	1247	too_close_to_test	1.0	
NETTASLK	0	10370	too_close_to_test	1.0	
QQSTAVDL	1	7043	too_close_to_test	1.0	
EENVAVKK	1	548	too_close_to_test	1.0	
KETTAVRI	1	4723	too_close_to_test	1.0	
IETAASKR	0	13837	too_close_to_test	1.0	
EETNAAKL	1	1354	too_close_to_test	1.0	
KESLAAKL	1	3432	too_close_to_test	1.0	
NDTTASLR	0	9053	too_close_to_test	1.0	
KERSAVKL	1	3167	too_close_to_test	1.0	
TDTTASKN	0	16264	too_close_to_test	1.0	
EEPTAVKK	1	556	too_close_to_test	1.0	
RETTASRI	0	9698	too_close_to_test	1.0	
IDAPASKK	0	15571	too_close_to_test	1.0	
TNIPAPKL	0	9487	too_close_to_test	1.0	
RQTDAAKL	1	8019	too_close_to_test	1.0	
EETTAAIL	1	1492	too_close_to_test	1.0	
SETTASSK	0	14178	too_close_to_test	1.0	
KATSASVK	0	13850	too_close_to_test	1.0	
KASNAAKL	1	2593	too_close_to_test	1.0	
EETIASVL	1	1290	too_close_to_test	1.0	
KETTGSKE	0	8655	too_close_to_test	1.0	
EEPSASKK	0	12393	too_close_to_test	1.0	
RESRAAKL	1	7461	too_close_to_test	1.0	
KENSAVKK	1	3107	too_close_to_test	1.0	
KENTASKR	0	10539	too_close_to_test	1.0	
KEAAASKG	1	2936	too_close_to_test	1.0	
EQTSAAKK	0	14264	too_close_to_test	1.0	
RETTASTT	0	10300	too_close_to_test	1.0	
RETTGSKQ	0	12719	too_close_to_test	1.0	
QESVASDL	1	6732	too_close_to_test	1.0	
KPSIGAKL	1	5225	too_close_to_test	1.0	
EATVAVKK	1	370	too_close_to_test	1.0	
EESSASKR	1	937	too_close_to_test	1.0	
GQSTAAKL	1	2165	too_close_to_test	1.0	
KETTASKT	0	8610	too_close_to_test	1.0	
IETTASLK	0	11077	too_close_to_test	1.0	
SESTASKL	1	8132	too_close_to_test	1.0	
KETRAVRE	1	4505	too_close_to_test	1.0	
RDAPASKK	0	10375	too_close_to_test	1.0	
EETTASKT	0	8864	too_close_to_test	1.0	
RETTASQK	0	8997	too_close_to_test	1.0	
KESNAAKM	1	3472	too_close_to_test	1.0	
KQSAAADL	1	5351	too_close_to_test	1.0	
EKTAAVKL	1	1712	too_close_to_test	1.0	
EERIASKL	1	560	too_close_to_test	1.0	
KESEASNL	1	3262	too_close_to_test	1.0	
KEPGASKK	0	12031	too_close_to_test	1.0	
IETSASRS	0	9551	too_close_to_test	1.0	
EGSTGAKL	1	1643	too_close_to_test	1.0	
HETTASTK	0	10384	too_close_to_test	1.0	
KETIAVNK	1	4263	too_close_to_test	1.0	
KESHESKK	1	3349	too_close_to_test	1.0	
KETTASDN	0	14359	too_close_to_test	1.0	
HESHAAKL	1	2218	too_close_to_test	1.0	
KETLASKL	1	4324	too_close_to_test	1.0	
RATAASKN	0	14504	too_close_to_test	1.0	
KKTNASKK	0	9621	too_close_to_test	1.0	
KESWAAKS	1	3973	too_close_to_test	1.0	
TETSASSY	0	12550	too_close_to_test	1.0	
KESRAAKK	1	3629	too_close_to_test	1.0	
HEPTASQK	0	13820	too_close_to_test	1.0	
EVSRASKL	1	2080	too_close_to_test	1.0	
KENTGSKK	0	9931	too_close_to_test	1.0	
QETSAVKK	1	6866	too_close_to_test	1.0	
SGATASKK	0	8836	too_close_to_test	1.0	
EETAAADL	1	1160	too_close_to_test	1.0	
WESTASKK	0	14231	too_close_to_test	1.0	
REPSAVKK	1	7282	too_close_to_test	1.0	
EQTNAVKR	1	1976	too_close_to_test	1.0	
KENNAVKT	1	3090	too_close_to_test	1.0	
RVSTASKK	0	10477	too_close_to_test	1.0	
QGSTAVKI	1	6924	too_close_to_test	1.0	
KETTASDE	0	13325	too_close_to_test	1.0	
KHAAASKK	1	5032	too_close_to_test	1.0	
QESSAVDM	0	10261	too_close_to_test	1.0	
RETTGSKE	0	12357	too_close_to_test	1.0	
LATIAAKS	0	8704	too_close_to_test	1.0	
EESDASDL	1	611	too_close_to_test	1.0	
KAATASKQ	0	15604	too_close_to_test	1.0	
KETGRSKK	0	13920	too_close_to_test	1.0	
EQTDAAKS	1	1929	too_close_to_test	1.0	
QPRSAVKK	1	6977	too_close_to_test	1.0	
RETAASTT	0	15386	too_close_to_test	1.0	
RESTGVKK	1	7562	too_close_to_test	1.0	
KETAASNN	0	13319	too_close_to_test	1.0	
QETRAAKL	1	6848	too_close_to_test	1.0	
RESTVVKK	1	7566	too_close_to_test	1.0	
PRTTVAVK	0	13414	too_close_to_test	1.0	
EESSGAKL	1	1000	too_close_to_test	1.0	
EGTTASKL	0	15093	too_close_to_test	1.0	
EDTTASVK	0	13522	too_close_to_test	1.0	
KDPTASRK	0	12594	too_close_to_test	1.0	
KETTASKA	0	9830	too_close_to_test	1.0	
KEPTASKR	0	10048	too_close_to_test	1.0	
KATTAPKI	1	2710	too_close_to_test	1.0	
EETKAADL	1	1313	too_close_to_test	1.0	
KQTDALKL	1	5508	too_close_to_test	1.0	
HESRAVKK	1	2243	too_close_to_test	1.0	
KETRAVTK	1	4510	too_close_to_test	1.0	
HDTTASKI	0	16395	too_close_to_test	1.0	
KVTTASEI	0	15248	too_close_to_test	1.0	
EESTDSKK	1	1078	too_close_to_test	1.0	
KVTPASNK	0	11311	too_close_to_test	1.0	
MQVSAAYK	0	16650	too_close_to_test	1.0	
EDSFAAKK	1	391	too_close_to_test	1.0	
KESSASDR	1	3731	too_close_to_test	1.0	
KEVTASKR	0	15773	too_close_to_test	1.0	
KETAASKN	0	9176	too_close_to_test	1.0	
RESFAVKR	1	7349	too_close_to_test	1.0	
KESTAAKE	0	11766	too_close_to_test	1.0	
KQTDGSKR	1	5567	too_close_to_test	1.0	
KGTAGSKK	0	11305	too_close_to_test	1.0	
RETTDSIK	0	15398	too_close_to_test	1.0	
KEPSASKI	0	14724	too_close_to_test	1.0	
LETSASYE	1	6092	too_close_to_test	1.0	
KESFATKS	1	3287	too_close_to_test	1.0	
RESFASKL	1	7331	too_close_to_test	1.0	
EETSSSKL	1	1486	too_close_to_test	1.0	
QETLASKK	0	10778	too_close_to_test	1.0	
YATAASKK	0	11609	too_close_to_test	1.0	
QQTTASKN	0	13706	too_close_to_test	1.0	
EDSSASKL	1	405	too_close_to_test	1.0	
KQSVAVKI	1	5477	too_close_to_test	1.0	
PGPTASYK	0	10843	too_close_to_test	1.0	
KDTTASKL	0	11182	too_close_to_test	1.0	
KEATASMN	1	2960	too_close_to_test	1.0	
CQTDAVKK	1	200	too_close_to_test	1.0	
KQSYAAKI	1	5486	too_close_to_test	1.0	
KATTASKL	0	10080	too_close_to_test	1.0	
TETTAANK	0	11259	too_close_to_test	1.0	
TKPTASKK	0	8886	too_close_to_test	1.0	
KRTTAAKL	1	5714	too_close_to_test	1.0	
RVTPASKK	0	11451	too_close_to_test	1.0	
RETAATKK	1	7606	too_close_to_test	1.0	
KETKASES	0	15744	too_close_to_test	1.0	
RATGATKK	1	7147	too_close_to_test	1.0	
AETNSSKK	1	122	too_close_to_test	1.0	
AATAASEK	1	5	too_close_to_test	1.0	
FQTDAVKK	1	2112	too_close_to_test	1.0	
EESREAKK	1	869	too_close_to_test	1.0	
RGSRPAKQ	0	10156	too_close_to_test	1.0	
KGASASKK	0	9452	too_close_to_test	1.0	
EQTNAVKK	1	1974	too_close_to_test	1.0	
LETSDVKK	1	6103	too_close_to_test	1.0	
KHTTASKN	0	11892	too_close_to_test	1.0	
KECTAAKI	1	2971	too_close_to_test	1.0	
RESTAANL	1	7529	too_close_to_test	1.0	
NQTTAAKL	1	6394	too_close_to_test	1.0	
YQTSAAKR	0	11976	too_close_to_test	1.0	
RETNSTDL	1	7725	too_close_to_test	1.0	
KESWCSKK	1	3980	too_close_to_test	1.0	
KETKATKL	1	4304	too_close_to_test	1.0	
EAATASKK	0	12391	too_close_to_test	1.0	
NASVAAKL	1	6250	too_close_to_test	1.0	
KESVATKK	1	3950	too_close_to_test	1.0	
RENSASRK	0	16158	too_close_to_test	1.0	
HQTDASKL	1	2400	too_close_to_test	1.0	
RDTTASKS	0	12516	too_close_to_test	1.0	
KETAASKI	0	8534	too_close_to_test	1.0	
LESTATKK	0	12468	too_close_to_test	1.0	
RETTASKD	0	10379	too_close_to_test	1.0	
QQAPGSKD	0	9481	too_close_to_test	1.0	
KETTASQQ	0	11299	too_close_to_test	1.0	
KGTTASKH	0	14780	too_close_to_test	1.0	
KENNASDL	1	3072	too_close_to_test	1.0	
QQTTAAKK	0	9917	too_close_to_test	1.0	
KETRAVKV	1	4496	too_close_to_test	1.0	
RETPASVK	0	10073	too_close_to_test	1.0	
KGSIAVKI	1	4916	too_close_to_test	1.0	
KHSVAAKL	1	5048	too_close_to_test	1.0	
KQTKAVKK	1	5616	too_close_to_test	1.0	
QQTDAAKL	1	7050	too_close_to_test	1.0	
KETTAVKK	1	4712	too_close_to_test	1.0	
KETVGAKL	1	4836	too_close_to_test	1.0	
NETVASIK	0	9785	too_close_to_test	1.0	
GETTASKR	0	10960	too_close_to_test	1.0	
QETVAADL	1	6895	too_close_to_test	1.0	
QDTIAAKL	1	6522	too_close_to_test	1.0	
LESFAVKI	1	5968	too_close_to_test	1.0	
KGTQASKL	1	4997	too_close_to_test	1.0	
KQSTAADL	1	5445	too_close_to_test	1.0	
REGNAVKK	1	7239	too_close_to_test	1.0	
RASIGAKL	1	7132	too_close_to_test	1.0	
HGTTASNK	0	9490	too_close_to_test	1.0	
QESNAAKL	1	6640	too_close_to_test	1.0	
NESSASKK	0	8926	too_close_to_test	1.0	
KETAASTT	0	10083	too_close_to_test	1.0	
EGTTASKM	1	1673	too_close_to_test	1.0	
MENTASKI	0	14827	too_close_to_test	1.0	
KATTASKI	0	10011	too_close_to_test	1.0	
QSSSASKL	1	7091	too_close_to_test	1.0	
EESTASTL	1	1055	too_close_to_test	1.0	
KEAAASRK	0	14701	too_close_to_test	1.0	
KPTGGVDL	1	5269	too_close_to_test	1.0	
QETTASVR	0	16771	too_close_to_test	1.0	
RESSASNL	1	7494	too_close_to_test	1.0	
NETTASSK	0	13392	too_close_to_test	1.0	
KETRGTKL	1	4533	too_close_to_test	1.0	
KETPASTI	0	14749	too_close_to_test	1.0	
PETSASVK	0	12683	too_close_to_test	1.0	
RETTGSTK	0	9280	too_close_to_test	1.0	
RETTASGK	0	9956	too_close_to_test	1.0	
KETTDAKM	1	4734	too_close_to_test	1.0	
QESSGSKL	1	6699	too_close_to_test	1.0	
KESQASKI	1	3617	too_close_to_test	1.0	
EETTATKR	1	1523	too_close_to_test	1.0	
KESCGSKL	1	3224	too_close_to_test	1.0	
KETIAAQL	1	4221	too_close_to_test	1.0	
EITTAAKK	1	1700	too_close_to_test	1.0	
DESAVVKL	1	214	too_close_to_test	1.0	
DETTASIK	0	15491	too_close_to_test	1.0	
KVTNSSKL	1	5889	too_close_to_test	1.0	
KGTTASIR	0	14376	too_close_to_test	1.0	
KETTASGR	0	14759	too_close_to_test	1.0	
KESFGSKL	1	3309	too_close_to_test	1.0	
ETTVAAKL	1	2064	too_close_to_test	1.0	
EHTIAAKL	1	1697	too_close_to_test	1.0	
KEAVASKL	1	2964	too_close_to_test	1.0	
REPTASEK	0	12142	too_close_to_test	1.0	
EETAASNK	0	11620	too_close_to_test	1.0	
KDTEASKR	1	2862	too_close_to_test	1.0	
AESNAVKI	1	51	too_close_to_test	1.0	
SDRSASYN	0	13473	too_close_to_test	1.0	
HETTDSKK	0	13828	too_close_to_test	1.0	
KEATASKE	0	10171	too_close_to_test	1.0	
KESNATKR	1	3508	too_close_to_test	1.0	
KESFGVKK	1	3310	too_close_to_test	1.0	
EETRASKK	1	1399	too_close_to_test	1.0	
KESNGSKL	1	3583	too_close_to_test	1.0	
TETTAAIK	0	13765	too_close_to_test	1.0	
KQSAVSKL	1	5367	too_close_to_test	1.0	
KETSAVNQ	1	4609	too_close_to_test	1.0	
TGTTRSDQ	0	10159	too_close_to_test	1.0	
LETTASRL	0	12469	too_close_to_test	1.0	
KENAAVKI	1	3056	too_close_to_test	1.0	
RETAASNS	0	8481	too_close_to_test	1.0	
QVTTASNK	0	11814	too_close_to_test	1.0	
PESTAVKL	1	6425	too_close_to_test	1.0	
WGTTASKK	0	13232	too_close_to_test	1.0	
NETRAVKL	1	6346	too_close_to_test	1.0	
EETSSSKK	1	1485	too_close_to_test	1.0	
KGTAASVK	0	12058	too_close_to_test	1.0	
QESTASKI	0	12324	too_close_to_test	1.0	
KETTGADL	1	4752	too_close_to_test	1.0	
KDTTASRK	0	9586	too_close_to_test	1.0	
NETAGSKK	0	16667	too_close_to_test	1.0	
KETRAVQI	1	4502	too_close_to_test	1.0	
KATRETKL	1	2703	too_close_to_test	1.0	
AETSAVKR	1	137	too_close_to_test	1.0	
EETSDVKK	1	1478	too_close_to_test	1.0	
KGTRVVKK	1	5006	too_close_to_test	1.0	
KQTDAVSL	1	5553	too_close_to_test	1.0	
TESTAAKK	0	11829	too_close_to_test	1.0	
YENNAVKK	1	8440	too_close_to_test	1.0	
PESTATKK	0	15297	too_close_to_test	1.0	
TETAASNK	0	10594	too_close_to_test	1.0	
EESNGVKL	1	825	too_close_to_test	1.0	
NDTLASLE	0	14836	too_close_to_test	1.0	
EETTGSKK	0	9388	too_close_to_test	1.0	
KETNGSDL	1	4397	too_close_to_test	1.0	
KDHAAVKK	1	2752	too_close_to_test	1.0	
KPTTASIK	0	11895	too_close_to_test	1.0	
KETSAAQL	1	4556	too_close_to_test	1.0	
RESRDTKK	1	7477	too_close_to_test	1.0	
RESFTVKK	1	7370	too_close_to_test	1.0	
KATTGSRN	0	15134	too_close_to_test	1.0	
RETSASKE	0	11341	too_close_to_test	1.0	
QESFASKL	1	6585	too_close_to_test	1.0	
QPTGGLKK	1	6995	too_close_to_test	1.0	
EESLGSKK	1	747	too_close_to_test	1.0	
KDTTASHK	0	16466	too_close_to_test	1.0	
HESTGAKL	0	8865	too_close_to_test	1.0	
METNASIK	1	6228	too_close_to_test	1.0	
KESTAASL	1	3822	too_close_to_test	1.0	
DETTASNK	0	16358	too_close_to_test	1.0	
EQSTAANL	1	1887	too_close_to_test	1.0	
KGTSASKI	0	9991	too_close_to_test	1.0	
RQTAASKK	0	10205	too_close_to_test	1.0	
LQTVAAKL	1	6183	too_close_to_test	1.0	
EESSAVKS	1	974	too_close_to_test	1.0	
AETTAEKL	1	145	too_close_to_test	1.0	
KETSASKN	0	9114	too_close_to_test	1.0	
RESRASRK	1	7465	too_close_to_test	1.0	
TETKAAKL	1	8285	too_close_to_test	1.0	
KESNAVAL	1	3510	too_close_to_test	1.0	
EETNASDL	1	1355	too_close_to_test	1.0	
RGTTASRK	0	11589	too_close_to_test	1.0	
TQTDAVKK	1	8370	too_close_to_test	1.0	
RATTASKQ	0	10296	too_close_to_test	1.0	
KESTASKT	0	9312	too_close_to_test	1.0	
KESTGAKK	1	3887	too_close_to_test	1.0	
KETFSSKL	1	4151	too_close_to_test	1.0	
RETTASDN	0	16845	too_close_to_test	1.0	
KESRDSKR	1	3680	too_close_to_test	1.0	
KETVAVDL	1	4821	too_close_to_test	1.0	
EESKAAKS	1	727	too_close_to_test	1.0	
KQSVAADL	1	5468	too_close_to_test	1.0	
REKTAVKL	1	7262	too_close_to_test	1.0	
IGTTASNK	0	14290	too_close_to_test	1.0	
RETDAVKK	1	7622	too_close_to_test	1.0	
EHSIAVKK	1	1690	too_close_to_test	1.0	
KETTVSTK	0	12452	too_close_to_test	1.0	
RETAGSKK	0	9212	too_close_to_test	1.0	
EETTASQK	0	9846	too_close_to_test	1.0	
KETIASNR	0	15192	too_close_to_test	1.0	
SESWGSKK	1	8140	too_close_to_test	1.0	
KEPTASYK	0	10049	too_close_to_test	1.0	
KDSTASRK	0	12595	too_close_to_test	1.0	
QESMAVKK	1	6634	too_close_to_test	1.0	
KQSIASDL	1	5391	too_close_to_test	1.0	
DESTGSKL	1	238	too_close_to_test	1.0	
TESMAVKK	1	8231	too_close_to_test	1.0	
EQSEAAKK	1	1829	too_close_to_test	1.0	
PETNASKK	0	9410	too_close_to_test	1.0	
KETNASIK	0	10178	too_close_to_test	1.0	
KDSTASKR	0	11863	too_close_to_test	1.0	
EDTHAAKS	1	443	too_close_to_test	1.0	
KESSASEL	1	3732	too_close_to_test	1.0	
QESTATDL	1	6712	too_close_to_test	1.0	
KQTSAANK	0	11669	too_close_to_test	1.0	
IVTAASKE	0	15600	too_close_to_test	1.0	
KASIAAKL	1	2580	too_close_to_test	1.0	
PKNSGSKK	0	10922	too_close_to_test	1.0	
RETTASYE	0	14148	too_close_to_test	1.0	
RETYASKK	0	16196	too_close_to_test	1.0	
AESGASKL	1	38	too_close_to_test	1.0	
RESWGSKK	1	7586	too_close_to_test	1.0	
KETSAVRL	1	4614	too_close_to_test	1.0	
KQTPASEK	0	13972	too_close_to_test	1.0	
RETSASMN	0	11715	too_close_to_test	1.0	
KKTTASKK	0	9098	too_close_to_test	1.0	
EATIAVKL	1	343	too_close_to_test	1.0	
MATAASQK	0	10450	too_close_to_test	1.0	
EESIAAKI	1	687	too_close_to_test	1.0	
EATTAVKK	1	358	too_close_to_test	1.0	
KESIAAKI	1	3358	too_close_to_test	1.0	
QDTVAAKL	1	6531	too_close_to_test	1.0	
LGSTAVKK	1	6134	too_close_to_test	1.0	
KPTAASKK	0	10502	too_close_to_test	1.0	
KESTGATK	0	10247	too_close_to_test	1.0	
RESTGAKL	0	8552	too_close_to_test	1.0	
DETSASQK	0	11844	too_close_to_test	1.0	
QATSAAKK	0	16735	too_close_to_test	1.0	
LESVAAKI	1	6041	too_close_to_test	1.0	
RATSASKS	0	11711	too_close_to_test	1.0	
KQTAAAKL	1	5491	too_close_to_test	1.0	
KVTTASTK	0	9575	too_close_to_test	1.0	
QETAASRK	0	10640	too_close_to_test	1.0	
KGGAASKK	0	13101	too_close_to_test	1.0	
EEISAVKK	1	515	too_close_to_test	1.0	
KNTVAADL	1	5183	too_close_to_test	1.0	
QATSASNK	0	15319	too_close_to_test	1.0	
EGTSASKK	0	10746	too_close_to_test	1.0	
KTATASKK	0	14805	too_close_to_test	1.0	
KQTDAARL	1	5504	too_close_to_test	1.0	
RVTMAVKK	1	8091	too_close_to_test	1.0	
KPTTAVKN	1	5303	too_close_to_test	1.0	
TDRTASKK	0	16907	too_close_to_test	1.0	
RETIAVKV	1	7675	too_close_to_test	1.0	
HETTASKL	0	10352	too_close_to_test	1.0	
EETAGSKK	0	12758	too_close_to_test	1.0	
DQSIAAKK	1	263	too_close_to_test	1.0	
REDTASIK	0	16819	too_close_to_test	1.0	
PDTTASNK	0	9812	too_close_to_test	1.0	
KESNAVSL	1	3557	too_close_to_test	1.0	
KQSRAVKK	1	5420	too_close_to_test	1.0	
KGTTAPEK	0	13955	too_close_to_test	1.0	
KESAASMK	0	15172	too_close_to_test	1.0	
QITAASKL	0	16097	too_close_to_test	1.0	
QETSASRT	0	13695	too_close_to_test	1.0	
RETVASIK	0	13462	too_close_to_test	1.0	
IETDASKK	0	10967	too_close_to_test	1.0	
KQTDAAKQ	1	5500	too_close_to_test	1.0	
RENTASVK	0	16160	too_close_to_test	1.0	
EEATASKK	0	9137	too_close_to_test	1.0	
RHNTASKK	1	7898	too_close_to_test	1.0	
REAAASKK	0	10070	too_close_to_test	1.0	
KESREAKL	1	3690	too_close_to_test	1.0	
QDSIAADL	1	6499	too_close_to_test	1.0	
PPTTASKK	0	13410	too_close_to_test	1.0	
EETKAAKL	1	1315	too_close_to_test	1.0	
KKSMAVKK	1	5070	too_close_to_test	1.0	
KESKASKL	1	3413	too_close_to_test	1.0	
KEPRAAKL	1	3127	too_close_to_test	1.0	
GDATATIK	0	9154	too_close_to_test	1.0	
KEITAAIK	0	15692	too_close_to_test	1.0	
SEATASNK	0	15427	too_close_to_test	1.0	
LETIAAKL	1	6067	too_close_to_test	1.0	
QGTRAVKK	0	14490	too_close_to_test	1.0	
RGPTASKQ	0	16203	too_close_to_test	1.0	
KGATASKE	0	13943	too_close_to_test	1.0	
RDSAAAKL	1	7177	too_close_to_test	1.0	
KHSRASKK	1	5043	too_close_to_test	1.0	
KESRASKL	1	3655	too_close_to_test	1.0	
LESTGAKL	0	8730	too_close_to_test	1.0	
EETAASDL	1	1165	too_close_to_test	1.0	
KATTASRK	0	9374	too_close_to_test	1.0	
QATPASKK	0	10845	too_close_to_test	1.0	
NESIAAKL	1	6277	too_close_to_test	1.0	
QETTDAKL	1	6892	too_close_to_test	1.0	
QETIAAKL	1	6792	too_close_to_test	1.0	
IQDTASII	0	16436	too_close_to_test	1.0	
QQTTAVKK	1	7075	too_close_to_test	1.0	
PYTPASIK	0	13416	too_close_to_test	1.0	
NETTASNN	0	16673	too_close_to_test	1.0	
NEPTASEK	0	13138	too_close_to_test	1.0	
RETIAASL	1	7658	too_close_to_test	1.0	
RVSRAAKL	1	8086	too_close_to_test	1.0	
EVTYAAKL	1	2106	too_close_to_test	1.0	
EESWAVKK	1	1139	too_close_to_test	1.0	
EQTDAVKT	1	1944	too_close_to_test	1.0	
NETSAADL	1	6348	too_close_to_test	1.0	
EESTASSL	1	1054	too_close_to_test	1.0	
LESNAVDL	1	5994	too_close_to_test	1.0	
RETTASQE	0	14147	too_close_to_test	1.0	
KDTVASKK	0	11637	too_close_to_test	1.0	
EDTDASKL	1	438	too_close_to_test	1.0	
KETAGVKK	1	4068	too_close_to_test	1.0	
AETRATKK	1	127	too_close_to_test	1.0	
LQTDAVKL	1	6175	too_close_to_test	1.0	
PESTASKN	0	15991	too_close_to_test	1.0	
KETTASAL	0	10692	too_close_to_test	1.0	
EESDASKK	1	613	too_close_to_test	1.0	
RQSGAVKK	1	7974	too_close_to_test	1.0	
KGSAAVKK	1	4905	too_close_to_test	1.0	
NESTASKL	0	12883	too_close_to_test	1.0	
KDTTASMK	0	14315	too_close_to_test	1.0	
KQASASKK	0	12652	too_close_to_test	1.0	
EQTNASKL	1	1971	too_close_to_test	1.0	
RERTASKN	0	16828	too_close_to_test	1.0	
KESNAVKK	1	3529	too_close_to_test	1.0	
TETTASNQ	0	11163	too_close_to_test	1.0	
ESSSAVKK	1	2033	too_close_to_test	1.0	
EESNAVNK	1	803	too_close_to_test	1.0	
EATIATKK	1	339	too_close_to_test	1.0	
RESRASDL	1	7463	too_close_to_test	1.0	
NETTASAK	0	15944	too_close_to_test	1.0	
KATSASLK	0	13290	too_close_to_test	1.0	
HESFAVKL	1	2216	too_close_to_test	1.0	
YETTASKL	0	10954	too_close_to_test	1.0	
KESSDAKK	1	3770	too_close_to_test	1.0	
KETVASIR	1	4800	too_close_to_test	1.0	
KESTGVKK	1	3900	too_close_to_test	1.0	
EESIGSKI	1	720	too_close_to_test	1.0	
QESNAAKK	1	6639	too_close_to_test	1.0	
EESRGSKI	1	875	too_close_to_test	1.0	
KESSAVKK	1	3758	too_close_to_test	1.0	
REPPASKK	0	10471	too_close_to_test	1.0	
NETTASRQ	0	15948	too_close_to_test	1.0	
IESTAADL	1	2476	too_close_to_test	1.0	
NGTAASHK	0	10025	too_close_to_test	1.0	
AATSASKK	0	9564	too_close_to_test	1.0	
AETRAVKL	1	130	too_close_to_test	1.0	
QENWGVKK	1	6558	too_close_to_test	1.0	
EESTCAKL	1	1075	too_close_to_test	1.0	
TQPTAPKK	0	16310	too_close_to_test	1.0	
SASRAAKL	1	8098	too_close_to_test	1.0	
HEAAASNK	0	10277	too_close_to_test	1.0	
EESVGSKK	1	1132	too_close_to_test	1.0	
KDAAASKK	0	8706	too_close_to_test	1.0	
QESNAVRL	1	6652	too_close_to_test	1.0	
KVTTASKN	0	9912	too_close_to_test	1.0	
LQAPGSKD	0	11118	too_close_to_test	1.0	
EQTAAAKL	1	1921	too_close_to_test	1.0	
QERTASKK	0	9760	too_close_to_test	1.0	
AGSTAVKK	1	166	too_close_to_test	1.0	
TETNSSKK	1	8294	too_close_to_test	1.0	
KESNASNK	0	16500	too_close_to_test	1.0	
SERNAVKK	1	8110	too_close_to_test	1.0	
RNTTAVKK	1	7924	too_close_to_test	1.0	
KPSSAVKK	1	5235	too_close_to_test	1.0	
KETRAVKS	1	4494	too_close_to_test	1.0	
KGTTASTR	0	15800	too_close_to_test	1.0	
QETSASKL	0	12327	too_close_to_test	1.0	
QESSAADL	1	6680	too_close_to_test	1.0	
QETSASKT	0	12122	too_close_to_test	1.0	
KESNAVKM	1	3531	too_close_to_test	1.0	
NETTASVK	0	9260	too_close_to_test	1.0	
QETTAVKK	1	6885	too_close_to_test	1.0	
ESSSAAKL	1	2031	too_close_to_test	1.0	
KESSDAKL	1	3771	too_close_to_test	1.0	
DESTGAKL	0	9662	too_close_to_test	1.0	
EETSASDL	1	1445	too_close_to_test	1.0	
LETRGSKK	0	9036	too_close_to_test	1.0	
KESTASQK	0	9751	too_close_to_test	1.0	
KSSVAAKL	1	5748	too_close_to_test	1.0	
QETTASLK	0	9123	too_close_to_test	1.0	
KETRAADL	1	4444	too_close_to_test	1.0	
KESTDSKK	1	3870	too_close_to_test	1.0	
QETSASKK	0	8596	too_close_to_test	1.0	
QETPASVK	0	16067	too_close_to_test	1.0	
RGATASTK	0	10789	too_close_to_test	1.0	
KQTLVVKK	1	5624	too_close_to_test	1.0	
KGTTASKR	0	9216	too_close_to_test	1.0	
KKSSASML	0	16565	too_close_to_test	1.0	
LETTASNQ	0	16631	too_close_to_test	1.0	
KESNAAVL	1	3482	too_close_to_test	1.0	
RENSGAKK	0	8477	too_close_to_test	1.0	
RGTTASRN	0	13733	too_close_to_test	1.0	
EETTSAKL	1	1564	too_close_to_test	1.0	
PETSASVR	0	10460	too_close_to_test	1.0	
EESSAAKI	1	888	too_close_to_test	1.0	
RDNTASKK	0	15376	too_close_to_test	1.0	
KLAAASKK	0	14784	too_close_to_test	1.0	
KDTSASRK	0	10975	too_close_to_test	1.0	
KETTAVKN	1	4715	too_close_to_test	1.0	
RGTTASSK	0	15407	too_close_to_test	1.0	
KETSAVKQ	1	4599	too_close_to_test	1.0	
KGSTGSKL	1	4951	too_close_to_test	1.0	
RETTASAK	0	10579	too_close_to_test	1.0	
RESMATKR	1	7413	too_close_to_test	1.0	
KESRESKK	1	3693	too_close_to_test	1.0	
EESSASKF	1	930	too_close_to_test	1.0	
KESEASKK	1	3259	too_close_to_test	1.0	
QEGTKSQK	0	8482	too_close_to_test	1.0	
EESADSKK	1	597	too_close_to_test	1.0	
KGTTASNE	0	11521	too_close_to_test	1.0	
KGTTASIK	0	8946	too_close_to_test	1.0	
DETTGSNK	0	11980	too_close_to_test	1.0	
KGTNASKK	0	9990	too_close_to_test	1.0	
KETTASGQ	0	12267	too_close_to_test	1.0	
REPTGSSK	0	9815	too_close_to_test	1.0	
KETNAADI	0	8951	too_close_to_test	1.0	
KESNAVPI	1	3547	too_close_to_test	1.0	
KVTTASQK	0	10253	too_close_to_test	1.0	
EETIAADL	1	1243	too_close_to_test	1.0	
KESNATKL	1	3507	too_close_to_test	1.0	
NDSTASTK	0	9522	too_close_to_test	1.0	
QDSIAAKK	1	6501	too_close_to_test	1.0	
HETVAVKK	1	2375	too_close_to_test	1.0	
KENNAVNK	1	3091	too_close_to_test	1.0	
DGTTASKK	0	11464	too_close_to_test	1.0	
KESWGSVL	1	4008	too_close_to_test	1.0	
QGTTASLE	0	14933	too_close_to_test	1.0	
QETSASLK	0	11935	too_close_to_test	1.0	
RGTTASVK	0	14538	too_close_to_test	1.0	
KEPPASLK	0	11643	too_close_to_test	1.0	
IATTASLE	0	15569	too_close_to_test	1.0	
KETHAAKL	1	4168	too_close_to_test	1.0	
KQSHAAKK	1	5386	too_close_to_test	1.0	
IEPTGSQK	0	12409	too_close_to_test	1.0	
LETLAAKR	1	6074	too_close_to_test	1.0	
REATGSKK	0	13193	too_close_to_test	1.0	
IETGASKK	0	11747	too_close_to_test	1.0	
QGTRASKK	0	11810	too_close_to_test	1.0	
KESWGTKI	1	4013	too_close_to_test	1.0	
TESTAAKQ	0	10591	too_close_to_test	1.0	
KETIAEDL	1	4232	too_close_to_test	1.0	
AETRAVKI	1	128	too_close_to_test	1.0	
QGTAASRK	0	13700	too_close_to_test	1.0	
IETMASKK	0	13267	too_close_to_test	1.0	
PEATASRK	0	10144	too_close_to_test	1.0	
LASWGSKK	1	5936	too_close_to_test	1.0	
KESPASKN	0	16501	too_close_to_test	1.0	
KETIASKK	0	8592	too_close_to_test	1.0	
EASVAAKK	1	314	too_close_to_test	1.0	
KQTHAVKL	1	5597	too_close_to_test	1.0	
PEPTASQK	0	13404	too_close_to_test	1.0	
NESTATKK	0	13664	too_close_to_test	1.0	
PETNAADI	0	13153	too_close_to_test	1.0	
PESTASKT	0	15296	too_close_to_test	1.0	
QATTASYK	0	11802	too_close_to_test	1.0	
KESDASKK	0	12438	too_close_to_test	1.0	
KESTAIKK	1	3831	too_close_to_test	1.0	
KVTPAPKN	0	11533	too_close_to_test	1.0	
QQSRAAKK	1	7032	too_close_to_test	1.0	
QEPTASKK	0	8852	too_close_to_test	1.0	
SESNAAKK	1	8117	too_close_to_test	1.0	
MESTAVKK	1	6219	too_close_to_test	1.0	
RGTTASKN	0	11948	too_close_to_test	1.0	
RETIGSKQ	0	15388	too_close_to_test	1.0	
RESTESKL	1	7554	too_close_to_test	1.0	
KESTAAIL	1	3812	too_close_to_test	1.0	
KDTTASKE	0	12228	too_close_to_test	1.0	
EQSVAAKK	1	1912	too_close_to_test	1.0	
EQTDGAKL	1	1951	too_close_to_test	1.0	
KETTGSIK	0	9831	too_close_to_test	1.0	
NDVAAAVR	0	15271	too_close_to_test	1.0	
KQTVAVKI	1	5696	too_close_to_test	1.0	
TATAASKN	0	15019	too_close_to_test	1.0	
IITTAASK	0	16434	too_close_to_test	1.0	
IETTASKI	0	9706	too_close_to_test	1.0	
EETTAASL	1	1505	too_close_to_test	1.0	
QETTASIQ	0	9320	too_close_to_test	1.0	
QETSAVKR	1	6869	too_close_to_test	1.0	
EDSAASKL	1	383	too_close_to_test	1.0	
QESSAANL	1	6683	too_close_to_test	1.0	
KATIAAEK	0	11481	too_close_to_test	1.0	
QATAASIK	0	16731	too_close_to_test	1.0	
EESSASGK	0	13798	too_close_to_test	1.0	
KQTIAADL	1	5601	too_close_to_test	1.0	
TEPTGSIE	0	8686	too_close_to_test	1.0	
METTASTK	0	14832	too_close_to_test	1.0	
QESIASKI	1	6610	too_close_to_test	1.0	
KETSAPTK	0	15201	too_close_to_test	1.0	
IETAASNS	0	11627	too_close_to_test	1.0	
KETTDAKK	1	4732	too_close_to_test	1.0	
CESSDAKL	1	191	too_close_to_test	1.0	
KETTASQK	0	8641	too_close_to_test	1.0	
TESNAVKS	1	8242	too_close_to_test	1.0	
QPTSASKK	0	15365	too_close_to_test	1.0	
NETAASKL	0	8550	too_close_to_test	1.0	
QEGSASNK	0	16039	too_close_to_test	1.0	
EETAAAKI	1	1161	too_close_to_test	1.0	
KESTESKK	1	3878	too_close_to_test	1.0	
KEATASST	0	13879	too_close_to_test	1.0	
EETTGADL	1	1552	too_close_to_test	1.0	
KESRASDL	1	3652	too_close_to_test	1.0	
EESSGVKL	1	1009	too_close_to_test	1.0	
EQTDATKK	1	1932	too_close_to_test	1.0	
QESAASKQ	0	16049	too_close_to_test	1.0	
KENVASKL	1	3120	too_close_to_test	1.0	
TQTTASKE	0	14222	too_close_to_test	1.0	
KGSMASKK	0	12455	too_close_to_test	1.0	
EASQAVKL	1	295	too_close_to_test	1.0	
KASWGSKL	1	2648	too_close_to_test	1.0	
KETSAANK	0	8599	too_close_to_test	1.0	
KEGIGSRK	0	14713	too_close_to_test	1.0	
MQVSAAKK	0	8902	too_close_to_test	1.0	
EETTAAKR	1	1498	too_close_to_test	1.0	
EETYAVKK	1	1608	too_close_to_test	1.0	
KETTDSDL	1	4740	too_close_to_test	1.0	
TETTASLK	0	8752	too_close_to_test	1.0	
LESTASTK	0	12871	too_close_to_test	1.0	
HETSASNK	0	10892	too_close_to_test	1.0	
KGSNAVKL	1	4924	too_close_to_test	1.0	
KESSASSL	1	3748	too_close_to_test	1.0	
KGTAASKL	1	4964	too_close_to_test	1.0	
KETKESKR	1	4314	too_close_to_test	1.0	
HEGTKSQK	0	13536	too_close_to_test	1.0	
LDTLASLE	0	12081	too_close_to_test	1.0	
EETTGTKK	1	1559	too_close_to_test	1.0	
KESRAATK	1	3645	too_close_to_test	1.0	
KETSASHK	0	11504	too_close_to_test	1.0	
AETTATKR	1	150	too_close_to_test	1.0	
KETIAAVL	1	4229	too_close_to_test	1.0	
KETTAVDL	1	4706	too_close_to_test	1.0	
EQTTAVKS	1	1995	too_close_to_test	1.0	
EETTGSKE	0	14260	too_close_to_test	1.0	
AETSASKI	0	16350	too_close_to_test	1.0	
LETTGSKK	0	9727	too_close_to_test	1.0	
EQTIAVKK	1	1965	too_close_to_test	1.0	
KETSAAEK	0	8674	too_close_to_test	1.0	
KESFASKS	1	3283	too_close_to_test	1.0	
EATIAEKS	1	337	too_close_to_test	1.0	
RETKAVKL	1	7691	too_close_to_test	1.0	
KVKTASKK	0	14399	too_close_to_test	1.0	
KETEASKL	1	4109	too_close_to_test	1.0	
GETTASQE	0	11173	too_close_to_test	1.0	
DETPASKK	0	12749	too_close_to_test	1.0	
KETTAAVT	1	4682	too_close_to_test	1.0	
KENNALKK	1	3071	too_close_to_test	1.0	
SESNAAKL	1	8118	too_close_to_test	1.0	
QATRASLK	1	6484	too_close_to_test	1.0	
QATTASKR	0	11699	too_close_to_test	1.0	
QESYAAKL	1	6751	too_close_to_test	1.0	
KETDATKK	1	4090	too_close_to_test	1.0	
RESFAVVK	1	7363	too_close_to_test	1.0	
TATTASKE	0	14566	too_close_to_test	1.0	
KESNVVKK	1	3605	too_close_to_test	1.0	
RESNAADL	1	7418	too_close_to_test	1.0	
KESAASNK	0	10980	too_close_to_test	1.0	
LELAASRE	0	9297	too_close_to_test	1.0	
RSSRAAKL	1	8068	too_close_to_test	1.0	
QQTSAAKR	0	8694	too_close_to_test	1.0	
REPTASNK	0	11440	too_close_to_test	1.0	
KATTASYE	0	11862	too_close_to_test	1.0	
TGVTASKK	0	16300	too_close_to_test	1.0	
EETKATKK	1	1319	too_close_to_test	1.0	
VETTAVKL	1	8419	too_close_to_test	1.0	
IVATASKK	0	13278	too_close_to_test	1.0	
EESIDSKK	1	717	too_close_to_test	1.0	
KDTAASYK	0	14694	too_close_to_test	1.0	
QESTASGK	0	15336	too_close_to_test	1.0	
IETTASKN	0	8680	too_close_to_test	1.0	
VDTTASKK	0	12383	too_close_to_test	1.0	
KKNSGSKR	0	9514	too_close_to_test	1.0	
SESVAAKL	1	8138	too_close_to_test	1.0	
KAASAVKK	1	2557	too_close_to_test	1.0	
TETAASYK	0	16281	too_close_to_test	1.0	
EESNAVKR	1	798	too_close_to_test	1.0	
PETSGSKK	0	15302	too_close_to_test	1.0	
EESSAVIK	1	965	too_close_to_test	1.0	
AASAAVKK	1	1	too_close_to_test	1.0	
QQSVAAKL	1	7046	too_close_to_test	1.0	
MDTTASKK	0	10636	too_close_to_test	1.0	
EESTAADK	1	1022	too_close_to_test	1.0	
QGTLASQP	0	16784	too_close_to_test	1.0	
EETRAVKS	1	1416	too_close_to_test	1.0	
EEPTASIK	0	15081	too_close_to_test	1.0	
KGRTASKK	0	12055	too_close_to_test	1.0	
HESWGSKT	1	2303	too_close_to_test	1.0	
KPTMAAKK	0	8663	too_close_to_test	1.0	
KETSASNS	0	15202	too_close_to_test	1.0	
KETEAAKR	1	4106	too_close_to_test	1.0	
KPTAAVKK	1	5249	too_close_to_test	1.0	
EEASASKK	0	10600	too_close_to_test	1.0	
QESNAVKL	1	6647	too_close_to_test	1.0	
RQSTAAKS	1	7997	too_close_to_test	1.0	
KEKTAVKL	1	3047	too_close_to_test	1.0	
KESEAAKI	1	3250	too_close_to_test	1.0	
KETGAVKR	1	4157	too_close_to_test	1.0	
KESVAVKL	1	3955	too_close_to_test	1.0	
KKITASIK	0	10221	too_close_to_test	1.0	
PESTAADL	1	6424	too_close_to_test	1.0	
NETAASNS	0	10287	too_close_to_test	1.0	
EETTAATL	1	1506	too_close_to_test	1.0	
LETRASKL	1	6085	too_close_to_test	1.0	
NATSASKK	0	12090	too_close_to_test	1.0	
KETTAVVT	1	4728	too_close_to_test	1.0	
KAPSASKK	0	14295	too_close_to_test	1.0	
KDTTASEQ	0	16465	too_close_to_test	1.0	
VATSASKK	0	10271	too_close_to_test	1.0	
REITASKK	0	9442	too_close_to_test	1.0	
AESSAVKL	1	78	too_close_to_test	1.0	
KVHTGVKK	1	5829	too_close_to_test	1.0	
KVTSASKT	0	16610	too_close_to_test	1.0	
QETSAVDL	1	6864	too_close_to_test	1.0	
NESTAAKQ	0	10511	too_close_to_test	1.0	
KGTTASHK	0	14375	too_close_to_test	1.0	
TETSASKN	0	13763	too_close_to_test	1.0	
EATAAAKL	1	321	too_close_to_test	1.0	
EHSIASKL	1	1689	too_close_to_test	1.0	
KQSTAVKL	1	5461	too_close_to_test	1.0	
NQTAASKK	0	13395	too_close_to_test	1.0	
RQATASKK	0	10475	too_close_to_test	1.0	
SDAPASKK	0	8629	too_close_to_test	1.0	
KETTASEL	0	13326	too_close_to_test	1.0	
LESTAAKI	1	6026	too_close_to_test	1.0	
KATTAAKK	0	12591	too_close_to_test	1.0	
RETDAVKL	1	7623	too_close_to_test	1.0	
EETIAAKA	1	1252	too_close_to_test	1.0	
RETVAAKK	1	7835	too_close_to_test	1.0	
KPRTAVKK	1	5218	too_close_to_test	1.0	
EEPTASGK	0	15080	too_close_to_test	1.0	
SGTTASKK	0	9766	too_close_to_test	1.0	
DESFAVKK	1	215	too_close_to_test	1.0	
QDSTAVKL	1	6509	too_close_to_test	1.0	
KESEASVK	1	3263	too_close_to_test	1.0	
QKTTASDK	0	14109	too_close_to_test	1.0	
RPTAAVKK	1	7940	too_close_to_test	1.0	
EETTAEKK	1	1510	too_close_to_test	1.0	
KPTNAVKK	1	5283	too_close_to_test	1.0	
SETTAVDL	1	8165	too_close_to_test	1.0	
KATTASKQ	0	8738	too_close_to_test	1.0	
REHSAAKK	1	7242	too_close_to_test	1.0	
KESMAVKR	1	3460	too_close_to_test	1.0	
LESAAVKK	1	5959	too_close_to_test	1.0	
KDPTASKN	0	13862	too_close_to_test	1.0	
EETVAANL	1	1575	too_close_to_test	1.0	
RETTAVVT	1	7818	too_close_to_test	1.0	
EETTATKK	1	1520	too_close_to_test	1.0	
QQTDAVKL	1	7055	too_close_to_test	1.0	
NESSASIK	0	12882	too_close_to_test	1.0	
KETFASDL	1	4135	too_close_to_test	1.0	
HESWGSRK	1	2307	too_close_to_test	1.0	
LETSAVKR	1	6096	too_close_to_test	1.0	
KEASGVKK	1	2957	too_close_to_test	1.0	
PETIASKK	0	9409	too_close_to_test	1.0	
REATASKN	0	10071	too_close_to_test	1.0	
QETTASEQ	0	12930	too_close_to_test	1.0	
HQTDAVKI	1	2401	too_close_to_test	1.0	
KGSTASKQ	0	16553	too_close_to_test	1.0	
KETSASIN	0	14353	too_close_to_test	1.0	
KAATASTK	0	14675	too_close_to_test	1.0	
KETFGSKK	1	4149	too_close_to_test	1.0	
KETTASVL	0	14763	too_close_to_test	1.0	
KSTRAVKI	1	5769	too_close_to_test	1.0	
KLATASSK	1	5112	too_close_to_test	1.0	
IETIGSKK	0	16424	too_close_to_test	1.0	
ELTSAVKK	1	1729	too_close_to_test	1.0	
PEAAASKK	0	12485	too_close_to_test	1.0	
KETNGAKR	1	4393	too_close_to_test	1.0	
KGTTASRE	0	9257	too_close_to_test	1.0	
HESTASDL	1	2266	too_close_to_test	1.0	
KVSTASTK	0	14403	too_close_to_test	1.0	
KASVAAKR	1	2630	too_close_to_test	1.0	
QQTTASTQ	0	16109	too_close_to_test	1.0	
RQTTASKR	0	11345	too_close_to_test	1.0	
RDSSAVKK	1	7195	too_close_to_test	1.0	
KETFAVKR	1	4146	too_close_to_test	1.0	
LEGTKSQK	0	11535	too_close_to_test	1.0	
KETPASKL	0	11503	too_close_to_test	1.0	
RETVASDL	1	7839	too_close_to_test	1.0	
QWPTASKK	0	14950	too_close_to_test	1.0	
EGSRASKL	1	1630	too_close_to_test	1.0	
LESIAVKI	1	5980	too_close_to_test	1.0	
KVGSGVKL	1	5825	too_close_to_test	1.0	
KESSGSKK	1	3792	too_close_to_test	1.0	
KETTATKK	1	4698	too_close_to_test	1.0	
REAFASKK	0	16818	too_close_to_test	1.0	
REPIASKK	0	11572	too_close_to_test	1.0	
METSASKK	0	9995	too_close_to_test	1.0	
KSTSAAKL	1	5772	too_close_to_test	1.0	
IESTAVKL	1	2480	too_close_to_test	1.0	
AETTATKL	1	149	too_close_to_test	1.0	
TETIAADL	0	9135	too_close_to_test	1.0	
KEKIAVKK	1	3033	too_close_to_test	1.0	
EETTTAKL	1	1566	too_close_to_test	1.0	
NVATASVK	1	6398	too_close_to_test	1.0	
HATTASRE	1	2178	too_close_to_test	1.0	
RETNASNK	0	13725	too_close_to_test	1.0	
KETAASRN	0	14743	too_close_to_test	1.0	
KTTTAVKL	1	5811	too_close_to_test	1.0	
KDTSASKL	0	12426	too_close_to_test	1.0	
KEPTASIR	0	9329	too_close_to_test	1.0	
EESNAAKS	1	767	too_close_to_test	1.0	
RETISSKK	1	7680	too_close_to_test	1.0	
NGTVASTK	0	11545	too_close_to_test	1.0	
KESTGAVK	0	15181	too_close_to_test	1.0	
RETVASNL	1	7842	too_close_to_test	1.0	
QESNAVKM	1	6648	too_close_to_test	1.0	
RQTDAVRK	1	8031	too_close_to_test	1.0	
RQTAAAKK	0	16871	too_close_to_test	1.0	
RAISASKK	0	14953	too_close_to_test	1.0	
RESQAAKL	1	7455	too_close_to_test	1.0	
EESAAVKL	1	596	too_close_to_test	1.0	
QGTTASKT	0	11336	too_close_to_test	1.0	
KENNAVEK	1	3079	too_close_to_test	1.0	
KEISGSKK	0	9071	too_close_to_test	1.0	
QETRASKR	0	14092	too_close_to_test	1.0	
KESVGAKL	1	3961	too_close_to_test	1.0	
RVTTASYK	0	16887	too_close_to_test	1.0	
NVTAASKK	0	14040	too_close_to_test	1.0	
EETDAVKI	1	1196	too_close_to_test	1.0	
RQTDAVKN	1	8027	too_close_to_test	1.0	
QATPATKK	0	11133	too_close_to_test	1.0	
TETTASRL	0	9899	too_close_to_test	1.0	
PETTDSIK	0	16706	too_close_to_test	1.0	
SETSAAKL	1	8157	too_close_to_test	1.0	
QETPASEK	0	11562	too_close_to_test	1.0	
GETWGSKL	1	2156	too_close_to_test	1.0	
KQTDAVKT	1	5541	too_close_to_test	1.0	
KQTDAVRI	1	5549	too_close_to_test	1.0	
KQTTAPKK	0	12462	too_close_to_test	1.0	
RGSTAVKL	1	7874	too_close_to_test	1.0	
KETSGSNK	0	15761	too_close_to_test	1.0	
QRTTVAVK	0	11238	too_close_to_test	1.0	
QQLTASEN	0	14496	too_close_to_test	1.0	
KEGSASRK	0	12236	too_close_to_test	1.0	
RESSAVKS	1	7505	too_close_to_test	1.0	
QESNAVKR	1	6649	too_close_to_test	1.0	
KQTDASKL	1	5512	too_close_to_test	1.0	
AETSAVKI	1	134	too_close_to_test	1.0	
QASKAVKV	1	6466	too_close_to_test	1.0	
QGTTASYK	0	14493	too_close_to_test	1.0	
RETTGSKR	0	11444	too_close_to_test	1.0	
KQTDAAVK	1	5505	too_close_to_test	1.0	
RETSASVR	0	16186	too_close_to_test	1.0	
KAPTGSTK	0	16441	too_close_to_test	1.0	
KEATASNK	0	8950	too_close_to_test	1.0	
NETTAVKL	1	6361	too_close_to_test	1.0	
LPTTASKK	0	13130	too_close_to_test	1.0	
RETTASTR	0	10581	too_close_to_test	1.0	
QETIASTQ	0	16060	too_close_to_test	1.0	
NEATASKT	0	14439	too_close_to_test	1.0	
KENNAVKL	1	3084	too_close_to_test	1.0	
HETTASRK	0	10609	too_close_to_test	1.0	
REPTASTK	0	10647	too_close_to_test	1.0	
KDTNASKR	0	12811	too_close_to_test	1.0	
RETHASKL	1	7644	too_close_to_test	1.0	
KGTAASKR	0	13952	too_close_to_test	1.0	
KGSSASKN	0	14771	too_close_to_test	1.0	
KATIAVDL	1	2669	too_close_to_test	1.0	
NDTTASRK	0	13661	too_close_to_test	1.0	
IESIASVT	1	2452	too_close_to_test	1.0	
KETTASRL	0	8508	too_close_to_test	1.0	
RGTSASKK	0	9867	too_close_to_test	1.0	
QETAAVKI	1	6755	too_close_to_test	1.0	
EETIATDL	1	1292	too_close_to_test	1.0	
KESWGVKL	1	4019	too_close_to_test	1.0	
QQSSAVKK	1	7040	too_close_to_test	1.0	
KGTAAADL	1	4961	too_close_to_test	1.0	
LETNAADI	0	10832	too_close_to_test	1.0	
KESTRAKL	1	3907	too_close_to_test	1.0	
TEPSASKK	0	13002	too_close_to_test	1.0	
EQSRASKL	1	1852	too_close_to_test	1.0	
VETSAVKL	1	8415	too_close_to_test	1.0	
KDKTAVKK	1	2758	too_close_to_test	1.0	
RETVAVKL	1	7845	too_close_to_test	1.0	
RDSDAVKK	1	7182	too_close_to_test	1.0	
LESTASKK	0	8527	too_close_to_test	1.0	
PQSVAVDK	0	16015	too_close_to_test	1.0	
KQTSASKN	0	16595	too_close_to_test	1.0	
IESNAVKK	1	2462	too_close_to_test	1.0	
KQTDAVTL	1	5555	too_close_to_test	1.0	
SQKTASKQ	0	13213	too_close_to_test	1.0	
KESWGVKS	1	4021	too_close_to_test	1.0	
LETTAAKK	1	6107	too_close_to_test	1.0	
IPTTASKK	0	13546	too_close_to_test	1.0	
KVTAASTK	0	13358	too_close_to_test	1.0	
KESNAVKE	1	3526	too_close_to_test	1.0	
EETIASKK	0	11986	too_close_to_test	1.0	
KETSASNR	0	13591	too_close_to_test	1.0	
KATTASIE	0	10386	too_close_to_test	1.0	
KEASGSKR	0	15153	too_close_to_test	1.0	
KEPSASNK	0	10898	too_close_to_test	1.0	
RETDASKR	0	8583	too_close_to_test	1.0	
KDSIAAKL	1	2791	too_close_to_test	1.0	
RETTASVK	0	8783	too_close_to_test	1.0	
KETTASET	0	10055	too_close_to_test	1.0	
RATKASKS	0	16131	too_close_to_test	1.0	
HESTAADL	1	2264	too_close_to_test	1.0	
KEPIAAKL	1	3125	too_close_to_test	1.0	
NETAASTK	0	14843	too_close_to_test	1.0	
KDAIGSKL	0	8994	too_close_to_test	1.0	
KNSRAVKK	1	5176	too_close_to_test	1.0	
EESTAATL	1	1037	too_close_to_test	1.0	
LETHAAKL	1	6061	too_close_to_test	1.0	
KESEASKI	1	3258	too_close_to_test	1.0	
KPTTAAVK	1	5297	too_close_to_test	1.0	
IESTGADL	1	2481	too_close_to_test	1.0	
EESCGSKK	1	607	too_close_to_test	1.0	
QEAAGSEE	1	6535	too_close_to_test	1.0	
SEPTGSIE	0	9094	too_close_to_test	1.0	
RESMASKL	1	7412	too_close_to_test	1.0	
KESAAADL	1	3184	too_close_to_test	1.0	
QATIAAKK	0	10718	too_close_to_test	1.0	
HQSTAVKL	1	2396	too_close_to_test	1.0	
ESTIAAKL	1	2039	too_close_to_test	1.0	
QETTASSQ	0	14922	too_close_to_test	1.0	
KGTGGSEK	0	10324	too_close_to_test	1.0	
KSTPASKK	0	16605	too_close_to_test	1.0	
RESSGVKL	1	7518	too_close_to_test	1.0	
KVTNAVKK	1	5886	too_close_to_test	1.0	
KETSATKI	1	4573	too_close_to_test	1.0	
QETIAVKL	1	6807	too_close_to_test	1.0	
QETIGTIS	0	8601	too_close_to_test	1.0	
IETTASKM	0	14289	too_close_to_test	1.0	
KNTTAVKR	1	5182	too_close_to_test	1.0	
QETGGSKK	0	16057	too_close_to_test	1.0	
PQTTASKR	0	16716	too_close_to_test	1.0	
PQTTASTK	0	15313	too_close_to_test	1.0	
EESMASKL	1	753	too_close_to_test	1.0	
EQSTASDL	1	1892	too_close_to_test	1.0	
NEPPASIK	0	13384	too_close_to_test	1.0	
KQTRAVVL	1	5647	too_close_to_test	1.0	
KRTTASKN	0	15848	too_close_to_test	1.0	
EETRASRL	1	1403	too_close_to_test	1.0	
IESIAVKP	1	2456	too_close_to_test	1.0	
RETTASAT	0	12717	too_close_to_test	1.0	
IESIASKI	1	2443	too_close_to_test	1.0	
METSAVKK	1	6233	too_close_to_test	1.0	
WESNAVKL	1	8430	too_close_to_test	1.0	
TQTSAVKL	1	8373	too_close_to_test	1.0	
AESRAAKK	1	56	too_close_to_test	1.0	
RETRESKK	1	7746	too_close_to_test	1.0	
HETVASKK	0	13539	too_close_to_test	1.0	
KDSAASDL	1	2773	too_close_to_test	1.0	
EETGGVKK	1	1225	too_close_to_test	1.0	
TENTASCK	0	13001	too_close_to_test	1.0	
SETTAVKK	1	8167	too_close_to_test	1.0	
KESNAVKF	1	3527	too_close_to_test	1.0	
LVTTASKI	0	14003	too_close_to_test	1.0	
KESWGSIR	1	3990	too_close_to_test	1.0	
KETNASKT	0	11192	too_close_to_test	1.0	
KESSASAL	1	3728	too_close_to_test	1.0	
RQLTASEN	0	15002	too_close_to_test	1.0	
LETAAVKK	1	6054	too_close_to_test	1.0	
KETRASKE	0	14351	too_close_to_test	1.0	
KETRGSDK	0	13929	too_close_to_test	1.0	
NETRGSKK	0	8830	too_close_to_test	1.0	
SETVASKK	0	12535	too_close_to_test	1.0	
RDTTASEQ	0	14512	too_close_to_test	1.0	
AETWGVKK	1	163	too_close_to_test	1.0	
LESEGAKK	1	5963	too_close_to_test	1.0	
KEWTAAKL	1	4876	too_close_to_test	1.0	
KETRAVKQ	1	4492	too_close_to_test	1.0	
IESVAAKL	1	2483	too_close_to_test	1.0	
ADSTASKL	1	18	too_close_to_test	1.0	
KENTASIE	0	10243	too_close_to_test	1.0	
EETRGSDL	1	1432	too_close_to_test	1.0	
QETPASKK	0	8870	too_close_to_test	1.0	
LESFASKL	1	5966	too_close_to_test	1.0	
TVTAASKK	0	13503	too_close_to_test	1.0	
RESSAVHK	1	7500	too_close_to_test	1.0	
TETPASEK	0	16284	too_close_to_test	1.0	
KVTTAVKK	1	5911	too_close_to_test	1.0	
NGTTASEK	0	15954	too_close_to_test	1.0	
KEPTGSKE	0	13890	too_close_to_test	1.0	
PESTASRN	0	14872	too_close_to_test	1.0	
GGTAASKL	1	2157	too_close_to_test	1.0	
IESTAAKQ	0	12787	too_close_to_test	1.0	
LESTAVKR	1	6037	too_close_to_test	1.0	
KEHSAVKL	1	3003	too_close_to_test	1.0	
SESSAAKL	1	8126	too_close_to_test	1.0	
KRNPASGI	0	12658	too_close_to_test	1.0	
PESTASKQ	0	11226	too_close_to_test	1.0	
KETISSKL	1	4287	too_close_to_test	1.0	
VATIAAKS	0	10345	too_close_to_test	1.0	
PECTASKK	0	13403	too_close_to_test	1.0	
IDTTASQK	0	14654	too_close_to_test	1.0	
SESTAAKQ	0	15429	too_close_to_test	1.0	
KVTTAVKR	1	5913	too_close_to_test	1.0	
KETAASMK	0	13912	too_close_to_test	1.0	
RETSAVKM	1	7762	too_close_to_test	1.0	
MDTAASKK	0	14004	too_close_to_test	1.0	
RESNSVKK	1	7453	too_close_to_test	1.0	
QRSTAAKL	1	7086	too_close_to_test	1.0	
KESNAVQK	1	3549	too_close_to_test	1.0	
RENHAAKL	1	7265	too_close_to_test	1.0	
RATPASIK	0	11816	too_close_to_test	1.0	
KENNAAKL	1	3069	too_close_to_test	1.0	
KATNAVKL	1	2691	too_close_to_test	1.0	
RETWAAKL	1	7848	too_close_to_test	1.0	
KQSAVVKM	1	5372	too_close_to_test	1.0	
LDTTAVKK	1	5947	too_close_to_test	1.0	
PETSASSY	0	14876	too_close_to_test	1.0	
KEITAAKK	0	9876	too_close_to_test	1.0	
EGTGAVKK	1	1652	too_close_to_test	1.0	
EGTIAADL	1	1653	too_close_to_test	1.0	
TVTTASEK	0	16325	too_close_to_test	1.0	
GETSAVKK	1	2151	too_close_to_test	1.0	
KESWVSKK	1	4025	too_close_to_test	1.0	
TDASASEK	0	10076	too_close_to_test	1.0	
RETTPSKK	0	16195	too_close_to_test	1.0	
RLSTASKK	0	15409	too_close_to_test	1.0	
PPATASKT	1	6444	too_close_to_test	1.0	
RETTASRN	0	10266	too_close_to_test	1.0	
KDATASKL	0	12023	too_close_to_test	1.0	
KATAAVKI	1	2651	too_close_to_test	1.0	
QETTCSKR	0	16080	too_close_to_test	1.0	
TETAASEK	0	11728	too_close_to_test	1.0	
QQSRAAKL	1	7033	too_close_to_test	1.0	
KATTASTQ	0	10356	too_close_to_test	1.0	
KGSTAVKK	1	4940	too_close_to_test	1.0	
RETSASVK	0	12148	too_close_to_test	1.0	
QGTSAAKK	0	16090	too_close_to_test	1.0	
EESNAVDL	1	786	too_close_to_test	1.0	
QESNAVDL	1	6644	too_close_to_test	1.0	
NETPASKN	0	9474	too_close_to_test	1.0	
KEKTASKL	1	3043	too_close_to_test	1.0	
VEAAASKE	1	8386	too_close_to_test	1.0	
KQNDAVKK	1	5330	too_close_to_test	1.0	
KETSASSY	0	8568	too_close_to_test	1.0	
DELAASRE	0	13515	too_close_to_test	1.0	
KEASASTK	0	12233	too_close_to_test	1.0	
KVTRAAKV	0	15872	too_close_to_test	1.0	
RDSIASKI	1	7189	too_close_to_test	1.0	
GEPTGSNI	0	8984	too_close_to_test	1.0	
EGATASKK	0	10486	too_close_to_test	1.0	
KESEGADL	1	3269	too_close_to_test	1.0	
TDTTASNK	0	12164	too_close_to_test	1.0	
KDTRAVKK	1	2895	too_close_to_test	1.0	
KVSMAAKL	1	5853	too_close_to_test	1.0	
KSTRAAKL	1	5768	too_close_to_test	1.0	
EHSIAAKL	1	1687	too_close_to_test	1.0	
NGSMASKR	0	9787	too_close_to_test	1.0	
NATAASKN	0	15912	too_close_to_test	1.0	
EETLAVKQ	1	1338	too_close_to_test	1.0	
QESWGSDL	1	6742	too_close_to_test	1.0	
EETSASKK	0	9161	too_close_to_test	1.0	
EETWASKL	1	1599	too_close_to_test	1.0	
EETVTSKI	1	1597	too_close_to_test	1.0	
NRTTVAVK	0	14865	too_close_to_test	1.0	
QETAASKQ	0	12326	too_close_to_test	1.0	
KLATASKK	0	16567	too_close_to_test	1.0	
MQVSAAKL	0	10706	too_close_to_test	1.0	
NDTRASKK	0	15922	too_close_to_test	1.0	
KESRSSKL	1	3710	too_close_to_test	1.0	
MVKTESNT	0	14013	too_close_to_test	1.0	
PESTASIK	0	12105	too_close_to_test	1.0	
KETKATKK	1	4303	too_close_to_test	1.0	
HVSRAAKL	1	2410	too_close_to_test	1.0	
EDSRGVKR	1	403	too_close_to_test	1.0	
KETRAATL	1	4455	too_close_to_test	1.0	
NETTAPKK	0	15943	too_close_to_test	1.0	
KETRGSQK	0	16527	too_close_to_test	1.0	
KEPSASVK	0	13886	too_close_to_test	1.0	
EESTASEK	0	13799	too_close_to_test	1.0	
PETSASIK	0	12900	too_close_to_test	1.0	
QATSASIK	0	16736	too_close_to_test	1.0	
QESKAAKL	1	6621	too_close_to_test	1.0	
EESSAAKL	1	890	too_close_to_test	1.0	
RPNTGVKK	1	7933	too_close_to_test	1.0	
EEGTGSKK	0	8745	too_close_to_test	1.0	
LETTASTK	0	10506	too_close_to_test	1.0	
QETTASRK	0	8547	too_close_to_test	1.0	
KETTAKKR	1	4687	too_close_to_test	1.0	
KETTASEI	0	8688	too_close_to_test	1.0	
EETNSSKK	1	1378	too_close_to_test	1.0	
KATSASNK	0	11373	too_close_to_test	1.0	
REAIASKK	0	10933	too_close_to_test	1.0	
KESNAAKK	1	3470	too_close_to_test	1.0	
KENSGAKK	0	8742	too_close_to_test	1.0	
QGTGAVKK	1	6928	too_close_to_test	1.0	
KESVASSL	1	3943	too_close_to_test	1.0	
QETTASVI	0	16770	too_close_to_test	1.0	
KNSIAAKK	1	5168	too_close_to_test	1.0	
EVTVAAKL	1	2104	too_close_to_test	1.0	
EQTTAVKK	1	1993	too_close_to_test	1.0	
KDTTASKT	0	9929	too_close_to_test	1.0	
KDSRAAKL	1	2809	too_close_to_test	1.0	
SETTDAKL	1	8169	too_close_to_test	1.0	
RETTGSKK	0	8605	too_close_to_test	1.0	
KGPSASKK	0	10115	too_close_to_test	1.0	
RETTASKS	0	8861	too_close_to_test	1.0	
KEPAASNK	0	11642	too_close_to_test	1.0	
EETTASRK	0	9220	too_close_to_test	1.0	
AETVASKL	1	162	too_close_to_test	1.0	
PATAASNK	0	14042	too_close_to_test	1.0	
KETVASLT	1	4809	too_close_to_test	1.0	
KESTAAQL	1	3820	too_close_to_test	1.0	
EESGDAKK	1	671	too_close_to_test	1.0	
KGTEAVKK	1	4970	too_close_to_test	1.0	
KESDASKI	1	3233	too_close_to_test	1.0	
ESSIAAKK	1	2025	too_close_to_test	1.0	
EESDAAKL	1	610	too_close_to_test	1.0	
KEDSASKK	0	12235	too_close_to_test	1.0	
METTASLK	0	15266	too_close_to_test	1.0	
EETTAVRK	1	1537	too_close_to_test	1.0	
SEAAGSEK	0	12363	too_close_to_test	1.0	
RDTTASKN	0	11036	too_close_to_test	1.0	
AQSTAAKL	1	179	too_close_to_test	1.0	
QETTASSN	0	16078	too_close_to_test	1.0	
EETWGVKK	1	1603	too_close_to_test	1.0	
RVSHAAKL	1	8081	too_close_to_test	1.0	
KADTASKK	0	10812	too_close_to_test	1.0	
TETSASKQ	0	13012	too_close_to_test	1.0	
KATIAAKN	0	10315	too_close_to_test	1.0	
KGTAASKS	0	15789	too_close_to_test	1.0	
KESSDVKI	1	3784	too_close_to_test	1.0	
EESQAVKK	1	836	too_close_to_test	1.0	
RETIASPK	0	16177	too_close_to_test	1.0	
YETTASNK	0	13236	too_close_to_test	1.0	
KESTAATK	0	13903	too_close_to_test	1.0	
KESGASKL	1	3316	too_close_to_test	1.0	
KQTLAAKL	1	5621	too_close_to_test	1.0	
KDSIAADL	1	2788	too_close_to_test	1.0	
KDTAASNN	1	2854	too_close_to_test	1.0	
RESTGSKR	0	10578	too_close_to_test	1.0	
GETRASKK	0	16389	too_close_to_test	1.0	
QETTASVT	0	12699	too_close_to_test	1.0	
QESRASKL	1	6665	too_close_to_test	1.0	
KGTNGTKK	1	4991	too_close_to_test	1.0	
RATIASKK	0	16130	too_close_to_test	1.0	
NETRAVKK	1	6345	too_close_to_test	1.0	
KGASASGK	1	4882	too_close_to_test	1.0	
PETTASKQ	0	9971	too_close_to_test	1.0	
EESGGVKK	1	675	too_close_to_test	1.0	
IEPIASTK	0	9042	too_close_to_test	1.0	
KESIAVKL	1	3392	too_close_to_test	1.0	
TETVASKK	0	9148	too_close_to_test	1.0	
KGTTASIT	0	13616	too_close_to_test	1.0	
RESTDVKK	1	7552	too_close_to_test	1.0	
RESRATKK	1	7468	too_close_to_test	1.0	
KGVTASKK	0	11522	too_close_to_test	1.0	
EESNAVRL	1	807	too_close_to_test	1.0	
KENSAVKR	1	3109	too_close_to_test	1.0	
KVATASQK	0	13982	too_close_to_test	1.0	
KETDGSNK	0	9908	too_close_to_test	1.0	
QESRGTKK	1	6678	too_close_to_test	1.0	
HATTASEK	0	15106	too_close_to_test	1.0	
ENSTASKK	1	1749	too_close_to_test	1.0	
EETDAAKK	1	1183	too_close_to_test	1.0	
EESSASKN	0	11617	too_close_to_test	1.0	
RERTAVKK	1	7287	too_close_to_test	1.0	
AETTAVKL	1	154	too_close_to_test	1.0	
KVTTASKR	0	9913	too_close_to_test	1.0	
LQTDAVKR	1	6176	too_close_to_test	1.0	
EDSAAVKK	1	384	too_close_to_test	1.0	
KESKFADL	1	3423	too_close_to_test	1.0	
KETSAVVL	1	4621	too_close_to_test	1.0	
PQTDAVKK	1	6453	too_close_to_test	1.0	
RDTTASKK	0	8584	too_close_to_test	1.0	
KASTAVKI	1	2619	too_close_to_test	1.0	
KETHAAKI	1	4166	too_close_to_test	1.0	
KVATASKI	0	13122	too_close_to_test	1.0	
KESRASEK	0	16502	too_close_to_test	1.0	
KKTDASKK	1	5093	too_close_to_test	1.0	
EETAASKL	1	1166	too_close_to_test	1.0	
LETSASIK	0	13373	too_close_to_test	1.0	
QETMAVKK	1	6830	too_close_to_test	1.0	
KGTSASQK	0	12850	too_close_to_test	1.0	
EESSASWK	1	955	too_close_to_test	1.0	
PPSSAPKK	0	11551	too_close_to_test	1.0	
YGTTASKK	0	11975	too_close_to_test	1.0	
QGPPASKK	0	11809	too_close_to_test	1.0	
EESIAADL	1	686	too_close_to_test	1.0	
METRGSKK	0	9691	too_close_to_test	1.0	
YETTASKI	0	16344	too_close_to_test	1.0	
KSTSAAKK	0	11673	too_close_to_test	1.0	
KGATASKQ	0	10909	too_close_to_test	1.0	
TPPAASIN	0	15037	too_close_to_test	1.0	
KETIDADL	1	4266	too_close_to_test	1.0	
QKATASKK	0	14107	too_close_to_test	1.0	
KETIAATK	0	15742	too_close_to_test	1.0	
LETSAVKL	1	6095	too_close_to_test	1.0	
KERCGSKK	1	3140	too_close_to_test	1.0	
HESNAAKK	1	2226	too_close_to_test	1.0	
KDASGSKK	0	12022	too_close_to_test	1.0	
KVASASNK	0	8898	too_close_to_test	1.0	
INSSASKK	0	14291	too_close_to_test	1.0	
KGTYASEK	1	5030	too_close_to_test	1.0	
HESWAAKL	1	2279	too_close_to_test	1.0	
QENAASKH	0	9064	too_close_to_test	1.0	
NESRASLK	0	15932	too_close_to_test	1.0	
KGTLASQP	0	11397	too_close_to_test	1.0	
NDTTASNK	0	12879	too_close_to_test	1.0	
HETDAVKK	1	2320	too_close_to_test	1.0	
METTASKN	0	16645	too_close_to_test	1.0	
KETTESKK	0	16539	too_close_to_test	1.0	
KETIASTK	0	9805	too_close_to_test	1.0	
RQPTAPKN	0	14544	too_close_to_test	1.0	
KETAASAK	0	13910	too_close_to_test	1.0	
KETIASDL	1	4241	too_close_to_test	1.0	
RESNAVTK	1	7444	too_close_to_test	1.0	
KETTASER	0	10054	too_close_to_test	1.0	
RENNAAKK	1	7266	too_close_to_test	1.0	
EATTAAQK	0	12392	too_close_to_test	1.0	
EETMAADL	1	1340	too_close_to_test	1.0	
TETIAAKL	1	8281	too_close_to_test	1.0	
KESSAVDL	1	3755	too_close_to_test	1.0	
GESFAVKK	1	2123	too_close_to_test	1.0	
KQTDDAKK	1	5561	too_close_to_test	1.0	
TETPASKK	0	9039	too_close_to_test	1.0	
EETYASKL	1	1606	too_close_to_test	1.0	
EESTGAKV	1	1095	too_close_to_test	1.0	
EESNASKK	1	777	too_close_to_test	1.0	
KESVAAKL	1	3921	too_close_to_test	1.0	
KESRAAKM	1	3631	too_close_to_test	1.0	
EGTRASKK	0	15091	too_close_to_test	1.0	
EPTGGVKK	1	1790	too_close_to_test	1.0	
TETTAAKK	1	8316	too_close_to_test	1.0	
NETIAANL	1	6338	too_close_to_test	1.0	
KNSIAAKL	1	5169	too_close_to_test	1.0	
EDTIAAKS	1	448	too_close_to_test	1.0	
KESNAAVK	1	3481	too_close_to_test	1.0	
PETCASEK	1	6430	too_close_to_test	1.0	
KGPTASKI	0	15787	too_close_to_test	1.0	
EDSKASKL	1	398	too_close_to_test	1.0	
QETTAAIK	0	9285	too_close_to_test	1.0	
NETSASTK	0	15942	too_close_to_test	1.0	
LERNAVKK	1	5955	too_close_to_test	1.0	
KEKPGSKK	0	11289	too_close_to_test	1.0	
LASIAAKL	1	5933	too_close_to_test	1.0	
EENNASKL	1	526	too_close_to_test	1.0	
NETTGSRN	0	11924	too_close_to_test	1.0	
LETTASQK	0	11538	too_close_to_test	1.0	
RESNAVKL	1	7432	too_close_to_test	1.0	
IHTAASKT	0	13063	too_close_to_test	1.0	
KPSRAVKR	1	5232	too_close_to_test	1.0	
RETRASQK	0	16183	too_close_to_test	1.0	
LGSTASKK	0	14421	too_close_to_test	1.0	
KESTAEKI	1	3827	too_close_to_test	1.0	
KESEAANK	1	3253	too_close_to_test	1.0	
RETNAADL	1	7709	too_close_to_test	1.0	
PETTASSK	0	11130	too_close_to_test	1.0	
LETTASKK	0	8502	too_close_to_test	1.0	
KETTASTQ	0	10283	too_close_to_test	1.0	
EETAASKK	0	9089	too_close_to_test	1.0	
KETAAVRL	1	4058	too_close_to_test	1.0	
KETKDAKK	1	4310	too_close_to_test	1.0	
EETTGAKI	1	1553	too_close_to_test	1.0	
REATASKI	0	12955	too_close_to_test	1.0	
KETIAAKI	1	4211	too_close_to_test	1.0	
EEGIASKL	1	494	too_close_to_test	1.0	
EQDTASKK	0	13531	too_close_to_test	1.0	
EETVAVKV	1	1593	too_close_to_test	1.0	
EESWGSIK	1	1143	too_close_to_test	1.0	
KESTGSRK	0	15183	too_close_to_test	1.0	
METTASRL	0	15908	too_close_to_test	1.0	
EETSAVKK	1	1454	too_close_to_test	1.0	
KETLGSKK	0	15195	too_close_to_test	1.0	
KELAASKL	1	3052	too_close_to_test	1.0	
KESVASKI	1	3936	too_close_to_test	1.0	
REATASTK	0	10935	too_close_to_test	1.0	
RETTAVEK	1	7795	too_close_to_test	1.0	
QESIAAKI	1	6605	too_close_to_test	1.0	
QESWASKL	1	6741	too_close_to_test	1.0	
IETSASTK	0	13271	too_close_to_test	1.0	
KETTAVKV	1	4720	too_close_to_test	1.0	
PESHASDK	0	11225	too_close_to_test	1.0	
RESAASET	1	7293	too_close_to_test	1.0	
KGTPGSKK	0	12642	too_close_to_test	1.0	
QGTTASQK	0	11708	too_close_to_test	1.0	
EQTSAAKR	0	8966	too_close_to_test	1.0	
KETRASEL	1	4466	too_close_to_test	1.0	
EETIAVKK	1	1298	too_close_to_test	1.0	
KETIAVKR	1	4260	too_close_to_test	1.0	
KQTLAVKI	1	5622	too_close_to_test	1.0	
KQTAASEK	0	16590	too_close_to_test	1.0	
KESNAVDK	1	3512	too_close_to_test	1.0	
QEVTASKK	0	11938	too_close_to_test	1.0	
EETSAAKK	1	1440	too_close_to_test	1.0	
EERNAVKK	1	562	too_close_to_test	1.0	
WETTAAKL	0	15056	too_close_to_test	1.0	
LETNAADL	1	6076	too_close_to_test	1.0	
EETDATKI	1	1193	too_close_to_test	1.0	
KETRASRI	0	9494	too_close_to_test	1.0	
NQDTASKK	0	14449	too_close_to_test	1.0	
KDSRAVKI	1	2810	too_close_to_test	1.0	
EEARASKK	0	12194	too_close_to_test	1.0	
KESSDSDL	1	3775	too_close_to_test	1.0	
KETEGSKK	1	4121	too_close_to_test	1.0	
KQTDGVKK	1	5568	too_close_to_test	1.0	
QVTTASKQ	0	10469	too_close_to_test	1.0	
EETLAADL	1	1325	too_close_to_test	1.0	
KETRATKR	1	4476	too_close_to_test	1.0	
EETSDSKK	1	1472	too_close_to_test	1.0	
EESTATKK	1	1060	too_close_to_test	1.0	
RDSAASKL	1	7179	too_close_to_test	1.0	
QATIAAKS	0	8537	too_close_to_test	1.0	
KESHGSKK	1	3351	too_close_to_test	1.0	
LESAAVKL	1	5960	too_close_to_test	1.0	
KGSTASKI	0	8611	too_close_to_test	1.0	
RESTAVKI	1	7540	too_close_to_test	1.0	
SESWGSKR	1	8141	too_close_to_test	1.0	
IETSASKL	0	16428	too_close_to_test	1.0	
KETHESKR	1	4191	too_close_to_test	1.0	
KDATASRL	1	2744	too_close_to_test	1.0	
SEITASKK	0	13746	too_close_to_test	1.0	
KETVAAEL	1	4777	too_close_to_test	1.0	
EESKGSKK	1	738	too_close_to_test	1.0	
KETAGIKK	0	11294	too_close_to_test	1.0	
KETHASKK	1	4173	too_close_to_test	1.0	
NDSTAVKL	1	6261	too_close_to_test	1.0	
KQSVAAKK	1	5470	too_close_to_test	1.0	
KESSALKL	1	3726	too_close_to_test	1.0	
KETYATKK	1	4861	too_close_to_test	1.0	
TETGASKK	0	10415	too_close_to_test	1.0	
YETSASKK	0	9797	too_close_to_test	1.0	
RDTAASNK	0	14960	too_close_to_test	1.0	
KESWGPKK	1	3986	too_close_to_test	1.0	
NEPAASKK	0	12674	too_close_to_test	1.0	
YETAAVKK	1	8451	too_close_to_test	1.0	
NGTTASNK	0	12891	too_close_to_test	1.0	
RDSAASQK	0	16813	too_close_to_test	1.0	
NESNAADL	1	6282	too_close_to_test	1.0	
KQSAAVKI	1	5354	too_close_to_test	1.0	
AETTASKK	0	8485	too_close_to_test	1.0	
EENSGVKK	1	542	too_close_to_test	1.0	
RLAPASNE	0	8748	too_close_to_test	1.0	
QETIATDL	1	6804	too_close_to_test	1.0	
NATTASYN	0	15918	too_close_to_test	1.0	
KETDAVKK	1	4096	too_close_to_test	1.0	
EESFAVKK	1	651	too_close_to_test	1.0	
KDTTASNK	0	9149	too_close_to_test	1.0	
EQSAVVKL	1	1826	too_close_to_test	1.0	
IESTGAKK	0	15580	too_close_to_test	1.0	
EESWGSVK	1	1152	too_close_to_test	1.0	
NETPASNK	0	11122	too_close_to_test	1.0	
HETIASKK	0	11276	too_close_to_test	1.0	
AESRAADL	1	55	too_close_to_test	1.0	
KETTASSN	0	10545	too_close_to_test	1.0	
KEPTGSIE	0	8461	too_close_to_test	1.0	
KESSESKR	1	3787	too_close_to_test	1.0	
EQTDAVRK	1	1947	too_close_to_test	1.0	
KESNAVRL	1	3556	too_close_to_test	1.0	
RDSTASKK	0	9396	too_close_to_test	1.0	
RESGGVKK	1	7376	too_close_to_test	1.0	
EESNAVKM	1	795	too_close_to_test	1.0	
QEMTASKK	0	16750	too_close_to_test	1.0	
EETRAVKN	1	1413	too_close_to_test	1.0	
KETSAVEL	1	4585	too_close_to_test	1.0	
QETIASEH	0	16058	too_close_to_test	1.0	
KETNSTKK	1	4430	too_close_to_test	1.0	
KQATASIK	0	14379	too_close_to_test	1.0	
KEPTASTK	0	9607	too_close_to_test	1.0	
EETTASSK	0	11168	too_close_to_test	1.0	
KETNSSKR	1	4419	too_close_to_test	1.0	
RESQAVKK	1	7457	too_close_to_test	1.0	
KQSAAAKL	1	5352	too_close_to_test	1.0	
EETIAAVT	1	1274	too_close_to_test	1.0	
RETTASMT	0	16846	too_close_to_test	1.0	
KETTASIT	0	10758	too_close_to_test	1.0	
RASIAADL	1	7128	too_close_to_test	1.0	
RETNASEQ	0	16839	too_close_to_test	1.0	
KQADAVKK	1	5316	too_close_to_test	1.0	
EATVASKK	1	368	too_close_to_test	1.0	
MESRAAKL	1	6210	too_close_to_test	1.0	
EEYTAVKK	1	1614	too_close_to_test	1.0	
DETNSSKL	1	248	too_close_to_test	1.0	
NKTTASKK	0	12482	too_close_to_test	1.0	
NETVASNR	0	9454	too_close_to_test	1.0	
KDAVASKI	1	2747	too_close_to_test	1.0	
RESSASKM	1	7490	too_close_to_test	1.0	
RETTASLQ	0	14528	too_close_to_test	1.0	
EPTTAVKK	1	1805	too_close_to_test	1.0	
EETTAAVK	1	1508	too_close_to_test	1.0	
KDTVAVKI	1	2932	too_close_to_test	1.0	
EESNAVNL	1	804	too_close_to_test	1.0	
KPTPATNK	1	5284	too_close_to_test	1.0	
KETADAKK	1	4061	too_close_to_test	1.0	
GESTAAKK	0	12201	too_close_to_test	1.0	
VESTGAKL	0	9445	too_close_to_test	1.0	
AESRAVKL	1	66	too_close_to_test	1.0	
KESSASKQ	0	13900	too_close_to_test	1.0	
KQTTASGK	0	13974	too_close_to_test	1.0	
KESTASRE	0	10983	too_close_to_test	1.0	
EDTTAVKK	1	468	too_close_to_test	1.0	
KETIAVKP	1	4259	too_close_to_test	1.0	
TEARASKK	0	10588	too_close_to_test	1.0	
QETMASKK	0	16061	too_close_to_test	1.0	
KESTAVDL	1	3847	too_close_to_test	1.0	
RPTGGVKL	1	7947	too_close_to_test	1.0	
NETIASKK	0	10560	too_close_to_test	1.0	
EETVASKM	1	1581	too_close_to_test	1.0	
KESIASVN	1	3383	too_close_to_test	1.0	
KETPAVKK	0	8687	too_close_to_test	1.0	
KETTASKY	0	11509	too_close_to_test	1.0	
HETSASKQ	0	10313	too_close_to_test	1.0	
EESTGAKI	1	1088	too_close_to_test	1.0	
QVTTAAKK	0	14948	too_close_to_test	1.0	
KESRAVDL	1	3665	too_close_to_test	1.0	
RETTASKI	0	8684	too_close_to_test	1.0	
EQSTGSKL	1	1906	too_close_to_test	1.0	
KETTEAKL	1	4746	too_close_to_test	1.0	
KDTAASKQ	0	13865	too_close_to_test	1.0	
IETTATKK	0	12789	too_close_to_test	1.0	
KDTTAVKI	1	2914	too_close_to_test	1.0	
TESSASKK	0	10343	too_close_to_test	1.0	
KATTASGK	0	12020	too_close_to_test	1.0	
KATIAANK	0	10428	too_close_to_test	1.0	
QVTTASKL	0	16119	too_close_to_test	1.0	
KDPTASQK	0	12593	too_close_to_test	1.0	
KESMASKL	1	3452	too_close_to_test	1.0	
KQTTASRK	0	9052	too_close_to_test	1.0	
KQPTASNR	0	15831	too_close_to_test	1.0	
IESNAADL	1	2458	too_close_to_test	1.0	
RESTASKS	0	12349	too_close_to_test	1.0	
AESTAVKK	1	85	too_close_to_test	1.0	
KSTIAAKK	1	5760	too_close_to_test	1.0	
KESRAVKR	1	3672	too_close_to_test	1.0	
QQSISAKK	1	7023	too_close_to_test	1.0	
KDTPASKQ	0	13557	too_close_to_test	1.0	
QGASASLK	0	8973	too_close_to_test	1.0	
KESSASIL	1	3734	too_close_to_test	1.0	
RKTVASTK	0	14996	too_close_to_test	1.0	
KENPATKL	1	3102	too_close_to_test	1.0	
EESNAAVK	1	771	too_close_to_test	1.0	
LHSIAADL	1	6139	too_close_to_test	1.0	
KESNAAKI	1	3469	too_close_to_test	1.0	
RQSAASKK	0	13739	too_close_to_test	1.0	
SETSGSKK	0	13477	too_close_to_test	1.0	
KEITASSK	0	12029	too_close_to_test	1.0	
TPTAASKK	0	12379	too_close_to_test	1.0	
KESGGVKL	1	3331	too_close_to_test	1.0	
QATTASYN	0	10568	too_close_to_test	1.0	
EETNGAKL	1	1370	too_close_to_test	1.0	
NETWGVKK	1	6366	too_close_to_test	1.0	
KASTGSKR	0	11860	too_close_to_test	1.0	
KETPVSKK	0	14751	too_close_to_test	1.0	
KSTKAVKK	1	5764	too_close_to_test	1.0	
KSTEASKK	0	15852	too_close_to_test	1.0	
QESWGSKL	1	6746	too_close_to_test	1.0	
QENSASKK	0	14476	too_close_to_test	1.0	
EETRAVKL	1	1411	too_close_to_test	1.0	
KATTASVK	0	10814	too_close_to_test	1.0	
KELTASKL	0	12240	too_close_to_test	1.0	
KDTTASAK	0	11757	too_close_to_test	1.0	
EPTGAVKK	1	1785	too_close_to_test	1.0	
KETSAAVK	1	4560	too_close_to_test	1.0	
QESSAAKK	0	16755	too_close_to_test	1.0	
PETTAVKK	0	15997	too_close_to_test	1.0	
KVTKAVKK	1	5884	too_close_to_test	1.0	
KESFALKK	1	3278	too_close_to_test	1.0	
EESNSVKK	1	829	too_close_to_test	1.0	
HPSIGAKK	1	2384	too_close_to_test	1.0	
EETAASEK	0	13525	too_close_to_test	1.0	
EPTGGVRL	1	1796	too_close_to_test	1.0	
KETVASKK	1	4802	too_close_to_test	1.0	
KQTDAVKL	1	5534	too_close_to_test	1.0	
RETTASNL	0	16847	too_close_to_test	1.0	
QETNAVKK	1	6836	too_close_to_test	1.0	
QETTASGK	0	10572	too_close_to_test	1.0	
NQAPGSKD	0	11011	too_close_to_test	1.0	
QENTASEK	0	11703	too_close_to_test	1.0	
RATTASTK	0	13185	too_close_to_test	1.0	
KEAVASKK	0	15682	too_close_to_test	1.0	
EDTIAAKK	1	446	too_close_to_test	1.0	
KETSTVKK	1	4657	too_close_to_test	1.0	
RETTGSIE	0	12718	too_close_to_test	1.0	
TEATASKE	0	12998	too_close_to_test	1.0	
KESTGAYK	0	12041	too_close_to_test	1.0	
NVSAASKK	0	16684	too_close_to_test	1.0	
NETIAADL	0	9144	too_close_to_test	1.0	
RDSRGVKK	1	7193	too_close_to_test	1.0	
NEPTGSIE	0	8819	too_close_to_test	1.0	
KEITASKK	0	8856	too_close_to_test	1.0	
KETRGSRK	0	15200	too_close_to_test	1.0	
KESTTAKL	1	3912	too_close_to_test	1.0	
LETTASRK	0	9609	too_close_to_test	1.0	
HRTTASKK	0	12003	too_close_to_test	1.0	
NPTGGVKK	0	14860	too_close_to_test	1.0	
RVTQAIKL	1	8093	too_close_to_test	1.0	
RETPAPRK	0	8759	too_close_to_test	1.0	
KETAASNR	0	15734	too_close_to_test	1.0	
HETAASIK	0	14646	too_close_to_test	1.0	
QGSTATKK	0	14931	too_close_to_test	1.0	
EESNAVKS	1	799	too_close_to_test	1.0	
RESSASQT	0	10298	too_close_to_test	1.0	
SDASASKK	0	10478	too_close_to_test	1.0	
QRTTASKK	0	10574	too_close_to_test	1.0	
PGPTASKK	0	12686	too_close_to_test	1.0	
KVTTASKT	0	9781	too_close_to_test	1.0	
RETIASDL	1	7665	too_close_to_test	1.0	
EETAASQK	0	16369	too_close_to_test	1.0	
KETTAVTK	1	4725	too_close_to_test	1.0	
RETTAAKM	1	7780	too_close_to_test	1.0	
KETNGAKK	1	4392	too_close_to_test	1.0	
KESTALKK	1	3832	too_close_to_test	1.0	
EGSTATDL	1	1635	too_close_to_test	1.0	
QDTAASKK	0	10260	too_close_to_test	1.0	
KESVASVK	1	3946	too_close_to_test	1.0	
RETDASDL	1	7618	too_close_to_test	1.0	
HETTASLK	0	13049	too_close_to_test	1.0	
KETNAVKR	1	4378	too_close_to_test	1.0	
EESNAVKK	1	793	too_close_to_test	1.0	
NETTASKN	0	9836	too_close_to_test	1.0	
KQTAGSKK	0	14799	too_close_to_test	1.0	
QETDGSKK	0	8820	too_close_to_test	1.0	
KLTTATKL	1	5147	too_close_to_test	1.0	
PEATASNK	0	12897	too_close_to_test	1.0	
PATTASRK	0	11795	too_close_to_test	1.0	
KATNATKL	1	2687	too_close_to_test	1.0	
RENTASIE	0	8777	too_close_to_test	1.0	
QETTVSKK	0	11707	too_close_to_test	1.0	
NETSASKK	0	8765	too_close_to_test	1.0	
QDPTASQK	0	14073	too_close_to_test	1.0	
TETRAVKM	1	8304	too_close_to_test	1.0	
LATIAAKL	1	5938	too_close_to_test	1.0	
EEIPASKL	1	512	too_close_to_test	1.0	
KETRDVKI	1	4519	too_close_to_test	1.0	
LETEASKN	0	8580	too_close_to_test	1.0	
MESSASKK	0	14829	too_close_to_test	1.0	
NETTALKK	1	6357	too_close_to_test	1.0	
RETTASKN	0	8631	too_close_to_test	1.0	
KDSTASKI	0	12809	too_close_to_test	1.0	
PETSASHK	0	14874	too_close_to_test	1.0	
EQSAAVKL	1	1821	too_close_to_test	1.0	
EESTDVKK	1	1080	too_close_to_test	1.0	
EESTAAKV	1	1031	too_close_to_test	1.0	
KETYAVKI	1	4862	too_close_to_test	1.0	
MEPTASKK	0	15901	too_close_to_test	1.0	
KGTTASNR	0	12644	too_close_to_test	1.0	
KRTTGSQK	1	5716	too_close_to_test	1.0	
KKATASLK	0	15806	too_close_to_test	1.0	
RQTPASKK	0	13206	too_close_to_test	1.0	
NNIPAPKK	0	8875	too_close_to_test	1.0	
QETTAVKL	1	6886	too_close_to_test	1.0	
IESSAVKK	1	2474	too_close_to_test	1.0	
QGTSASKK	0	9675	too_close_to_test	1.0	
KESRGSKK	1	3699	too_close_to_test	1.0	
KPNTAVKK	1	5214	too_close_to_test	1.0	
EDSIAAKI	1	394	too_close_to_test	1.0	
IEIPASMR	0	16418	too_close_to_test	1.0	
SDTTASKK	0	10098	too_close_to_test	1.0	
QESTAVKK	1	6716	too_close_to_test	1.0	
EEITASKK	0	10601	too_close_to_test	1.0	
EETWGSKK	1	1601	too_close_to_test	1.0	
KETTAAKR	1	4672	too_close_to_test	1.0	
AATTAVKK	1	12	too_close_to_test	1.0	
KESDSSKL	1	3247	too_close_to_test	1.0	
YETTATSI	0	14593	too_close_to_test	1.0	
TENSGAKK	0	9981	too_close_to_test	1.0	
NESTGSKK	0	12479	too_close_to_test	1.0	
KETIGSDL	1	4274	too_close_to_test	1.0	
KTNTAVKL	1	5787	too_close_to_test	1.0	
EDVAAAVR	0	13794	too_close_to_test	1.0	
KEPTASRT	0	12034	too_close_to_test	1.0	
KETAASRE	0	13320	too_close_to_test	1.0	
EETTASEK	0	9565	too_close_to_test	1.0	
EPSSAVKK	1	1770	too_close_to_test	1.0	
KSTDAVKL	1	5754	too_close_to_test	1.0	
EERVASKL	1	575	too_close_to_test	1.0	
REATASEI	0	16145	too_close_to_test	1.0	
EETNGSKL	1	1373	too_close_to_test	1.0	
KQTNAVKL	1	5634	too_close_to_test	1.0	
LETSAAKL	1	6091	too_close_to_test	1.0	
RETIAAEL	1	7651	too_close_to_test	1.0	
QESTGSKV	1	6727	too_close_to_test	1.0	
QDSSASKK	0	11325	too_close_to_test	1.0	
KETSGAKL	1	4645	too_close_to_test	1.0	
KDTNASKK	0	10169	too_close_to_test	1.0	
RDSVAAKK	1	7202	too_close_to_test	1.0	
REVSASKK	0	16857	too_close_to_test	1.0	
PGPPASKK	0	16001	too_close_to_test	1.0	
QETNSSKL	1	6842	too_close_to_test	1.0	
EKTSAVKK	1	1715	too_close_to_test	1.0	
PDTTASVK	0	14456	too_close_to_test	1.0	
RQTTASIK	0	14548	too_close_to_test	1.0	
PETAASKI	0	11797	too_close_to_test	1.0	
NETFAAKL	1	6334	too_close_to_test	1.0	
KETRAFKL	1	4461	too_close_to_test	1.0	
EQTTDADL	1	1996	too_close_to_test	1.0	
QESFAAKK	1	6583	too_close_to_test	1.0	
PETTATKK	0	13408	too_close_to_test	1.0	
YETTASVK	0	11841	too_close_to_test	1.0	
KERSAAKL	1	3163	too_close_to_test	1.0	
TETTAAKI	1	8315	too_close_to_test	1.0	
HETSASRK	0	15558	too_close_to_test	1.0	
TESTAVKL	1	8258	too_close_to_test	1.0	
KETTASKQ	0	8593	too_close_to_test	1.0	
KSTTAVKL	1	5778	too_close_to_test	1.0	
IETTASQE	0	10491	too_close_to_test	1.0	
ESAGAVKK	1	2022	too_close_to_test	1.0	
RETIASKT	0	13458	too_close_to_test	1.0	
TDTTASTK	0	14197	too_close_to_test	1.0	
QEKTASKD	0	14474	too_close_to_test	1.0	
KDTTASSK	0	12813	too_close_to_test	1.0	
KQTTASIE	0	14801	too_close_to_test	1.0	
IATIASKK	0	15567	too_close_to_test	1.0	
KVSSASKK	0	11407	too_close_to_test	1.0	
RGTVASTK	0	9735	too_close_to_test	1.0	
IETSASKR	0	14663	too_close_to_test	1.0	
AESSAADL	1	68	too_close_to_test	1.0	
KETPGSRK	0	13928	too_close_to_test	1.0	
KVATASRK	0	13983	too_close_to_test	1.0	
DESNAVKL	1	219	too_close_to_test	1.0	
PETSASKK	0	8846	too_close_to_test	1.0	
TETAASNS	0	10268	too_close_to_test	1.0	
SNIPAPKK	0	9057	too_close_to_test	1.0	
KETLASNK	0	16522	too_close_to_test	1.0	
EESIAAVK	1	696	too_close_to_test	1.0	
KRTDAVKI	0	8594	too_close_to_test	1.0	
QNIPAPKK	0	8608	too_close_to_test	1.0	
AETTAVDL	1	151	too_close_to_test	1.0	
RETTAVKQ	1	7803	too_close_to_test	1.0	
KATSASGK	0	13848	too_close_to_test	1.0	
KATVASKI	1	2729	too_close_to_test	1.0	
HATIAAKS	0	9021	too_close_to_test	1.0	
HGTTASTK	0	12209	too_close_to_test	1.0	
QESTASKL	1	6710	too_close_to_test	1.0	
HDTTASKR	0	14271	too_close_to_test	1.0	
NQKTASKQ	0	11689	too_close_to_test	1.0	
KQSIAAKK	1	5389	too_close_to_test	1.0	
KQTDSSKL	1	5570	too_close_to_test	1.0	
QGTTASEK	0	11564	too_close_to_test	1.0	
TESNAAKL	1	8235	too_close_to_test	1.0	
IETTASKR	0	9801	too_close_to_test	1.0	
KDPGASIK	0	13861	too_close_to_test	1.0	
DNIPAPKK	0	11465	too_close_to_test	1.0	
KESFATKK	1	3285	too_close_to_test	1.0	
KESGAADL	1	3312	too_close_to_test	1.0	
KETAASNS	0	8756	too_close_to_test	1.0	
EETVASKK	1	1579	too_close_to_test	1.0	
KESNGSKK	1	3582	too_close_to_test	1.0	
EESSAAKQ	1	893	too_close_to_test	1.0	
KESTESKS	1	3881	too_close_to_test	1.0	
METTASKK	0	8591	too_close_to_test	1.0	
LGTPASKK	0	12668	too_close_to_test	1.0	
KQTTAVKK	1	5669	too_close_to_test	1.0	
LATTASKK	0	9277	too_close_to_test	1.0	
HQTAASKK	0	11745	too_close_to_test	1.0	
VETIASDL	1	8408	too_close_to_test	1.0	
KETNSADL	1	4407	too_close_to_test	1.0	
IETTASIK	0	9531	too_close_to_test	1.0	
KGPTALKK	0	12849	too_close_to_test	1.0	
NESTASKM	0	13663	too_close_to_test	1.0	
IESAAVKL	1	2434	too_close_to_test	1.0	
IENSGAKK	0	10490	too_close_to_test	1.0	
RETSASKK	0	8612	too_close_to_test	1.0	
KPTTASVK	0	12279	too_close_to_test	1.0	
KRAAASKK	0	16598	too_close_to_test	1.0	
IETTASKE	0	11856	too_close_to_test	1.0	
EETGASKK	0	10669	too_close_to_test	1.0	
EETIAADR	1	1246	too_close_to_test	1.0	
PDSTASKK	0	13150	too_close_to_test	1.0	
RESAASNK	0	16829	too_close_to_test	1.0	
KETTSSIK	0	14765	too_close_to_test	1.0	
AETTAVKM	1	155	too_close_to_test	1.0	
EESRGSKQ	1	878	too_close_to_test	1.0	
KEGPASKK	0	14326	too_close_to_test	1.0	
QDTTASTK	0	12496	too_close_to_test	1.0	
EETRGAKL	1	1431	too_close_to_test	1.0	
KQDTASII	0	9883	too_close_to_test	1.0	
KEPTASEN	0	12032	too_close_to_test	1.0	
NESTASIK	0	11315	too_close_to_test	1.0	
RESWAVKK	1	7583	too_close_to_test	1.0	
EDSVAAKI	1	419	too_close_to_test	1.0	
QESGDAKI	1	6595	too_close_to_test	1.0	
RETAASVK	0	10411	too_close_to_test	1.0	
QVSIAAKK	1	7106	too_close_to_test	1.0	
KESIAASK	1	3368	too_close_to_test	1.0	
KESWGSIK	1	3989	too_close_to_test	1.0	
HDATASKK	0	13046	too_close_to_test	1.0	
KESRGVKK	1	3703	too_close_to_test	1.0	
SETDASDL	1	8145	too_close_to_test	1.0	
YEPRASIK	0	9041	too_close_to_test	1.0	
EESTATKS	0	16368	too_close_to_test	1.0	
KESFAAKK	1	3275	too_close_to_test	1.0	
EESNALKK	1	774	too_close_to_test	1.0	
KETPASIK	0	9221	too_close_to_test	1.0	
HDAPASKK	0	15552	too_close_to_test	1.0	
EEHTGTKK	1	509	too_close_to_test	1.0	
RQTDAVKM	1	8026	too_close_to_test	1.0	
EESAAVKK	1	595	too_close_to_test	1.0	
KQTVATKL	1	5695	too_close_to_test	1.0	
RETAAADL	1	7599	too_close_to_test	1.0	
TETTASKI	0	9504	too_close_to_test	1.0	
QGSTAVKL	1	6926	too_close_to_test	1.0	
KEPTASAK	0	13888	too_close_to_test	1.0	
RATTASQK	0	12512	too_close_to_test	1.0	
KETRGSKE	0	12048	too_close_to_test	1.0	
KNRTAVKK	1	5167	too_close_to_test	1.0	
KESAASRK	0	10981	too_close_to_test	1.0	
QETIASKR	0	10856	too_close_to_test	1.0	
KESIASVT	1	3385	too_close_to_test	1.0	
EQATASKK	0	13530	too_close_to_test	1.0	
KVTTAAIK	0	12662	too_close_to_test	1.0	
QETTASKQ	0	8929	too_close_to_test	1.0	
QASAASKK	0	16726	too_close_to_test	1.0	
SESTASKQ	0	14562	too_close_to_test	1.0	
RQTDAAKK	1	8018	too_close_to_test	1.0	
PEPTASKK	0	9112	too_close_to_test	1.0	
NKNSGSKR	0	16678	too_close_to_test	1.0	
EVPTASKK	0	14630	too_close_to_test	1.0	
QGTAGSKK	0	13701	too_close_to_test	1.0	
RESSASQL	1	7495	too_close_to_test	1.0	
KESAASKE	0	14734	too_close_to_test	1.0	
KAPTASHT	0	15611	too_close_to_test	1.0	
IETIGSKQ	0	9197	too_close_to_test	1.0	
RQTDGSKK	1	8033	too_close_to_test	1.0	
KESSASKL	1	3737	too_close_to_test	1.0	
EESAATKK	1	590	too_close_to_test	1.0	
KEHSASTK	1	2999	too_close_to_test	1.0	
SETTASKK	0	8484	too_close_to_test	1.0	
EETDASKL	1	1190	too_close_to_test	1.0	
VEAAASNK	0	16327	too_close_to_test	1.0	
KETRAVKP	1	4491	too_close_to_test	1.0	
RESNALKK	1	7425	too_close_to_test	1.0	
KEGTASIK	0	15160	too_close_to_test	1.0	
PETSAAKK	0	14055	too_close_to_test	1.0	
EETTAVKK	1	1526	too_close_to_test	1.0	
EASIAAKS	1	286	too_close_to_test	1.0	
QEPAASKK	0	9790	too_close_to_test	1.0	
EESSAAVL	1	909	too_close_to_test	1.0	
KEITASKI	0	15693	too_close_to_test	1.0	
KQSSAAKL	1	5430	too_close_to_test	1.0	
KENTGSYQ	0	15705	too_close_to_test	1.0	
EVSIAAKI	1	2071	too_close_to_test	1.0	
NESKASKL	1	6280	too_close_to_test	1.0	
KEANASKR	0	16472	too_close_to_test	1.0	
RETTASRR	0	11155	too_close_to_test	1.0	
RETTDAKK	1	7821	too_close_to_test	1.0	
KQTTDAKK	1	5673	too_close_to_test	1.0	
KATTASRN	0	9749	too_close_to_test	1.0	
RASTASKL	1	7139	too_close_to_test	1.0	
EHTAAAKL	1	1696	too_close_to_test	1.0	
RATTASYK	0	16132	too_close_to_test	1.0	
KETAASER	0	16510	too_close_to_test	1.0	
QESTGSKR	0	12695	too_close_to_test	1.0	
QDSVAAKK	1	6514	too_close_to_test	1.0	
TQKTASKQ	0	11262	too_close_to_test	1.0	
QESMATKR	1	6633	too_close_to_test	1.0	
LDITASKK	0	11680	too_close_to_test	1.0	
QVPTASKK	0	10723	too_close_to_test	1.0	
EETKASKV	1	1318	too_close_to_test	1.0	
YEATASKK	0	10798	too_close_to_test	1.0	
QESREAKL	1	6675	too_close_to_test	1.0	
MTTSAVKL	1	6247	too_close_to_test	1.0	
RAAAASKK	0	15371	too_close_to_test	1.0	
EESTGTKL	1	1102	too_close_to_test	1.0	
QESSAAKL	1	6681	too_close_to_test	1.0	
EETIAAKN	1	1258	too_close_to_test	1.0	
QETDAVKK	1	6768	too_close_to_test	1.0	
KETTASAN	0	14358	too_close_to_test	1.0	
QETTASKE	0	9339	too_close_to_test	1.0	
TATNPSKK	0	8491	too_close_to_test	1.0	
KGTTDSKK	0	12851	too_close_to_test	1.0	
EETMAVKK	1	1348	too_close_to_test	1.0	
EESNAANK	1	769	too_close_to_test	1.0	
RESTASLK	0	12962	too_close_to_test	1.0	
QTTGGVKK	1	7097	too_close_to_test	1.0	
KEARASIK	0	12429	too_close_to_test	1.0	
KETNSSKV	1	4421	too_close_to_test	1.0	
LLATASKK	1	6150	too_close_to_test	1.0	
KESTASYE	0	11502	too_close_to_test	1.0	
HETSASKK	0	9083	too_close_to_test	1.0	
HQTTAVKL	1	2404	too_close_to_test	1.0	
RESFDVKK	1	7366	too_close_to_test	1.0	
RESVAAKL	1	7570	too_close_to_test	1.0	
DDTTASKK	0	14604	too_close_to_test	1.0	
KETSASET	0	15751	too_close_to_test	1.0	
NETEASKN	0	15936	too_close_to_test	1.0	
KESAASKQ	0	10818	too_close_to_test	1.0	
KQSSAAVK	1	5435	too_close_to_test	1.0	
EETIAADI	1	1241	too_close_to_test	1.0	
SEPSASKK	0	16893	too_close_to_test	1.0	
KVTIAADL	1	5883	too_close_to_test	1.0	
KESVAADL	1	3918	too_close_to_test	1.0	
KDSPASIK	0	15651	too_close_to_test	1.0	
EESIGAKL	1	718	too_close_to_test	1.0	
NATIAVKK	1	6251	too_close_to_test	1.0	
KSSVAAKK	1	5747	too_close_to_test	1.0	
ECTIAAKK	1	373	too_close_to_test	1.0	
RETVASEK	0	15399	too_close_to_test	1.0	
RASTAVKL	1	7140	too_close_to_test	1.0	
KNTKAAKI	1	5179	too_close_to_test	1.0	
KESPASDL	1	3608	too_close_to_test	1.0	
KESHAVKL	1	3346	too_close_to_test	1.0	
NESTASTR	0	10369	too_close_to_test	1.0	
KDSSASKK	0	10104	too_close_to_test	1.0	
SETDAVKK	1	8146	too_close_to_test	1.0	
KGSTASEK	0	12056	too_close_to_test	1.0	
TESAASKK	0	9311	too_close_to_test	1.0	
RETPASKK	0	8744	too_close_to_test	1.0	
KETTDAQK	1	4737	too_close_to_test	1.0	
PETAASIK	0	10714	too_close_to_test	1.0	
KESSASEN	0	15725	too_close_to_test	1.0	
RGTSAVKK	1	7887	too_close_to_test	1.0	
RQTTASTK	0	11251	too_close_to_test	1.0	
KVNNAVKK	1	5833	too_close_to_test	1.0	
REPAASIK	0	16822	too_close_to_test	1.0	
KESNAEKK	1	3483	too_close_to_test	1.0	
KESNAIKK	1	3486	too_close_to_test	1.0	
KQPTAADL	1	5343	too_close_to_test	1.0	
TKTTASNK	0	9547	too_close_to_test	1.0	
NEAAGSEK	0	11794	too_close_to_test	1.0	
RETIAADI	1	7647	too_close_to_test	1.0	
RETSEAKK	1	7772	too_close_to_test	1.0	
HETVAADL	1	2369	too_close_to_test	1.0	
KETRPVKI	1	4538	too_close_to_test	1.0	
SRTDAVKI	0	16902	too_close_to_test	1.0	
AESSASKL	1	73	too_close_to_test	1.0	
TGTTASKQ	0	14217	too_close_to_test	1.0	
KESTASEK	0	9013	too_close_to_test	1.0	
KETVAVKI	1	4823	too_close_to_test	1.0	
QQTTASNK	0	12940	too_close_to_test	1.0	
PEATASKQ	0	14870	too_close_to_test	1.0	
KETAATKL	1	4041	too_close_to_test	1.0	
KETTAALK	0	14356	too_close_to_test	1.0	
PEPTASKI	0	10920	too_close_to_test	1.0	
LESTASKT	0	15885	too_close_to_test	1.0	
VQTAASKK	0	15478	too_close_to_test	1.0	
RGSSASKK	0	14994	too_close_to_test	1.0	
EETHAVKK	1	1232	too_close_to_test	1.0	
EHSIAADL	1	1685	too_close_to_test	1.0	
LESTASIK	0	12082	too_close_to_test	1.0	
KQSIAAKL	1	5390	too_close_to_test	1.0	
RQSTASKK	0	11952	too_close_to_test	1.0	
KQTAASKI	0	15834	too_close_to_test	1.0	
KESWGSVT	1	4010	too_close_to_test	1.0	
KENTGVKL	1	3118	too_close_to_test	1.0	
KVTTASKG	0	15249	too_close_to_test	1.0	
KLTTAVKL	1	5152	too_close_to_test	1.0	
EVSNAAKI	1	2075	too_close_to_test	1.0	
SETEASKI	0	16244	too_close_to_test	1.0	
KETEAVKK	1	4117	too_close_to_test	1.0	
EESTGAVL	1	1097	too_close_to_test	1.0	
KENTASKQ	0	10173	too_close_to_test	1.0	
REHSAVKL	1	7248	too_close_to_test	1.0	
KESTATKS	0	9325	too_close_to_test	1.0	
KGTSASIK	0	11774	too_close_to_test	1.0	
KASTASIE	0	12017	too_close_to_test	1.0	
KETHAEKL	1	4171	too_close_to_test	1.0	
DEATASKK	0	13242	too_close_to_test	1.0	
QVTAASKK	0	10294	too_close_to_test	1.0	
HESREAKL	1	2244	too_close_to_test	1.0	
QETAASSK	0	16759	too_close_to_test	1.0	
ETTAAVKK	1	2055	too_close_to_test	1.0	
NGTTASIK	0	11123	too_close_to_test	1.0	
KETNAVKK	1	4374	too_close_to_test	1.0	
KEAFAAKL	1	2939	too_close_to_test	1.0	
RDSTAVKK	1	7198	too_close_to_test	1.0	
KETIAVKL	1	4256	too_close_to_test	1.0	
KVTQAVKK	1	5899	too_close_to_test	1.0	
ELNTAVKK	1	1721	too_close_to_test	1.0	
NETSASKL	0	11922	too_close_to_test	1.0	
KQTRAADL	1	5639	too_close_to_test	1.0	
LESTAVKL	1	6036	too_close_to_test	1.0	
NEPTASKK	0	9352	too_close_to_test	1.0	
PENSGAKK	0	9757	too_close_to_test	1.0	
KPTTGSNK	0	10088	too_close_to_test	1.0	
KDTTAVKL	1	2916	too_close_to_test	1.0	
KEKIAADL	1	3030	too_close_to_test	1.0	
KLNTGVKK	1	5117	too_close_to_test	1.0	
KELAASRE	0	8549	too_close_to_test	1.0	
QVTTASKT	0	12709	too_close_to_test	1.0	
KQTNSSKK	1	5636	too_close_to_test	1.0	
QESRASKK	0	12322	too_close_to_test	1.0	
IETIAANL	1	2500	too_close_to_test	1.0	
KETVAARK	1	4785	too_close_to_test	1.0	
EQSTGVKK	1	1907	too_close_to_test	1.0	
IEGTKSQK	0	12006	too_close_to_test	1.0	
KENTASTK	0	13085	too_close_to_test	1.0	
IATTASYK	0	14652	too_close_to_test	1.0	
LETTGARI	0	16633	too_close_to_test	1.0	
REPTASRS	0	13197	too_close_to_test	1.0	
NQTTASTK	0	9338	too_close_to_test	1.0	
EESGGVKL	1	676	too_close_to_test	1.0	
EDSTGVKK	1	417	too_close_to_test	1.0	
KESVAARI	1	3927	too_close_to_test	1.0	
QLNTAVKL	1	6950	too_close_to_test	1.0	
TETAASLK	0	13010	too_close_to_test	1.0	
KESDAVKI	1	3239	too_close_to_test	1.0	
EASTAADL	1	303	too_close_to_test	1.0	
EQSSATKL	1	1871	too_close_to_test	1.0	
QESAASRK	0	16050	too_close_to_test	1.0	
KESRAAKQ	1	3633	too_close_to_test	1.0	
KDSIAVKI	1	2792	too_close_to_test	1.0	
RESNAVKR	1	7435	too_close_to_test	1.0	
QETRASKI	0	12500	too_close_to_test	1.0	
EETTASKI	0	10603	too_close_to_test	1.0	
QSSRAAKL	1	7090	too_close_to_test	1.0	
SETDAAKK	1	8144	too_close_to_test	1.0	
LETLAAKK	1	6072	too_close_to_test	1.0	
RESTGVKL	1	7563	too_close_to_test	1.0	
QETAASKS	0	15341	too_close_to_test	1.0	
KESTAARL	1	3821	too_close_to_test	1.0	
RESNAAKI	1	7419	too_close_to_test	1.0	
KESSASTK	0	13572	too_close_to_test	1.0	
PETTASRN	0	12684	too_close_to_test	1.0	
KETSASRH	0	16530	too_close_to_test	1.0	
KGTSGSKK	0	10992	too_close_to_test	1.0	
LPTTAVKK	1	6156	too_close_to_test	1.0	
TETMAVKK	1	8287	too_close_to_test	1.0	
EQTVAVKK	1	2010	too_close_to_test	1.0	
KVATASDK	0	13633	too_close_to_test	1.0	
KAITASKK	0	15127	too_close_to_test	1.0	
KETTGSEI	0	13598	too_close_to_test	1.0	
KESADSKL	1	3206	too_close_to_test	1.0	
KETSDAKI	1	4625	too_close_to_test	1.0	
LHSIAVKK	1	6143	too_close_to_test	1.0	
EVTAAVKK	1	2088	too_close_to_test	1.0	
IELAASRE	0	8469	too_close_to_test	1.0	
IESCASKK	0	10811	too_close_to_test	1.0	
KQTSAAKT	0	11208	too_close_to_test	1.0	
QETSASEI	0	16069	too_close_to_test	1.0	
KAVAASKK	0	15637	too_close_to_test	1.0	
RETAASNQ	0	14142	too_close_to_test	1.0	
KESNALDL	1	3488	too_close_to_test	1.0	
EESSAVTK	1	982	too_close_to_test	1.0	
QETRAVDL	1	6852	too_close_to_test	1.0	
EKITASIK	0	15096	too_close_to_test	1.0	
KETSASKA	0	9199	too_close_to_test	1.0	
HAATASKK	0	11851	too_close_to_test	1.0	
RETNAVKK	1	7713	too_close_to_test	1.0	
QESSASQL	1	6688	too_close_to_test	1.0	
KETVAVKS	1	4829	too_close_to_test	1.0	
KETSASEK	0	9014	too_close_to_test	1.0	
KETSAVKL	1	4595	too_close_to_test	1.0	
RETSAVKK	1	7760	too_close_to_test	1.0	
QQSRAAKS	1	7034	too_close_to_test	1.0	
QETTASRR	0	12931	too_close_to_test	1.0	
RETSAAKM	1	7757	too_close_to_test	1.0	
KDCVGSKK	1	2750	too_close_to_test	1.0	
QEATASKI	0	14080	too_close_to_test	1.0	
RSTTALET	0	11252	too_close_to_test	1.0	
EESLATKK	1	744	too_close_to_test	1.0	
KESNAVVI	1	3562	too_close_to_test	1.0	
KESHASKM	1	3339	too_close_to_test	1.0	
DEPTGSTK	0	13787	too_close_to_test	1.0	
NETPASIK	0	14847	too_close_to_test	1.0	
RETYASKL	1	7851	too_close_to_test	1.0	
EESSGSKL	1	1005	too_close_to_test	1.0	
SESTASKN	0	12365	too_close_to_test	1.0	
KETSAVKT	1	4602	too_close_to_test	1.0	
EETDAVKK	1	1197	too_close_to_test	1.0	
IETTASKK	0	8493	too_close_to_test	1.0	
PQATASKK	0	13412	too_close_to_test	1.0	
RESGSSKK	1	7378	too_close_to_test	1.0	
KPTTASEK	0	13965	too_close_to_test	1.0	
KGATASKM	0	10114	too_close_to_test	1.0	
VVTTASIK	1	8429	too_close_to_test	1.0	
EASIAAKK	1	284	too_close_to_test	1.0	
DETTAVKL	1	257	too_close_to_test	1.0	
KQTTASNK	0	9687	too_close_to_test	1.0	
LETHESKK	1	6063	too_close_to_test	1.0	
QVTTASKR	0	12708	too_close_to_test	1.0	
EESFAVKM	1	653	too_close_to_test	1.0	
RLSTAVKK	1	7918	too_close_to_test	1.0	
RETAAVRK	1	7613	too_close_to_test	1.0	
YEPTGSIE	0	9900	too_close_to_test	1.0	
KPTSASKK	0	10550	too_close_to_test	1.0	
KQTIASKL	1	5607	too_close_to_test	1.0	
KETSASVI	0	15759	too_close_to_test	1.0	
KQTDAVRK	1	5550	too_close_to_test	1.0	
PATAASKK	0	9227	too_close_to_test	1.0	
KESNASNL	1	3499	too_close_to_test	1.0	
EEKNAVKK	1	517	too_close_to_test	1.0	
KGSDAAKL	1	4906	too_close_to_test	1.0	
EQSTAADL	1	1878	too_close_to_test	1.0	
VETTAVKK	1	8418	too_close_to_test	1.0	
EQTSAVKK	1	1981	too_close_to_test	1.0	
KESTDSKL	1	3871	too_close_to_test	1.0	
GESWGSKK	1	2139	too_close_to_test	1.0	
KDTTAVVK	1	2924	too_close_to_test	1.0	
RETTASSE	0	10203	too_close_to_test	1.0	
QQTTGSKK	0	11942	too_close_to_test	1.0	
HDSVAAKL	1	2187	too_close_to_test	1.0	
SEPAASKK	0	13210	too_close_to_test	1.0	
GETTASNK	0	11993	too_close_to_test	1.0	
LETRASKK	0	10447	too_close_to_test	1.0	
IGTIASKK	0	16431	too_close_to_test	1.0	
PETTASKN	0	9380	too_close_to_test	1.0	
KQTTAAKS	0	15840	too_close_to_test	1.0	
KVTSASEK	0	9336	too_close_to_test	1.0	
RETKASDL	1	7685	too_close_to_test	1.0	
RENTGVKK	1	7276	too_close_to_test	1.0	
RETTASQQ	0	13461	too_close_to_test	1.0	
KDTMASKK	0	11486	too_close_to_test	1.0	
RATTASIK	0	10200	too_close_to_test	1.0	
SETTASVK	0	10306	too_close_to_test	1.0	
EETNAVKK	1	1360	too_close_to_test	1.0	
HESWGSTK	1	2309	too_close_to_test	1.0	
QATTASIK	0	10567	too_close_to_test	1.0	
IAAVGSKL	0	15113	too_close_to_test	1.0	
HESIAAKL	1	2219	too_close_to_test	1.0	
EESSALKK	1	915	too_close_to_test	1.0	
QETTAVKV	1	6890	too_close_to_test	1.0	
METTASNK	0	12671	too_close_to_test	1.0	
KASTAAKL	1	2611	too_close_to_test	1.0	
EAPTASKK	0	14243	too_close_to_test	1.0	
SEAIASTK	0	16890	too_close_to_test	1.0	
KEKTATKK	1	3045	too_close_to_test	1.0	
KQPTAPTN	0	15830	too_close_to_test	1.0	
KENTAAKL	1	3114	too_close_to_test	1.0	
KQSWGTKL	1	5484	too_close_to_test	1.0	
RENSAVKR	1	7273	too_close_to_test	1.0	
KESRATKL	1	3661	too_close_to_test	1.0	
METAAAKK	1	6221	too_close_to_test	1.0	
REISASKK	0	14518	too_close_to_test	1.0	
KETSASKV	0	11884	too_close_to_test	1.0	
IETSAAEK	0	10679	too_close_to_test	1.0	
KQSAVVKI	1	5369	too_close_to_test	1.0	
KHTTAVKL	1	5057	too_close_to_test	1.0	
KETVASVL	1	4817	too_close_to_test	1.0	
GESPASRK	0	12402	too_close_to_test	1.0	
METAASKK	0	12089	too_close_to_test	1.0	
GGTTASKK	0	10274	too_close_to_test	1.0	
KDSTGADL	1	2830	too_close_to_test	1.0	
KESTASVL	1	3838	too_close_to_test	1.0	
IDTSASKK	0	10489	too_close_to_test	1.0	
EESSASEL	1	926	too_close_to_test	1.0	
QETTAVKS	1	6888	too_close_to_test	1.0	
RETTAVNK	1	7808	too_close_to_test	1.0	
KRTAAVKR	1	5708	too_close_to_test	1.0	
TVATASKK	0	12381	too_close_to_test	1.0	
EAAVGSKL	0	15496	too_close_to_test	1.0	
KSSRAAKK	1	5732	too_close_to_test	1.0	
TETTASRI	0	11730	too_close_to_test	1.0	
RETSASKI	0	9082	too_close_to_test	1.0	
QETSASRK	0	9456	too_close_to_test	1.0	
KESNAVKP	1	3533	too_close_to_test	1.0	
EESSASPL	1	945	too_close_to_test	1.0	
KETNAVKI	1	4373	too_close_to_test	1.0	
RETTASRS	0	13729	too_close_to_test	1.0	
TNIPASKK	0	10039	too_close_to_test	1.0	
REKTASKK	0	16820	too_close_to_test	1.0	
RGTTASSE	0	16864	too_close_to_test	1.0	
KEITASKR	0	13883	too_close_to_test	1.0	
KDPSASKK	0	10970	too_close_to_test	1.0	
EESVATKI	1	1126	too_close_to_test	1.0	
RETIAAKI	1	7653	too_close_to_test	1.0	
QGTTGSKK	0	11027	too_close_to_test	1.0	
IESTASKN	0	16420	too_close_to_test	1.0	
PVKTESNT	0	9759	too_close_to_test	1.0	
TETAASKT	0	14207	too_close_to_test	1.0	
RESTASNL	1	7535	too_close_to_test	1.0	
DETTGSKK	0	13517	too_close_to_test	1.0	
QETRASKK	0	9145	too_close_to_test	1.0	
KETPSSKL	1	4438	too_close_to_test	1.0	
KGSTASRK	0	13331	too_close_to_test	1.0	
KASTASKI	0	13552	too_close_to_test	1.0	
KETLAVKQ	1	4331	too_close_to_test	1.0	
KGSSASKK	0	10395	too_close_to_test	1.0	
PGTTGSIK	0	16008	too_close_to_test	1.0	
TETPGSKK	0	13222	too_close_to_test	1.0	
KETVAAKL	1	4780	too_close_to_test	1.0	
HAASGSNK	0	8887	too_close_to_test	1.0	
AETRGSKK	0	10668	too_close_to_test	1.0	
KETPSAKK	1	4437	too_close_to_test	1.0	
KEISAVKK	1	3021	too_close_to_test	1.0	
KDPTASTK	0	14308	too_close_to_test	1.0	
KERRAVKI	1	3161	too_close_to_test	1.0	
RESSGVKK	1	7517	too_close_to_test	1.0	
YQTTASKK	0	16349	too_close_to_test	1.0	
EDTHAAKK	1	441	too_close_to_test	1.0	
EESADSKL	1	598	too_close_to_test	1.0	
QESNAAKI	1	6638	too_close_to_test	1.0	
KETAAVKK	1	4047	too_close_to_test	1.0	
MGTTASKK	0	10368	too_close_to_test	1.0	
KETSASMK	0	9986	too_close_to_test	1.0	
AVTTASKK	0	11979	too_close_to_test	1.0	
KTTLAVKK	1	5804	too_close_to_test	1.0	
KQSTGSKK	0	16589	too_close_to_test	1.0	
AESDAVKK	1	30	too_close_to_test	1.0	
KQTPASKK	0	9258	too_close_to_test	1.0	
KQTTGVKL	1	5682	too_close_to_test	1.0	
QESTGAKK	0	11560	too_close_to_test	1.0	
KNSRAVKL	1	5177	too_close_to_test	1.0	
RKTHAVKK	1	7912	too_close_to_test	1.0	
RESAASQK	0	11574	too_close_to_test	1.0	
HEATASEK	0	16398	too_close_to_test	1.0	
KGTSASKE	0	10396	too_close_to_test	1.0	
KETTASLE	0	11391	too_close_to_test	1.0	
LETGASKK	0	12083	too_close_to_test	1.0	
KETTASST	0	12053	too_close_to_test	1.0	
IATSASKK	0	10424	too_close_to_test	1.0	
RQSTAAKK	1	7995	too_close_to_test	1.0	
KGTTGSIK	0	9557	too_close_to_test	1.0	
EETLASDL	1	1330	too_close_to_test	1.0	
KVSRAAKS	1	5864	too_close_to_test	1.0	
QDTTASVK	0	9716	too_close_to_test	1.0	
KQSSASKL	1	5436	too_close_to_test	1.0	
KESNAAKL	1	3471	too_close_to_test	1.0	
KESSASSK	0	12038	too_close_to_test	1.0	
PETAASKL	0	9559	too_close_to_test	1.0	
HETNSSKL	1	2340	too_close_to_test	1.0	
RQTAASKR	0	14547	too_close_to_test	1.0	
QQTTASKE	0	14944	too_close_to_test	1.0	
TETSAVKK	1	8309	too_close_to_test	1.0	
EEATASKT	0	13524	too_close_to_test	1.0	
NDTTASKK	0	9091	too_close_to_test	1.0	
KATTAPKK	0	14301	too_close_to_test	1.0	
PQTSAAKK	0	16016	too_close_to_test	1.0	
RETRASDL	1	7734	too_close_to_test	1.0	
TESTATKK	0	12373	too_close_to_test	1.0	
PESSASKL	0	8672	too_close_to_test	1.0	
EESRAAKQ	1	843	too_close_to_test	1.0	
KDTAASKK	0	8779	too_close_to_test	1.0	
METRASKK	0	14830	too_close_to_test	1.0	
EETRDSKL	1	1424	too_close_to_test	1.0	
KDSNASKK	0	14309	too_close_to_test	1.0	
IETIAAKL	1	2499	too_close_to_test	1.0	
RESTAAKL	1	7528	too_close_to_test	1.0	
MESTASRK	0	16644	too_close_to_test	1.0	
RETTASEP	0	11716	too_close_to_test	1.0	
PETTASQK	0	10026	too_close_to_test	1.0	
KETRAAVL	1	4457	too_close_to_test	1.0	
RDTTASYK	0	14962	too_close_to_test	1.0	
EECTASKK	0	8652	too_close_to_test	1.0	
KESIASNL	1	3381	too_close_to_test	1.0	
KQTSAAKI	0	10696	too_close_to_test	1.0	
EEAAGSEK	0	11360	too_close_to_test	1.0	
KESEAAKL	1	3252	too_close_to_test	1.0	
KATIASNK	0	14682	too_close_to_test	1.0	
TETIAVKK	1	8283	too_close_to_test	1.0	
KETMASKK	0	15746	too_close_to_test	1.0	
RETTATKK	0	12971	too_close_to_test	1.0	
KGTTGSEK	0	13618	too_close_to_test	1.0	
EESQASKI	1	834	too_close_to_test	1.0	
RETTASVI	0	11157	too_close_to_test	1.0	
KESNAAKR	1	3474	too_close_to_test	1.0	
EEATASKL	0	15502	too_close_to_test	1.0	
EESSARKK	1	919	too_close_to_test	1.0	
EETSASNN	0	12760	too_close_to_test	1.0	
EESSAAKT	1	896	too_close_to_test	1.0	
KETIDAKL	1	4267	too_close_to_test	1.0	
EESMAADL	1	749	too_close_to_test	1.0	
KNTTAVKL	1	5181	too_close_to_test	1.0	
REPNASKN	1	7280	too_close_to_test	1.0	
QETPASKN	0	9133	too_close_to_test	1.0	
KQSAVVKQ	1	5373	too_close_to_test	1.0	
RETGASTK	0	10472	too_close_to_test	1.0	
KETSAVIK	1	4587	too_close_to_test	1.0	
PESSASDL	1	6423	too_close_to_test	1.0	
TESIASKK	0	13757	too_close_to_test	1.0	
KETRAVNK	1	4500	too_close_to_test	1.0	
KESNAVNI	1	3542	too_close_to_test	1.0	
WQTDAVKK	1	8434	too_close_to_test	1.0	
KETFAAKS	1	4132	too_close_to_test	1.0	
SGTSAEKR	0	15013	too_close_to_test	1.0	
KVTVASKK	0	13362	too_close_to_test	1.0	
PETTASTN	0	12904	too_close_to_test	1.0	
SGTSAEKK	0	9029	too_close_to_test	1.0	
WETSASKK	0	14232	too_close_to_test	1.0	
EETRDSKR	1	1425	too_close_to_test	1.0	
EETRAVKI	1	1409	too_close_to_test	1.0	
KSTTEVKK	1	5779	too_close_to_test	1.0	
LETTAADL	1	6106	too_close_to_test	1.0	
KETCASKK	0	10985	too_close_to_test	1.0	
SESTAVKK	1	8133	too_close_to_test	1.0	
RETIAAVI	1	7660	too_close_to_test	1.0	
KETTASQI	0	11201	too_close_to_test	1.0	
EERIAADL	1	559	too_close_to_test	1.0	
KETVAPKL	1	4794	too_close_to_test	1.0	
TGTTASTK	0	13228	too_close_to_test	1.0	
EGTSAVKL	1	1668	too_close_to_test	1.0	
RETIAADL	1	7649	too_close_to_test	1.0	
KETKAAKS	1	4298	too_close_to_test	1.0	
EEPTASEK	0	10130	too_close_to_test	1.0	
KESEAADL	1	3249	too_close_to_test	1.0	
SDTLASLE	0	13744	too_close_to_test	1.0	
QATRASRK	0	14894	too_close_to_test	1.0	
RENAASKH	0	8992	too_close_to_test	1.0	
EGTAASKL	1	1647	too_close_to_test	1.0	
TETDAVKK	1	8273	too_close_to_test	1.0	
KESIVVKK	1	3405	too_close_to_test	1.0	
TGSIAADL	1	8338	too_close_to_test	1.0	
NETTASIK	0	9308	too_close_to_test	1.0	
KEPTASTR	0	11494	too_close_to_test	1.0	
QATTASRK	0	10462	too_close_to_test	1.0	
EETTASNQ	0	15088	too_close_to_test	1.0	
EASSASKK	0	14614	too_close_to_test	1.0	
KESTAVQK	1	3861	too_close_to_test	1.0	
ERTNAQTK	0	15531	too_close_to_test	1.0	
EEHSAVDL	1	504	too_close_to_test	1.0	
QHTTASKK	0	16094	too_close_to_test	1.0	
KETGASEK	0	12619	too_close_to_test	1.0	
QETSASVK	0	10408	too_close_to_test	1.0	
KGSPASKK	0	10910	too_close_to_test	1.0	
EDSVASKI	1	429	too_close_to_test	1.0	
EESDATKK	1	615	too_close_to_test	1.0	
SQTTAVKL	1	8190	too_close_to_test	1.0	
EESLAADL	1	739	too_close_to_test	1.0	
EATVAAKL	1	367	too_close_to_test	1.0	
QQSSASKK	0	13440	too_close_to_test	1.0	
KETSAADL	1	4548	too_close_to_test	1.0	
LESNAVKS	1	5998	too_close_to_test	1.0	
KEPTASRK	0	9804	too_close_to_test	1.0	
RETTRSKK	0	16853	too_close_to_test	1.0	
EDSIAVKK	1	396	too_close_to_test	1.0	
IRTPAAKK	0	8943	too_close_to_test	1.0	
EGTTASKI	0	15092	too_close_to_test	1.0	
TETTASKM	0	16290	too_close_to_test	1.0	
RETSGSKK	0	9865	too_close_to_test	1.0	
KETTASRG	0	13098	too_close_to_test	1.0	
KESNESKR	1	3573	too_close_to_test	1.0	
QESTAVDL	1	6714	too_close_to_test	1.0	
TETNATKL	1	8290	too_close_to_test	1.0	
KGRTAVKL	1	4903	too_close_to_test	1.0	
KETRESKL	1	4525	too_close_to_test	1.0	
KESRAADL	1	3623	too_close_to_test	1.0	
KVTSASKN	0	15246	too_close_to_test	1.0	
RHSIAADL	1	7900	too_close_to_test	1.0	
KESSDSKR	1	3779	too_close_to_test	1.0	
KGTAASIK	0	11518	too_close_to_test	1.0	
TKNSGSKR	0	15035	too_close_to_test	1.0	
KETKASNL	1	4302	too_close_to_test	1.0	
EESNAVKQ	1	797	too_close_to_test	1.0	
LEAAGSEK	0	11786	too_close_to_test	1.0	
RETSASEK	0	10653	too_close_to_test	1.0	
NETPASKQ	0	15939	too_close_to_test	1.0	
KDATASNK	0	12802	too_close_to_test	1.0	
KESIASKT	0	12439	too_close_to_test	1.0	
KETDAAVK	1	4081	too_close_to_test	1.0	
EESMAAKK	1	750	too_close_to_test	1.0	
PATIASKK	0	14043	too_close_to_test	1.0	
IESCASKI	0	8570	too_close_to_test	1.0	
KGTPASNI	0	12059	too_close_to_test	1.0	
PETTASVK	0	9382	too_close_to_test	1.0	
KESAASTL	1	3196	too_close_to_test	1.0	
IESAASKK	0	9530	too_close_to_test	1.0	
QESSASDL	1	6684	too_close_to_test	1.0	
KDTKASKV	1	2881	too_close_to_test	1.0	
KEAAASKQ	0	13079	too_close_to_test	1.0	
KEPAASIK	0	12436	too_close_to_test	1.0	
EPSTGVKK	1	1776	too_close_to_test	1.0	
LETIAVKK	1	6069	too_close_to_test	1.0	
KDGTGSKK	0	14304	too_close_to_test	1.0	
KEVTASRK	0	15209	too_close_to_test	1.0	
AQSKAVKK	1	175	too_close_to_test	1.0	
EESTAAVK	1	1038	too_close_to_test	1.0	
QVTQAVKK	1	7118	too_close_to_test	1.0	
EASRASKL	1	299	too_close_to_test	1.0	
RETSASTK	0	10033	too_close_to_test	1.0	
KVSIAAKA	1	5849	too_close_to_test	1.0	
EESFAVDL	1	649	too_close_to_test	1.0	
KETNGTKR	1	4401	too_close_to_test	1.0	
EQTHASKL	1	1957	too_close_to_test	1.0	
KPTTAAKL	1	5295	too_close_to_test	1.0	
SDTVASKL	1	8106	too_close_to_test	1.0	
RESSASKI	1	7487	too_close_to_test	1.0	
KQTGAVKK	1	5588	too_close_to_test	1.0	
KDSTASQK	0	12810	too_close_to_test	1.0	
EETAASKI	0	11618	too_close_to_test	1.0	
RESWGVDL	1	7594	too_close_to_test	1.0	
QKTTASKK	0	9676	too_close_to_test	1.0	
QVASASKK	0	14501	too_close_to_test	1.0	
RDTVASKL	1	7230	too_close_to_test	1.0	
QEASASNK	0	12115	too_close_to_test	1.0	
EQSRAAKL	1	1851	too_close_to_test	1.0	
EETIATKI	1	1293	too_close_to_test	1.0	
EESTDVKL	1	1081	too_close_to_test	1.0	
KESRASTK	0	11647	too_close_to_test	1.0	
EESDAAKK	1	609	too_close_to_test	1.0	
KDTAASRK	0	13866	too_close_to_test	1.0	
QDTTASKK	0	8522	too_close_to_test	1.0	
KETPASKK	0	8559	too_close_to_test	1.0	
QETKATKL	1	6818	too_close_to_test	1.0	
KPTTAADL	1	5294	too_close_to_test	1.0	
QDATASKK	0	9210	too_close_to_test	1.0	
KESASSKL	1	3214	too_close_to_test	1.0	
RESTASKQ	0	9484	too_close_to_test	1.0	
LQTTAAKK	0	13652	too_close_to_test	1.0	
TVTTASLK	0	15474	too_close_to_test	1.0	
KESTDVKK	1	3872	too_close_to_test	1.0	
KASTASVK	0	15618	too_close_to_test	1.0	
PGATASDE	0	9318	too_close_to_test	1.0	
KDRSASTK	0	15648	too_close_to_test	1.0	
AVTTASLK	0	14598	too_close_to_test	1.0	
TETPASTK	0	13762	too_close_to_test	1.0	
KESRAARE	1	3641	too_close_to_test	1.0	
KEITAVKK	1	3023	too_close_to_test	1.0	
MDTTAVKK	1	6199	too_close_to_test	1.0	
KENNAVQK	1	3093	too_close_to_test	1.0	
TESTASKL	0	15452	too_close_to_test	1.0	
KATDAVKK	1	2654	too_close_to_test	1.0	
KGSRAAKL	1	4926	too_close_to_test	1.0	
TETPASKL	0	15025	too_close_to_test	1.0	
PGTTRSDK	0	16709	too_close_to_test	1.0	
AETTASEK	0	15483	too_close_to_test	1.0	
EESNPSKL	1	827	too_close_to_test	1.0	
EATTASYN	0	16361	too_close_to_test	1.0	
KGTSAEYK	0	8531	too_close_to_test	1.0	
EETRGTKL	1	1436	too_close_to_test	1.0	
KVTTASHR	1	5905	too_close_to_test	1.0	
EESGDAVK	1	673	too_close_to_test	1.0	
QASVASKL	1	6474	too_close_to_test	1.0	
KETRASKT	0	9535	too_close_to_test	1.0	
KESRAANI	1	3637	too_close_to_test	1.0	
KEADASKI	0	15149	too_close_to_test	1.0	
KASVAVKI	1	2636	too_close_to_test	1.0	
LETAASKR	0	13645	too_close_to_test	1.0	
RETTTVKK	1	7832	too_close_to_test	1.0	
KATIASDN	1	2663	too_close_to_test	1.0	
KESAAVDL	1	3200	too_close_to_test	1.0	
QETTAPKK	0	10571	too_close_to_test	1.0	
PVHAAPSK	0	12110	too_close_to_test	1.0	
TEGTKSQK	0	10036	too_close_to_test	1.0	
EQTAASKR	0	9302	too_close_to_test	1.0	
KENNAVTK	1	3096	too_close_to_test	1.0	
NETSASEK	0	12679	too_close_to_test	1.0	
KETAASKH	0	12444	too_close_to_test	1.0	
KESTASKS	0	13574	too_close_to_test	1.0	
EESSAVTL	1	983	too_close_to_test	1.0	
AETAASKK	0	12388	too_close_to_test	1.0	
KESTGSNK	0	10621	too_close_to_test	1.0	
KDATASKN	0	9126	too_close_to_test	1.0	
QESTASQK	0	13173	too_close_to_test	1.0	
RDSAASKI	1	7178	too_close_to_test	1.0	
KETNAAKK	1	4357	too_close_to_test	1.0	
KETPAVRL	1	4436	too_close_to_test	1.0	
KETVASTK	0	9724	too_close_to_test	1.0	
LHSIAAKL	1	6140	too_close_to_test	1.0	
TEATASRK	0	16267	too_close_to_test	1.0	
QVTSASIK	0	11567	too_close_to_test	1.0	
KETSDAKL	1	4627	too_close_to_test	1.0	
RESIAADL	1	7381	too_close_to_test	1.0	
EQTRAVKL	1	1978	too_close_to_test	1.0	
KETTAAKS	1	4673	too_close_to_test	1.0	
EEAIASTK	0	10417	too_close_to_test	1.0	
KEPTASNK	0	9158	too_close_to_test	1.0	
RQTAAPNK	0	14167	too_close_to_test	1.0	
RETIASKK	0	9279	too_close_to_test	1.0	
QESVASKL	1	6735	too_close_to_test	1.0	
EESPAVKK	1	832	too_close_to_test	1.0	
REPAASKL	0	14970	too_close_to_test	1.0	
KDTMAVKL	1	2886	too_close_to_test	1.0	
RESTGSKK	0	10095	too_close_to_test	1.0	
QESVAAKL	1	6730	too_close_to_test	1.0	
KETRSTKK	1	4540	too_close_to_test	1.0	
RGDTASKT	0	9038	too_close_to_test	1.0	
RETHAAKL	1	7642	too_close_to_test	1.0	
EEPAASKK	0	11361	too_close_to_test	1.0	
HGTSAEYK	0	9663	too_close_to_test	1.0	
YATTASKK	0	12180	too_close_to_test	1.0	
KRTNAQTK	0	9333	too_close_to_test	1.0	
LENTASKK	0	10504	too_close_to_test	1.0	
QESIASRL	0	9455	too_close_to_test	1.0	
TATTASRK	0	16259	too_close_to_test	1.0	
KESAASKI	0	15717	too_close_to_test	1.0	
KDTHASYK	1	2870	too_close_to_test	1.0	
KETHAVKI	1	4181	too_close_to_test	1.0	
KESNSVKL	1	3601	too_close_to_test	1.0	
KAPTGSTN	0	8717	too_close_to_test	1.0	
PETTASKE	0	10372	too_close_to_test	1.0	
RPSIGAKK	1	7934	too_close_to_test	1.0	
KESNAVVL	1	3564	too_close_to_test	1.0	
KEPTASKI	0	10081	too_close_to_test	1.0	
KGTPASNK	0	11890	too_close_to_test	1.0	
TETYSEKK	0	14215	too_close_to_test	1.0	
RETTASWK	0	16850	too_close_to_test	1.0	
HETTGSKK	0	9903	too_close_to_test	1.0	
GETPASKK	0	12774	too_close_to_test	1.0	
EETTAEKL	1	1511	too_close_to_test	1.0	
KEASASKI	0	11184	too_close_to_test	1.0	
IEATASKK	0	9196	too_close_to_test	1.0	
QNSSASKK	0	10518	too_close_to_test	1.0	
TDTTGSYK	0	9369	too_close_to_test	1.0	
EETGAVKK	1	1220	too_close_to_test	1.0	
KEATASKQ	0	9491	too_close_to_test	1.0	
QESTASIK	0	10198	too_close_to_test	1.0	
LESNATKK	1	5993	too_close_to_test	1.0	
LASSASKK	0	15877	too_close_to_test	1.0	
KEAIASKL	1	2946	too_close_to_test	1.0	
HESWAVKK	1	2286	too_close_to_test	1.0	
KQTDASKQ	1	5513	too_close_to_test	1.0	
PESSAVDM	0	13405	too_close_to_test	1.0	
KETTATKL	1	4699	too_close_to_test	1.0	
KRTSASKK	0	12864	too_close_to_test	1.0	
QETTASQE	0	12124	too_close_to_test	1.0	
KEAIASNK	0	14702	too_close_to_test	1.0	
KATIAVKP	1	2674	too_close_to_test	1.0	
RDDSASKK	1	7171	too_close_to_test	1.0	
QETIAAVL	1	6799	too_close_to_test	1.0	
SETSASHK	1	8158	too_close_to_test	1.0	
KETNTSKL	1	4432	too_close_to_test	1.0	
EKTTASKK	0	11470	too_close_to_test	1.0	
EEPTGSIE	0	8760	too_close_to_test	1.0	
PEPTASTK	0	16697	too_close_to_test	1.0	
KETTASTV	0	11886	too_close_to_test	1.0	
EETTEAKL	1	1549	too_close_to_test	1.0	
EESSASQL	1	946	too_close_to_test	1.0	
EGTTASTK	0	12564	too_close_to_test	1.0	
KQSMASKL	1	5401	too_close_to_test	1.0	
VETVASKL	1	8421	too_close_to_test	1.0	
KQRTAVKL	1	5349	too_close_to_test	1.0	
QESTASTK	0	9593	too_close_to_test	1.0	
LETIAVKI	1	6068	too_close_to_test	1.0	
TESTGVKK	1	8261	too_close_to_test	1.0	
KEHTASKK	0	10133	too_close_to_test	1.0	
EESTAPKL	1	1042	too_close_to_test	1.0	
AESRATKL	1	63	too_close_to_test	1.0	
EGSTASKK	0	11169	too_close_to_test	1.0	
KETIAAKM	1	4214	too_close_to_test	1.0	
EQTDAADL	1	1925	too_close_to_test	1.0	
KQSISAKL	1	5395	too_close_to_test	1.0	
EQSTSAKL	1	1910	too_close_to_test	1.0	
KESQAAKL	1	3616	too_close_to_test	1.0	
PEPSASKK	0	12103	too_close_to_test	1.0	
TESTASIK	0	10482	too_close_to_test	1.0	
RETLAAKI	1	7693	too_close_to_test	1.0	
AESFAVKK	1	36	too_close_to_test	1.0	
QETAASEK	0	11561	too_close_to_test	1.0	
AESNAVDL	1	50	too_close_to_test	1.0	
LETVASKL	1	6123	too_close_to_test	1.0	
RESAATKL	1	7295	too_close_to_test	1.0	
KVTTASKQ	0	8576	too_close_to_test	1.0	
KEATASQN	0	10046	too_close_to_test	1.0	
NEATASKL	0	16660	too_close_to_test	1.0	
QETTASKI	0	8796	too_close_to_test	1.0	
KASWASKK	1	2642	too_close_to_test	1.0	
NEAAASKK	0	15272	too_close_to_test	1.0	
KDSTASNK	0	8967	too_close_to_test	1.0	
KEASASKR	0	13875	too_close_to_test	1.0	
QQSHAAKL	1	7020	too_close_to_test	1.0	
KESTVVKK	1	3916	too_close_to_test	1.0	
EETNSSKS	1	1381	too_close_to_test	1.0	
QGAAASKK	0	14926	too_close_to_test	1.0	
KEPTGSKL	0	10050	too_close_to_test	1.0	
HESNGVKK	1	2238	too_close_to_test	1.0	
KETTASII	0	11508	too_close_to_test	1.0	
RGGTASKK	0	14151	too_close_to_test	1.0	
GETRAVKK	1	2149	too_close_to_test	1.0	
KETTAATL	1	4680	too_close_to_test	1.0	
KETSGSTK	0	15763	too_close_to_test	1.0	
KESGPAKL	1	3332	too_close_to_test	1.0	
EQSAAAKL	1	1818	too_close_to_test	1.0	
EESLAAVL	1	742	too_close_to_test	1.0	
RETMAAKL	1	7702	too_close_to_test	1.0	
PETEASKI	0	12488	too_close_to_test	1.0	
RGTTASHK	0	13732	too_close_to_test	1.0	
KEPGGSVK	0	8651	too_close_to_test	1.0	
KESNATKK	1	3506	too_close_to_test	1.0	
QGTGAVKL	1	6929	too_close_to_test	1.0	
QVTTASKI	0	13184	too_close_to_test	1.0	
EVTQAIKL	1	2095	too_close_to_test	1.0	
KGTTATKK	0	10630	too_close_to_test	1.0	
NATPASKK	0	15914	too_close_to_test	1.0	
KETTASCK	0	11885	too_close_to_test	1.0	
KESKAVKL	1	3419	too_close_to_test	1.0	
KKSTAVKR	1	5089	too_close_to_test	1.0	
KETTASTT	0	9048	too_close_to_test	1.0	
QETSAAKL	1	6860	too_close_to_test	1.0	
KETIASRK	0	11769	too_close_to_test	1.0	
QESIAADL	1	6604	too_close_to_test	1.0	
KQTEAVDL	1	5582	too_close_to_test	1.0	
RESFAVEK	1	7339	too_close_to_test	1.0	
TSTTALET	0	15048	too_close_to_test	1.0	
RESIAVKK	1	7394	too_close_to_test	1.0	
KETRAAKI	1	4446	too_close_to_test	1.0	
LQSTASKK	0	13132	too_close_to_test	1.0	
EDSNAVKK	1	400	too_close_to_test	1.0	
TETTATSI	0	9174	too_close_to_test	1.0	
RESFVVKK	1	7371	too_close_to_test	1.0	
KESTGPKL	1	3893	too_close_to_test	1.0	
RESSASRK	0	16832	too_close_to_test	1.0	
QATSASHK	0	14895	too_close_to_test	1.0	
EESWASKK	1	1137	too_close_to_test	1.0	
KETVAADK	1	4775	too_close_to_test	1.0	
RATTASYN	0	10644	too_close_to_test	1.0	
KDTAASKI	0	13556	too_close_to_test	1.0	
EESVASKI	1	1119	too_close_to_test	1.0	
LRTTVAVK	0	8542	too_close_to_test	1.0	
TETRESKR	1	8305	too_close_to_test	1.0	
KQTRAAKK	1	5640	too_close_to_test	1.0	
EENTASKK	0	10957	too_close_to_test	1.0	
IETTAAKK	0	10751	too_close_to_test	1.0	
MQTSAAKR	0	10328	too_close_to_test	1.0	
KQSVAAKS	1	5472	too_close_to_test	1.0	
EESDASKL	1	614	too_close_to_test	1.0	
QETTAAKL	1	6878	too_close_to_test	1.0	
DELRASKL	1	211	too_close_to_test	1.0	
KESTGAVL	1	3889	too_close_to_test	1.0	
RETNASKR	0	14527	too_close_to_test	1.0	
EETNGVKK	1	1375	too_close_to_test	1.0	
KGGTASKK	0	12272	too_close_to_test	1.0	
KETPCSKK	0	8803	too_close_to_test	1.0	
RESPASNK	0	14139	too_close_to_test	1.0	
KQTTASAL	0	12463	too_close_to_test	1.0	
KEASESKN	0	15677	too_close_to_test	1.0	
KETSASTI	0	15756	too_close_to_test	1.0	
KESWGSKE	1	3991	too_close_to_test	1.0	
RQTSAAKK	0	11592	too_close_to_test	1.0	
QRTNASKK	0	12706	too_close_to_test	1.0	
KELTAAKL	1	3055	too_close_to_test	1.0	
TDAAASKK	0	15443	too_close_to_test	1.0	
EETHAAKI	1	1227	too_close_to_test	1.0	
EETFAAKK	1	1212	too_close_to_test	1.0	
EETFAAKL	1	1213	too_close_to_test	1.0	
EESSAAKK	1	889	too_close_to_test	1.0	
RESTASEK	0	11576	too_close_to_test	1.0	
KENNSSKL	1	3100	too_close_to_test	1.0	
KESKAVKK	1	3418	too_close_to_test	1.0	
EETIAAKT	1	1262	too_close_to_test	1.0	
RETTASVE	0	12355	too_close_to_test	1.0	
TESNAVKR	1	8241	too_close_to_test	1.0	
IQKTASKQ	0	12013	too_close_to_test	1.0	
EASIASKL	1	287	too_close_to_test	1.0	
QQTDASKL	1	7051	too_close_to_test	1.0	
NHTAASKT	0	12481	too_close_to_test	1.0	
RETTDVKK	1	7823	too_close_to_test	1.0	
KETSASGK	0	11390	too_close_to_test	1.0	
EESHAADL	1	677	too_close_to_test	1.0	
KETSAANL	1	4555	too_close_to_test	1.0	
HSSRAAKL	1	2407	too_close_to_test	1.0	
EQTVASKL	1	2007	too_close_to_test	1.0	
QEPTASKN	0	15328	too_close_to_test	1.0	
EQSSAANL	1	1863	too_close_to_test	1.0	
KETSASEV	0	11651	too_close_to_test	1.0	
RGTLASKK	0	16207	too_close_to_test	1.0	
KESLASKK	0	12827	too_close_to_test	1.0	
QESTAVKL	1	6717	too_close_to_test	1.0	
EESSAVVL	1	984	too_close_to_test	1.0	
KEPTASEK	0	9533	too_close_to_test	1.0	
KEATASQK	0	10536	too_close_to_test	1.0	
KGSVAAVL	1	4957	too_close_to_test	1.0	
NERTASKK	0	13662	too_close_to_test	1.0	
EESEGAKK	1	635	too_close_to_test	1.0	
EESRASDL	1	845	too_close_to_test	1.0	
PESTASVK	0	12899	too_close_to_test	1.0	
KGYTAPKK	0	12061	too_close_to_test	1.0	
KESTGAKN	0	9347	too_close_to_test	1.0	
PATTASYN	0	15975	too_close_to_test	1.0	
EGSTAVKR	1	1641	too_close_to_test	1.0	
RAATPSKK	0	15372	too_close_to_test	1.0	
KETRESNR	1	4528	too_close_to_test	1.0	
EETIAVKL	1	1299	too_close_to_test	1.0	
EASTASKL	1	309	too_close_to_test	1.0	
EERNAVKL	1	563	too_close_to_test	1.0	
GESAASKK	0	12200	too_close_to_test	1.0	
KATNPSKK	0	8839	too_close_to_test	1.0	
RETSASKR	0	11153	too_close_to_test	1.0	
EETDASEK	0	10531	too_close_to_test	1.0	
RETTATKR	1	7790	too_close_to_test	1.0	
TETTATKK	0	10269	too_close_to_test	1.0	
KETVASIL	1	4799	too_close_to_test	1.0	
KATTAVKL	1	2715	too_close_to_test	1.0	
EETTASVL	1	1517	too_close_to_test	1.0	
TESTAVKR	1	8259	too_close_to_test	1.0	
RNSIAAKL	1	7921	too_close_to_test	1.0	
EESNAADL	1	763	too_close_to_test	1.0	
SETTASSE	0	16249	too_close_to_test	1.0	
KETTASYR	0	11511	too_close_to_test	1.0	
RETPASGK	0	16180	too_close_to_test	1.0	
RESTAEKL	1	7531	too_close_to_test	1.0	
KESSGVKL	1	3798	too_close_to_test	1.0	
TPSSAPKK	0	11164	too_close_to_test	1.0	
NETIASNK	0	16669	too_close_to_test	1.0	
NGSTAVKK	1	6371	too_close_to_test	1.0	
KATSASKI	0	13554	too_close_to_test	1.0	
RQSVAVKK	1	8011	too_close_to_test	1.0	
KETVESKL	1	4834	too_close_to_test	1.0	
RETTASDQ	0	14987	too_close_to_test	1.0	
KESWAAKL	1	3972	too_close_to_test	1.0	
QQATASTK	0	11812	too_close_to_test	1.0	
NESIASKK	0	13387	too_close_to_test	1.0	
KETFAVKL	1	4145	too_close_to_test	1.0	
KDRTASGR	0	15649	too_close_to_test	1.0	
RETAASNK	0	8712	too_close_to_test	1.0	
KAASGSKK	0	14674	too_close_to_test	1.0	
KDCTASKI	0	16458	too_close_to_test	1.0	
MENSGVKK	1	6200	too_close_to_test	1.0	
EESTAVKL	1	1066	too_close_to_test	1.0	
KESIASVS	1	3384	too_close_to_test	1.0	
EESSALKL	1	916	too_close_to_test	1.0	
KESNAVQI	1	3548	too_close_to_test	1.0	
ESTTAVKK	1	2046	too_close_to_test	1.0	
IDTTASRK	0	15115	too_close_to_test	1.0	
EETMAAKL	1	1342	too_close_to_test	1.0	
RETFASKL	1	7637	too_close_to_test	1.0	
EATTASGN	0	12191	too_close_to_test	1.0	
KVTTASEV	0	13125	too_close_to_test	1.0	
KASAASKK	0	11629	too_close_to_test	1.0	
KDSTASTK	0	11485	too_close_to_test	1.0	
AETTASIK	0	11611	too_close_to_test	1.0	
RGTTASNN	0	16212	too_close_to_test	1.0	
EESRASNL	1	851	too_close_to_test	1.0	
ETSIAAKL	1	2052	too_close_to_test	1.0	
KESSASIE	0	14737	too_close_to_test	1.0	
TETTASKN	0	9400	too_close_to_test	1.0	
IATTASYN	0	8565	too_close_to_test	1.0	
KESVAANI	1	3925	too_close_to_test	1.0	
KETNSSKL	1	4416	too_close_to_test	1.0	
NETHAAKL	1	6335	too_close_to_test	1.0	
KNTVAVKL	1	5191	too_close_to_test	1.0	
DETTASKI	0	9431	too_close_to_test	1.0	
EETMASKK	1	1344	too_close_to_test	1.0	
KQTPASTK	0	13628	too_close_to_test	1.0	
SETSASTK	0	16896	too_close_to_test	1.0	
KPPTASKK	0	15228	too_close_to_test	1.0	
KETTAARL	1	4676	too_close_to_test	1.0	
EETRASSL	1	1404	too_close_to_test	1.0	
KATSASIK	0	12217	too_close_to_test	1.0	
LETTAAKL	1	6108	too_close_to_test	1.0	
KDTHESKR	1	2871	too_close_to_test	1.0	
KETNASYK	0	12624	too_close_to_test	1.0	
KQTDAAKR	1	5501	too_close_to_test	1.0	
EATIAAKM	1	332	too_close_to_test	1.0	
KETTDAKS	1	4736	too_close_to_test	1.0	
TESWGSKK	1	8264	too_close_to_test	1.0	
DQTSAAKR	0	14608	too_close_to_test	1.0	
EETNATKL	1	1358	too_close_to_test	1.0	
RETSAVKN	1	7763	too_close_to_test	1.0	
EGSMASKR	0	8472	too_close_to_test	1.0	
KEINASKK	0	15162	too_close_to_test	1.0	
KESTDAKK	1	3867	too_close_to_test	1.0	
EGTTASKQ	0	15094	too_close_to_test	1.0	
KETSASNK	0	8577	too_close_to_test	1.0	
IVTPASKK	0	12416	too_close_to_test	1.0	
EETSATKR	1	1450	too_close_to_test	1.0	
RETTASIT	0	12968	too_close_to_test	1.0	
KVPTASKK	0	9296	too_close_to_test	1.0	
KQTFAVKM	1	5586	too_close_to_test	1.0	
KESRASDK	1	3651	too_close_to_test	1.0	
KDTTAPSK	0	8871	too_close_to_test	1.0	
KETNASKR	0	10439	too_close_to_test	1.0	
KDITASKK	0	10534	too_close_to_test	1.0	
IESIAAKK	1	2439	too_close_to_test	1.0	
KNSSASKL	0	14786	too_close_to_test	1.0	
EETNGADL	1	1367	too_close_to_test	1.0	
EESNATKR	1	784	too_close_to_test	1.0	
KAPAASKK	0	11081	too_close_to_test	1.0	
KASTAVKL	1	2621	too_close_to_test	1.0	
EQSTASKI	1	1893	too_close_to_test	1.0	
PGATASKK	0	11549	too_close_to_test	1.0	
IESIASKP	1	2447	too_close_to_test	1.0	
RETPASYK	0	15392	too_close_to_test	1.0	
KESIAAKS	1	3364	too_close_to_test	1.0	
SQTSAAKR	0	9502	too_close_to_test	1.0	
GESTASKQ	0	16387	too_close_to_test	1.0	
KETTAAKP	1	4671	too_close_to_test	1.0	
RQSSASKK	0	14165	too_close_to_test	1.0	
TETPASVK	0	15455	too_close_to_test	1.0	
EATIAADL	1	327	too_close_to_test	1.0	
KAATASIK	0	12215	too_close_to_test	1.0	
RETSAVKS	1	7766	too_close_to_test	1.0	
EQTDGSKK	1	1952	too_close_to_test	1.0	
KENTAVKK	1	3115	too_close_to_test	1.0	
EETSAVTK	1	1467	too_close_to_test	1.0	
IESTASDL	1	2478	too_close_to_test	1.0	
RETIASVT	1	7667	too_close_to_test	1.0	
EQTHAAKL	1	1955	too_close_to_test	1.0	
KAATASKK	0	8817	too_close_to_test	1.0	
EEAIAADL	1	482	too_close_to_test	1.0	
KKSHAAKK	1	5068	too_close_to_test	1.0	
TESVAAKL	1	8262	too_close_to_test	1.0	
QEGTASKK	0	11135	too_close_to_test	1.0	
TQTDAVKL	1	8371	too_close_to_test	1.0	
NESTAVKK	1	6311	too_close_to_test	1.0	
TESTAVKK	1	8257	too_close_to_test	1.0	
KQTSASIK	0	11670	too_close_to_test	1.0	
KGPPASKQ	0	13947	too_close_to_test	1.0	
RETDAAKK	1	7617	too_close_to_test	1.0	
KEPSASIK	0	11870	too_close_to_test	1.0	
KQSTASNK	0	15234	too_close_to_test	1.0	
EESEGSKK	1	638	too_close_to_test	1.0	
RDTAASKN	0	14959	too_close_to_test	1.0	
QETTPSNK	0	11563	too_close_to_test	1.0	
PETTAANK	0	11016	too_close_to_test	1.0	
IESTGSKR	0	15581	too_close_to_test	1.0	
KETTDADL	1	4730	too_close_to_test	1.0	
MQVSAARK	0	16649	too_close_to_test	1.0	
EESSAVKV	1	976	too_close_to_test	1.0	
EETIAVKV	1	1303	too_close_to_test	1.0	
RETRAVKK	1	7739	too_close_to_test	1.0	
TESNAVKK	1	8239	too_close_to_test	1.0	
HESIASKK	0	11998	too_close_to_test	1.0	
RETTAVKL	1	7800	too_close_to_test	1.0	
HESTATKS	0	8541	too_close_to_test	1.0	
NESTGAKL	0	8623	too_close_to_test	1.0	
KESVGTKK	1	3966	too_close_to_test	1.0	
KEHSAAKK	1	2995	too_close_to_test	1.0	
EESVASVL	1	1125	too_close_to_test	1.0	
KESPASLK	0	12441	too_close_to_test	1.0	
KESSASEK	0	12250	too_close_to_test	1.0	
RESTATDL	1	7536	too_close_to_test	1.0	
EQSSAEKL	1	1867	too_close_to_test	1.0	
DESTASKK	0	10886	too_close_to_test	1.0	
GDNTASKK	0	15099	too_close_to_test	1.0	
QESTDSKK	1	6721	too_close_to_test	1.0	
KETSAVSL	1	4616	too_close_to_test	1.0	
KESVAAVI	1	3931	too_close_to_test	1.0	
NETNGAKL	0	10191	too_close_to_test	1.0	
KESLATKK	1	3437	too_close_to_test	1.0	
EESSGTKK	1	1007	too_close_to_test	1.0	
QDTTAVKL	1	6530	too_close_to_test	1.0	
KETRVSKL	1	4545	too_close_to_test	1.0	
TEPTASKI	0	16273	too_close_to_test	1.0	
KETTASYI	0	11654	too_close_to_test	1.0	
KETSAAKI	1	4549	too_close_to_test	1.0	
EESSAAIK	1	886	too_close_to_test	1.0	
QETTAPKL	0	13176	too_close_to_test	1.0	
EGTTAADL	1	1671	too_close_to_test	1.0	
RVTIAAKI	0	12154	too_close_to_test	1.0	
KQTSASKT	0	12282	too_close_to_test	1.0	
LETAASKK	0	9268	too_close_to_test	1.0	
EDSDAAKK	1	386	too_close_to_test	1.0	
KETTASYE	0	10625	too_close_to_test	1.0	
QVAPASKK	0	16800	too_close_to_test	1.0	
GETDASKK	0	15102	too_close_to_test	1.0	
RPNTAVKK	1	7931	too_close_to_test	1.0	
KETSASQK	0	9434	too_close_to_test	1.0	
EQTYAVKK	1	2013	too_close_to_test	1.0	
NESNAVKL	1	6288	too_close_to_test	1.0	
KATVASKL	1	2731	too_close_to_test	1.0	
RETAAVDL	1	7608	too_close_to_test	1.0	
RETTGSRI	0	16851	too_close_to_test	1.0	
TEPTASIK	0	16915	too_close_to_test	1.0	
PETTASIE	0	15303	too_close_to_test	1.0	
EQSIAAKL	1	1835	too_close_to_test	1.0	
RESVAVKL	1	7577	too_close_to_test	1.0	
EESRGAKL	1	874	too_close_to_test	1.0	
KEPTASIE	0	14727	too_close_to_test	1.0	
EENNAVKK	1	529	too_close_to_test	1.0	
KATHAVKK	1	2657	too_close_to_test	1.0	
KSTSASTK	0	13119	too_close_to_test	1.0	
RGTTASDR	1	7891	too_close_to_test	1.0	
KETYDASR	1	4865	too_close_to_test	1.0	
EQSTAAVK	1	1889	too_close_to_test	1.0	
LESWGSKK	1	6048	too_close_to_test	1.0	
KESNAVNR	1	3545	too_close_to_test	1.0	
TQPTAPKN	0	8863	too_close_to_test	1.0	
QQTVAAKK	1	7082	too_close_to_test	1.0	
KESRASNK	0	10358	too_close_to_test	1.0	
PPTGGVKK	0	11131	too_close_to_test	1.0	
KESSTSKK	1	3804	too_close_to_test	1.0	
KEATASHK	0	12234	too_close_to_test	1.0	
TETTASRT	0	11061	too_close_to_test	1.0	
KSSIAAKK	1	5727	too_close_to_test	1.0	
KERSASVK	0	15714	too_close_to_test	1.0	
RESSAVKL	1	7503	too_close_to_test	1.0	
SEARASKK	0	14174	too_close_to_test	1.0	
KEKRAVKK	1	3038	too_close_to_test	1.0	
EETTAAVL	1	1509	too_close_to_test	1.0	
KETAAVKN	1	4050	too_close_to_test	1.0	
TETPASRK	0	14209	too_close_to_test	1.0	
KSAGAVKI	1	5719	too_close_to_test	1.0	
PENAASKH	0	9789	too_close_to_test	1.0	
QESSESKK	1	6696	too_close_to_test	1.0	
EETSGSDL	1	1480	too_close_to_test	1.0	
KGSRASKL	1	4929	too_close_to_test	1.0	
AETAAVRK	1	97	too_close_to_test	1.0	
RESTAVVK	1	7549	too_close_to_test	1.0	
TETTASKE	0	10595	too_close_to_test	1.0	
KESRDTKI	1	3682	too_close_to_test	1.0	
SETWASKK	1	8172	too_close_to_test	1.0	
KEAAASKN	0	16467	too_close_to_test	1.0	
RETTAATK	0	16843	too_close_to_test	1.0	
DETTASKR	0	15072	too_close_to_test	1.0	
KVSSASIK	0	12661	too_close_to_test	1.0	
HETAATKK	1	2315	too_close_to_test	1.0	
RESFAVIK	1	7340	too_close_to_test	1.0	
KRTTASNQ	0	14394	too_close_to_test	1.0	
KESHASKK	0	10435	too_close_to_test	1.0	
GETNASQK	0	12773	too_close_to_test	1.0	
KETGAAKL	1	4153	too_close_to_test	1.0	
KESTCAKK	1	3866	too_close_to_test	1.0	
KLRTASQK	0	10137	too_close_to_test	1.0	
HATIAAKL	1	2176	too_close_to_test	1.0	
IESVASKL	1	2484	too_close_to_test	1.0	
KETIAAVT	1	4230	too_close_to_test	1.0	
QETSASTK	0	9499	too_close_to_test	1.0	
KESAGTKK	1	3210	too_close_to_test	1.0	
KETSASKL	1	4569	too_close_to_test	1.0	
EDTTASTK	0	13521	too_close_to_test	1.0	
KETTGSKQ	0	10759	too_close_to_test	1.0	
EERSAVKK	1	569	too_close_to_test	1.0	
EETRAVKQ	1	1414	too_close_to_test	1.0	
QETVAVKK	1	6904	too_close_to_test	1.0	
KSTTAVKK	1	5777	too_close_to_test	1.0	
KTTTAAKL	1	5808	too_close_to_test	1.0	
HESWGSKR	1	2301	too_close_to_test	1.0	
KETTAANK	0	8804	too_close_to_test	1.0	
KETMDAKK	1	4354	too_close_to_test	1.0	
ELTTAVKL	1	1735	too_close_to_test	1.0	
KETFAAIK	1	4126	too_close_to_test	1.0	
KENPGAKK	0	15698	too_close_to_test	1.0	
EESWESKR	1	1140	too_close_to_test	1.0	
RETSAVKQ	1	7764	too_close_to_test	1.0	
EESAASKL	1	585	too_close_to_test	1.0	
KDTRESKK	1	2897	too_close_to_test	1.0	
QDSVASKL	1	6516	too_close_to_test	1.0	
KKSRAAKL	1	5077	too_close_to_test	1.0	
AETAAVKK	1	95	too_close_to_test	1.0	
RGTSASKT	0	16210	too_close_to_test	1.0	
EDSTAVKK	1	413	too_close_to_test	1.0	
EETIAAKS	1	1261	too_close_to_test	1.0	
HESNAVKL	1	2233	too_close_to_test	1.0	
RESWGSKR	1	7589	too_close_to_test	1.0	
KVSPASHK	1	5858	too_close_to_test	1.0	
KPTGGVKL	1	5273	too_close_to_test	1.0	
LESHASDK	0	13369	too_close_to_test	1.0	
NEATASKK	0	9063	too_close_to_test	1.0	
SESVAVKK	1	8139	too_close_to_test	1.0	
KEATASEI	0	13303	too_close_to_test	1.0	
KETTTVKK	1	4771	too_close_to_test	1.0	
HQTDAADL	1	2398	too_close_to_test	1.0	
ETTIAAKS	1	2058	too_close_to_test	1.0	
KATAASEI	0	15620	too_close_to_test	1.0	
HESRGSKK	1	2245	too_close_to_test	1.0	
KQSTAVKS	1	5464	too_close_to_test	1.0	
DESTAVKL	1	237	too_close_to_test	1.0	
RDRSASYN	0	9441	too_close_to_test	1.0	
PETTASEK	0	9523	too_close_to_test	1.0	
EETDAVKL	1	1198	too_close_to_test	1.0	
KGTSASKT	0	14779	too_close_to_test	1.0	
KETIASKQ	0	10904	too_close_to_test	1.0	
QGSTASKI	0	12127	too_close_to_test	1.0	
IETTASQK	0	11178	too_close_to_test	1.0	
KETIAADV	1	4204	too_close_to_test	1.0	
KETAGSKK	0	8931	too_close_to_test	1.0	
PETTGSKE	0	15999	too_close_to_test	1.0	
KETNAVKL	1	4375	too_close_to_test	1.0	
KASRGSKK	1	2607	too_close_to_test	1.0	
AELAASRE	0	12183	too_close_to_test	1.0	
EESVASKL	1	1121	too_close_to_test	1.0	
DETSAVKK	1	250	too_close_to_test	1.0	
SDTSASKK	0	12728	too_close_to_test	1.0	
KESAASEK	0	11188	too_close_to_test	1.0	
EQTTGSKR	1	2003	too_close_to_test	1.0	
KEDTASNK	0	14712	too_close_to_test	1.0	
NETTASTK	0	9714	too_close_to_test	1.0	
RDTTASIK	0	11436	too_close_to_test	1.0	
YETRGSKK	0	10127	too_close_to_test	1.0	
QESTASYK	0	12694	too_close_to_test	1.0	
KESIASKR	0	15718	too_close_to_test	1.0	
KETTVSKK	0	9256	too_close_to_test	1.0	
IHSIAAKI	0	16433	too_close_to_test	1.0	
AGSMASKR	0	13784	too_close_to_test	1.0	
KQTTASTK	0	10140	too_close_to_test	1.0	
KQTTATDL	1	5663	too_close_to_test	1.0	
HESLGSKK	1	2224	too_close_to_test	1.0	
KSSSAVKK	1	5742	too_close_to_test	1.0	
EDASASEK	0	10530	too_close_to_test	1.0	
EQSWGTKK	1	1919	too_close_to_test	1.0	
KQSSAVKL	1	5439	too_close_to_test	1.0	
KESAASYK	0	13897	too_close_to_test	1.0	
METTASKQ	0	15907	too_close_to_test	1.0	
METTASKL	0	9859	too_close_to_test	1.0	
TATTASKT	0	14193	too_close_to_test	1.0	
AKSSASML	0	9096	too_close_to_test	1.0	
QDTKAVKI	1	6523	too_close_to_test	1.0	
KQTDVVKK	1	5575	too_close_to_test	1.0	
KETTASYN	0	11300	too_close_to_test	1.0	
RESRGAKL	1	7481	too_close_to_test	1.0	
KETAASGK	0	13091	too_close_to_test	1.0	
KKSRAAKQ	1	5078	too_close_to_test	1.0	
KESRASKM	1	3656	too_close_to_test	1.0	
TETTAADL	1	8313	too_close_to_test	1.0	
KESEGAKL	1	3271	too_close_to_test	1.0	
KESTGAKS	0	10495	too_close_to_test	1.0	
KETPASLR	0	11770	too_close_to_test	1.0	
RESSASIK	0	9733	too_close_to_test	1.0	
EENTGAKK	1	546	too_close_to_test	1.0	
EVPTALEN	0	15533	too_close_to_test	1.0	
HQKTASKQ	0	16411	too_close_to_test	1.0	
PETTASEN	0	11129	too_close_to_test	1.0	
KVTAASIK	0	10185	too_close_to_test	1.0	
EHSRAAKL	1	1692	too_close_to_test	1.0	
KESSAVVK	1	3766	too_close_to_test	1.0	
KDSIASKK	0	12421	too_close_to_test	1.0	
RGPAASKK	0	14993	too_close_to_test	1.0	
AESRASTL	1	61	too_close_to_test	1.0	
KAATASNK	0	13551	too_close_to_test	1.0	
LGSRPAKQ	0	16636	too_close_to_test	1.0	
KESKGVKK	1	3429	too_close_to_test	1.0	
KESRDVKK	1	3686	too_close_to_test	1.0	
EESSGSKK	1	1004	too_close_to_test	1.0	
KQTDASKI	1	5510	too_close_to_test	1.0	
KDSTGSKK	0	10972	too_close_to_test	1.0	
EAASAVKK	1	272	too_close_to_test	1.0	
GETRGSKK	0	9871	too_close_to_test	1.0	
IESIASNL	1	2451	too_close_to_test	1.0	
KDTTASKR	0	9421	too_close_to_test	1.0	
EESIAAVL	1	697	too_close_to_test	1.0	
KEATASNR	0	16475	too_close_to_test	1.0	
MENAASKH	0	12471	too_close_to_test	1.0	
HETRAVKK	1	2348	too_close_to_test	1.0	
KESTASKM	0	8640	too_close_to_test	1.0	
KESPASKK	0	8786	too_close_to_test	1.0	
PEAIASKK	0	14047	too_close_to_test	1.0	
KSAGAVDL	1	5718	too_close_to_test	1.0	
KESSASIK	0	8548	too_close_to_test	1.0	
RETAASDK	0	14141	too_close_to_test	1.0	
EESSDAKK	1	987	too_close_to_test	1.0	
EEGTASKK	0	13037	too_close_to_test	1.0	
KETTASQT	0	9852	too_close_to_test	1.0	
LQSSAAKL	1	6165	too_close_to_test	1.0	
EETIAAVI	1	1271	too_close_to_test	1.0	
HATSASKK	0	15551	too_close_to_test	1.0	
KETEGAKL	1	4120	too_close_to_test	1.0	
GQSRAAKL	1	2164	too_close_to_test	1.0	
QATTAVKL	1	6488	too_close_to_test	1.0	
QASSASKL	1	6469	too_close_to_test	1.0	
EESDAVKK	1	616	too_close_to_test	1.0	
KVSTASAK	1	5869	too_close_to_test	1.0	
KSSRAAKI	1	5731	too_close_to_test	1.0	
IETTASIE	0	15588	too_close_to_test	1.0	
KETSAVHK	1	4586	too_close_to_test	1.0	
KATRASKK	0	11285	too_close_to_test	1.0	
KEKIAAKL	1	3032	too_close_to_test	1.0	
KETTVAKL	1	4772	too_close_to_test	1.0	
KETSALKL	1	4567	too_close_to_test	1.0	
RQSVAVDK	0	14166	too_close_to_test	1.0	
KESLGSKQ	1	3446	too_close_to_test	1.0	
EDTTAAKI	1	461	too_close_to_test	1.0	
HETTAAKS	0	16405	too_close_to_test	1.0	
KEPTGSIN	0	16496	too_close_to_test	1.0	
KVTMASIK	0	13359	too_close_to_test	1.0	
EATTDVKK	1	361	too_close_to_test	1.0	
YETTASQK	0	16345	too_close_to_test	1.0	
KVNKAVKK	1	5832	too_close_to_test	1.0	
QMNIAAKK	1	6959	too_close_to_test	1.0	
KESIAVKR	1	3394	too_close_to_test	1.0	
RETNGADL	1	7717	too_close_to_test	1.0	
RETTGSYK	0	14530	too_close_to_test	1.0	
PETSASKR	0	13154	too_close_to_test	1.0	
SESIASRL	0	12730	too_close_to_test	1.0	
KQTTASDK	0	13630	too_close_to_test	1.0	
KEAAASEI	0	14700	too_close_to_test	1.0	
KQSRAAKI	1	5414	too_close_to_test	1.0	
NETRATKK	1	6343	too_close_to_test	1.0	
KETTAAIK	0	9829	too_close_to_test	1.0	
KKTTASNK	0	8620	too_close_to_test	1.0	
IDSTASKK	0	12577	too_close_to_test	1.0	
AETSAADL	1	131	too_close_to_test	1.0	
KASPDTKL	1	2595	too_close_to_test	1.0	
RESVGAKL	1	7578	too_close_to_test	1.0	
KESTGTKK	1	3896	too_close_to_test	1.0	
EDTLASLE	0	13035	too_close_to_test	1.0	
EESRDTKL	1	867	too_close_to_test	1.0	
QGTTATGK	0	12701	too_close_to_test	1.0	
QQSIGSKK	0	8792	too_close_to_test	1.0	
KPNTGVKK	1	5216	too_close_to_test	1.0	
RVTTASQK	0	12984	too_close_to_test	1.0	
KQTVAAKS	1	5689	too_close_to_test	1.0	
QESRAVKI	1	6668	too_close_to_test	1.0	
LETPASLK	0	13647	too_close_to_test	1.0	
IELAASNK	0	13055	too_close_to_test	1.0	
TESTATKS	0	13758	too_close_to_test	1.0	
KQTVAVKL	1	5698	too_close_to_test	1.0	
TGSTASNK	0	13013	too_close_to_test	1.0	
KETTAAKT	0	12632	too_close_to_test	1.0	
SESRAAKL	1	8124	too_close_to_test	1.0	
EDSNASKL	1	399	too_close_to_test	1.0	
EESNAVVK	1	813	too_close_to_test	1.0	
RETTAANL	1	7781	too_close_to_test	1.0	
KESVGAKK	1	3960	too_close_to_test	1.0	
EATSAAKK	1	355	too_close_to_test	1.0	
QQTTAVKL	1	7076	too_close_to_test	1.0	
KETKAVKI	1	4306	too_close_to_test	1.0	
PETTASKD	0	16704	too_close_to_test	1.0	
KGLTASKK	0	12846	too_close_to_test	1.0	
PETTASLK	0	10565	too_close_to_test	1.0	
PQTTASNK	0	13413	too_close_to_test	1.0	
TKIPGAKL	1	8349	too_close_to_test	1.0	
KETHHSKL	1	4193	too_close_to_test	1.0	
NECTASKK	0	11412	too_close_to_test	1.0	
QGTTASNK	0	9953	too_close_to_test	1.0	
KGTTASRT	0	15798	too_close_to_test	1.0	
HETDAVKL	1	2321	too_close_to_test	1.0	
KETIVAKL	1	4290	too_close_to_test	1.0	
NQTDAVKL	1	6393	too_close_to_test	1.0	
GETTASKT	0	12775	too_close_to_test	1.0	
KEREAVKK	1	3142	too_close_to_test	1.0	
KESSDVKK	1	3785	too_close_to_test	1.0	
TESSATKL	1	8251	too_close_to_test	1.0	
KATTASTR	0	15635	too_close_to_test	1.0	
TETAASIN	0	15453	too_close_to_test	1.0	
EVTTAAKK	0	14265	too_close_to_test	1.0	
EESRAAKL	1	841	too_close_to_test	1.0	
KDISASKT	1	2755	too_close_to_test	1.0	
KESTGVKI	1	3899	too_close_to_test	1.0	
RERVAAKL	1	7288	too_close_to_test	1.0	
QETNAADI	0	9594	too_close_to_test	1.0	
KESCASKI	0	9493	too_close_to_test	1.0	
KESRDTKK	1	3683	too_close_to_test	1.0	
KGATASEK	0	10113	too_close_to_test	1.0	
QELAASRE	0	8695	too_close_to_test	1.0	
HGTTASKK	0	9682	too_close_to_test	1.0	
KETTASIK	0	8543	too_close_to_test	1.0	
EQSTAVKI	1	1899	too_close_to_test	1.0	
ENTTAVKK	1	1750	too_close_to_test	1.0	
KDTDASKK	0	16463	too_close_to_test	1.0	
KESSAAVI	1	3722	too_close_to_test	1.0	
IESFAVKK	1	2436	too_close_to_test	1.0	
QETVASDL	1	6899	too_close_to_test	1.0	
QETTASMS	0	14094	too_close_to_test	1.0	
KEASGSKK	0	11382	too_close_to_test	1.0	
KEASAVKK	1	2955	too_close_to_test	1.0	
KETTASSI	0	9879	too_close_to_test	1.0	
KQSSAAKS	1	5432	too_close_to_test	1.0	
KQTSGSKK	0	13349	too_close_to_test	1.0	
TETTATKL	1	8323	too_close_to_test	1.0	
KDSVAAKR	1	2841	too_close_to_test	1.0	
KDTTDVKK	1	2925	too_close_to_test	1.0	
IETEASKI	0	13839	too_close_to_test	1.0	
KESRAAQL	1	3640	too_close_to_test	1.0	
QVPSAPMQ	0	10575	too_close_to_test	1.0	
GETSASNK	0	15103	too_close_to_test	1.0	
IETSASQK	0	14664	too_close_to_test	1.0	
KETSERKK	1	4641	too_close_to_test	1.0	
QETMAVDL	1	6828	too_close_to_test	1.0	
KEPTASSR	0	9555	too_close_to_test	1.0	
KETQASKL	1	4442	too_close_to_test	1.0	
KATTASYN	0	9128	too_close_to_test	1.0	
KDSAAAKL	1	2769	too_close_to_test	1.0	
KQTSASRK	0	10252	too_close_to_test	1.0	
RATIAADL	1	7149	too_close_to_test	1.0	
HQAPGSKD	0	14279	too_close_to_test	1.0	
TEPTASKL	0	11963	too_close_to_test	1.0	
KETRAVEI	1	4481	too_close_to_test	1.0	
KGTPASKI	0	15791	too_close_to_test	1.0	
RETNAAKK	0	12145	too_close_to_test	1.0	
EEHSAVKL	1	506	too_close_to_test	1.0	
KDSDASKL	1	2780	too_close_to_test	1.0	
NETTGAKK	0	14034	too_close_to_test	1.0	
KERTASVK	0	14337	too_close_to_test	1.0	
KGTRAAKK	1	5000	too_close_to_test	1.0	
KESTASDK	0	10082	too_close_to_test	1.0	
KETFRAKK	0	8794	too_close_to_test	1.0	
IESRAVKK	1	2469	too_close_to_test	1.0	
KATIAVKV	1	2676	too_close_to_test	1.0	
EERSASKL	1	568	too_close_to_test	1.0	
HESHASDK	0	14273	too_close_to_test	1.0	
RETTASNQ	0	9817	too_close_to_test	1.0	
REATASDK	0	16144	too_close_to_test	1.0	
KESLATKR	1	3438	too_close_to_test	1.0	
KVSVAAKL	1	5872	too_close_to_test	1.0	
RQTTAVKK	1	8049	too_close_to_test	1.0	
KHSVAADL	1	5046	too_close_to_test	1.0	
KENNAAKI	1	3067	too_close_to_test	1.0	
KASVAADL	1	2626	too_close_to_test	1.0	
KQTGASKK	0	12281	too_close_to_test	1.0	
NETTATSI	0	9475	too_close_to_test	1.0	
EDSSAVKK	1	406	too_close_to_test	1.0	
NETTASEK	0	9784	too_close_to_test	1.0	
VGTTASKK	0	13777	too_close_to_test	1.0	
IETSAVKK	1	2513	too_close_to_test	1.0	
RATPATKK	0	8634	too_close_to_test	1.0	
NETTAVKK	1	6360	too_close_to_test	1.0	
EQSVAADL	1	1911	too_close_to_test	1.0	
RPTVGVKK	1	7957	too_close_to_test	1.0	
KETDAVRK	1	4100	too_close_to_test	1.0	
PEPIASKK	0	15984	too_close_to_test	1.0	
LATAASKK	0	13364	too_close_to_test	1.0	
KESNGAKK	1	3579	too_close_to_test	1.0	
KEARAAKL	1	2951	too_close_to_test	1.0	
KETRAAKR	1	4450	too_close_to_test	1.0	
QESRAAKL	1	6661	too_close_to_test	1.0	
KGSTAIKK	1	4936	too_close_to_test	1.0	
NDASASEK	0	12877	too_close_to_test	1.0	
KERTASEK	0	14336	too_close_to_test	1.0	
MESIASRL	0	16643	too_close_to_test	1.0	
KETRASNK	0	10110	too_close_to_test	1.0	
EESTAVVL	1	1074	too_close_to_test	1.0	
KEAFASKK	0	10976	too_close_to_test	1.0	
KENAASKK	0	9803	too_close_to_test	1.0	
EETDGSKL	1	1199	too_close_to_test	1.0	
NVATASDK	0	9541	too_close_to_test	1.0	
EDTTASIK	0	15501	too_close_to_test	1.0	
YDTAASKN	0	10953	too_close_to_test	1.0	
QATAASRN	1	6478	too_close_to_test	1.0	
KETTASEV	0	14758	too_close_to_test	1.0	
QETHASTK	0	15344	too_close_to_test	1.0	
HATVAAKL	1	2183	too_close_to_test	1.0	
KESSVVKK	1	3808	too_close_to_test	1.0	
LESTAVKI	1	6034	too_close_to_test	1.0	
KETVGSKK	1	4837	too_close_to_test	1.0	
KESTASKN	0	9072	too_close_to_test	1.0	
QETAASKN	0	10855	too_close_to_test	1.0	
KDTTASKI	0	9683	too_close_to_test	1.0	
HESWAVKI	1	2285	too_close_to_test	1.0	
EESNGSKL	1	823	too_close_to_test	1.0	
QESTDSKS	1	6723	too_close_to_test	1.0	
KESNAVRE	1	3553	too_close_to_test	1.0	
GETRAVKI	1	2148	too_close_to_test	1.0	
EQSVASKL	1	1915	too_close_to_test	1.0	
NESTAVKR	1	6313	too_close_to_test	1.0	
IEAAGSEK	0	13832	too_close_to_test	1.0	
EENNAVKI	1	528	too_close_to_test	1.0	
AETTASKN	0	11612	too_close_to_test	1.0	
EASQAVKK	1	294	too_close_to_test	1.0	
KQSNAVKK	1	5408	too_close_to_test	1.0	
QESTATKK	0	12325	too_close_to_test	1.0	
KESSGVKK	1	3797	too_close_to_test	1.0	
KETIAVKN	1	4258	too_close_to_test	1.0	
KESRATKT	1	3664	too_close_to_test	1.0	
RDTDAVKL	1	7208	too_close_to_test	1.0	
KETSASKS	0	11197	too_close_to_test	1.0	
HERSASKL	1	2203	too_close_to_test	1.0	
KETHASNK	0	14745	too_close_to_test	1.0	
LESFAAKL	1	5965	too_close_to_test	1.0	
HEPIASTK	0	9371	too_close_to_test	1.0	
QHTAASKT	0	10199	too_close_to_test	1.0	
REPSASKK	0	10937	too_close_to_test	1.0	
QESTASEK	0	10852	too_close_to_test	1.0	
HETSAVKL	1	2356	too_close_to_test	1.0	
QVTAGSKK	0	16116	too_close_to_test	1.0	
KEPTGSKQ	0	12035	too_close_to_test	1.0	
NETAAVRK	1	6332	too_close_to_test	1.0	
HETSAAEK	0	11474	too_close_to_test	1.0	
RESSSSKK	1	7520	too_close_to_test	1.0	
QETSASRI	0	16073	too_close_to_test	1.0	
EQSNAAKL	1	1841	too_close_to_test	1.0	
NESTASNK	0	11918	too_close_to_test	1.0	
QETSASIE	0	14486	too_close_to_test	1.0	
KQTDAVNK	1	5545	too_close_to_test	1.0	
LGSTAAKK	1	6133	too_close_to_test	1.0	
RGPIASKK	0	13205	too_close_to_test	1.0	
TGTTASKK	0	8578	too_close_to_test	1.0	
KQTSAVKI	1	5654	too_close_to_test	1.0	
EDNAGVKR	1	377	too_close_to_test	1.0	
QESNEVKK	1	6654	too_close_to_test	1.0	
DGSTAVKK	1	260	too_close_to_test	1.0	
HESWVSKK	1	2313	too_close_to_test	1.0	
KETNEAKK	1	4386	too_close_to_test	1.0	
EESNAVEK	1	788	too_close_to_test	1.0	
RETSDTKL	1	7770	too_close_to_test	1.0	
KETTAVKT	1	4719	too_close_to_test	1.0	
EDSRASKL	1	402	too_close_to_test	1.0	
VESRASKL	1	8397	too_close_to_test	1.0	
EESSDAKL	1	988	too_close_to_test	1.0	
KGTIGAKL	1	4980	too_close_to_test	1.0	
RETNASKI	0	12713	too_close_to_test	1.0	
KESTASKK	1	3835	too_close_to_test	1.0	
KETIGAKL	1	4272	too_close_to_test	1.0	
EETPAAKL	1	1385	too_close_to_test	1.0	
KETRSSKL	1	4539	too_close_to_test	1.0	
EGSPASKI	1	1629	too_close_to_test	1.0	
RETSVVKK	1	7775	too_close_to_test	1.0	
EDSTAAKR	1	411	too_close_to_test	1.0	
GATTASYK	0	9175	too_close_to_test	1.0	
KAATGVKL	1	2565	too_close_to_test	1.0	
QEPTASTK	0	11934	too_close_to_test	1.0	
QETPASKL	0	11140	too_close_to_test	1.0	
TGTPASKK	0	12377	too_close_to_test	1.0	
EESTAVKS	1	1069	too_close_to_test	1.0	
KESTAGKL	1	3830	too_close_to_test	1.0	
YDSTASRK	0	12385	too_close_to_test	1.0	
EQTTAAKK	0	8639	too_close_to_test	1.0	
KATTATKK	0	14302	too_close_to_test	1.0	
PETPASKK	0	9365	too_close_to_test	1.0	
KEKAASKK	0	13564	too_close_to_test	1.0	
RETTASYR	0	14991	too_close_to_test	1.0	
QETTARNR	0	16075	too_close_to_test	1.0	
QDTTASIK	0	10569	too_close_to_test	1.0	
KEIAASKK	0	10012	too_close_to_test	1.0	
QETTASER	0	12329	too_close_to_test	1.0	
KESAAAKL	1	3187	too_close_to_test	1.0	
KASTASKK	0	8900	too_close_to_test	1.0	
RATIAAKS	0	8563	too_close_to_test	1.0	
LESWASKL	1	6047	too_close_to_test	1.0	
KRTTASKR	0	16602	too_close_to_test	1.0	
LNIPAPKK	0	8940	too_close_to_test	1.0	
RETPAVKK	0	13727	too_close_to_test	1.0	
RKNSGSKR	0	11448	too_close_to_test	1.0	
KENAASKH	0	8657	too_close_to_test	1.0	
KGTPASIK	0	10085	too_close_to_test	1.0	
TPTTASKK	0	11356	too_close_to_test	1.0	
RARTASEK	0	13710	too_close_to_test	1.0	
KQTPASKL	0	15835	too_close_to_test	1.0	
REDTASKK	0	14516	too_close_to_test	1.0	
LETTASKI	0	10255	too_close_to_test	1.0	
EQSHAAKL	1	1832	too_close_to_test	1.0	
TNIPAPIK	0	11732	too_close_to_test	1.0	
HETSAVDL	1	2353	too_close_to_test	1.0	
KQTSAAKL	0	10284	too_close_to_test	1.0	
EESSASKS	1	938	too_close_to_test	1.0	
KESLGSKK	1	3444	too_close_to_test	1.0	
RETTATKN	0	12525	too_close_to_test	1.0	
KESRAADK	1	3622	too_close_to_test	1.0	
KEPSASKT	0	15709	too_close_to_test	1.0	
KAIAASKK	0	15126	too_close_to_test	1.0	
KVSSAVKK	1	5867	too_close_to_test	1.0	
EESKAAKK	1	725	too_close_to_test	1.0	
SETTAANK	0	12986	too_close_to_test	1.0	
RESDASKK	0	16830	too_close_to_test	1.0	
KEHSASKL	1	2998	too_close_to_test	1.0	
KPTTAAKT	1	5296	too_close_to_test	1.0	
KESNAIKL	1	3487	too_close_to_test	1.0	
QESGDAKL	1	6597	too_close_to_test	1.0	
WQSTASTK	0	11608	too_close_to_test	1.0	
KESIAVKK	1	3391	too_close_to_test	1.0	
PETNGAKL	0	10772	too_close_to_test	1.0	
HESCGSKK	1	2208	too_close_to_test	1.0	
YSSHASSE	0	9206	too_close_to_test	1.0	
KESTGAIK	0	9985	too_close_to_test	1.0	
KSTIAAKL	1	5761	too_close_to_test	1.0	
RVTTASIQ	0	8772	too_close_to_test	1.0	
QQTSAARK	0	16108	too_close_to_test	1.0	
QETTAAKR	0	11235	too_close_to_test	1.0	
EESEASKI	1	626	too_close_to_test	1.0	
GETNASKK	0	10043	too_close_to_test	1.0	
KDSTAVDL	1	2825	too_close_to_test	1.0	
KESIAANI	1	3366	too_close_to_test	1.0	
LDRSASYN	0	11785	too_close_to_test	1.0	
KVTAASRK	0	13124	too_close_to_test	1.0	
KEPSAVKL	1	3132	too_close_to_test	1.0	
RQTDAVKS	1	8030	too_close_to_test	1.0	
QETDASKL	1	6766	too_close_to_test	1.0	
EESGAADL	1	663	too_close_to_test	1.0	
EPSSGVKR	1	1773	too_close_to_test	1.0	
RETSASIE	0	16841	too_close_to_test	1.0	
RENNAVKK	1	7269	too_close_to_test	1.0	
LETWAAKK	1	6127	too_close_to_test	1.0	
EESSAATL	1	906	too_close_to_test	1.0	
EVTTASNK	0	10420	too_close_to_test	1.0	
QATTASVK	0	13163	too_close_to_test	1.0	
EGTTASNK	0	14261	too_close_to_test	1.0	
RESSDAKL	1	7508	too_close_to_test	1.0	
KETTGSAN	0	11513	too_close_to_test	1.0	
GESNASKL	1	2126	too_close_to_test	1.0	
KESTGSKQ	0	11876	too_close_to_test	1.0	
NGTTASRK	0	15956	too_close_to_test	1.0	
SDTTASNK	0	11596	too_close_to_test	1.0	
TNIPAPKV	0	16304	too_close_to_test	1.0	
KETNGAKQ	0	13583	too_close_to_test	1.0	
QEPPASKR	0	14904	too_close_to_test	1.0	
EQTRAAKL	1	1977	too_close_to_test	1.0	
RESTASKE	0	12144	too_close_to_test	1.0	
RETTASTI	0	10204	too_close_to_test	1.0	
RDSTAADL	1	7196	too_close_to_test	1.0	
KQTKAAKL	1	5614	too_close_to_test	1.0	
RGSFAVKK	1	7858	too_close_to_test	1.0	
KESSASKI	1	3735	too_close_to_test	1.0	
QESTASDL	1	6708	too_close_to_test	1.0	
QATSASKK	0	9108	too_close_to_test	1.0	
LQSIAAKK	1	6160	too_close_to_test	1.0	
RATTASKT	0	11240	too_close_to_test	1.0	
ERTTAAKL	1	2019	too_close_to_test	1.0	
PESTASTK	0	12106	too_close_to_test	1.0	
MESFAVKK	1	6202	too_close_to_test	1.0	
QGTIASKL	1	6930	too_close_to_test	1.0	
PGTTASKN	0	14467	too_close_to_test	1.0	
AETRASKK	0	14595	too_close_to_test	1.0	
PGTTASIK	0	11229	too_close_to_test	1.0	
LETTDSKK	0	8518	too_close_to_test	1.0	
QESSVSKL	1	6701	too_close_to_test	1.0	
QEIPASKK	0	11136	too_close_to_test	1.0	
LETNAAKK	1	6077	too_close_to_test	1.0	
KQTTATKK	0	12072	too_close_to_test	1.0	
HPTTAVKL	1	2389	too_close_to_test	1.0	
RETSAANK	0	10942	too_close_to_test	1.0	
RETTASQN	0	11043	too_close_to_test	1.0	
SENSASKI	1	8108	too_close_to_test	1.0	
KETTGAKI	0	8622	too_close_to_test	1.0	
KETRAAKL	1	4448	too_close_to_test	1.0	
SETPASNK	0	16895	too_close_to_test	1.0	
IESFAAKL	1	2435	too_close_to_test	1.0	
KESTAVKL	1	3852	too_close_to_test	1.0	
RETKATKK	1	7688	too_close_to_test	1.0	
ETTTAVKK	1	2063	too_close_to_test	1.0	
RETRASKL	1	7735	too_close_to_test	1.0	
KGTTASKN	0	9437	too_close_to_test	1.0	
KETTASEK	0	8646	too_close_to_test	1.0	
KQTSAAKQ	0	12071	too_close_to_test	1.0	
IGSTASKK	0	13842	too_close_to_test	1.0	
LETSAVKI	1	6093	too_close_to_test	1.0	
TETAASKL	0	9160	too_close_to_test	1.0	
KLTSAAKK	1	5139	too_close_to_test	1.0	
QESNAAKS	1	6641	too_close_to_test	1.0	
KETTAANL	1	4674	too_close_to_test	1.0	
KESAASKK	0	8798	too_close_to_test	1.0	
TRTNAQTK	0	13020	too_close_to_test	1.0	
IETTASTK	0	9904	too_close_to_test	1.0	
TETKASKK	0	15023	too_close_to_test	1.0	
RDTNASKK	0	15378	too_close_to_test	1.0	
EESNSSKL	1	828	too_close_to_test	1.0	
EAATAVKL	1	275	too_close_to_test	1.0	
RETVASKE	0	15400	too_close_to_test	1.0	
QESYAAKK	1	6750	too_close_to_test	1.0	
HESTAVKI	1	2268	too_close_to_test	1.0	
IESFAVKL	1	2437	too_close_to_test	1.0	
EESTASKI	1	1046	too_close_to_test	1.0	
KESNAADL	1	3466	too_close_to_test	1.0	
KETNAVKM	1	4376	too_close_to_test	1.0	
EQSTAAKV	1	1886	too_close_to_test	1.0	
EASTAAKI	1	304	too_close_to_test	1.0	
KESNAVQT	1	3552	too_close_to_test	1.0	
KATTAADL	1	2708	too_close_to_test	1.0	
KETTGSYK	0	10498	too_close_to_test	1.0	
QETAASKE	0	14912	too_close_to_test	1.0	
KETFAAKI	1	4127	too_close_to_test	1.0	
KKTRASKK	0	15807	too_close_to_test	1.0	
LATTASKT	0	15254	too_close_to_test	1.0	
VETTASSE	0	8560	too_close_to_test	1.0	
QESTGAKL	0	8519	too_close_to_test	1.0	
IETTASKS	0	13840	too_close_to_test	1.0	
KETLAVKL	1	4330	too_close_to_test	1.0	
RETTASLK	0	8965	too_close_to_test	1.0	
KETVAATL	1	4788	too_close_to_test	1.0	
RGSNAVKK	1	7865	too_close_to_test	1.0	
KKSTGAKL	1	5091	too_close_to_test	1.0	
EKTTAVKL	1	1717	too_close_to_test	1.0	
EESTGAKR	1	1093	too_close_to_test	1.0	
QETRAVKL	1	6855	too_close_to_test	1.0	
GETTATSI	0	14269	too_close_to_test	1.0	
HETSASEK	0	16403	too_close_to_test	1.0	
QETAASNS	0	9229	too_close_to_test	1.0	
EETTASNK	0	9139	too_close_to_test	1.0	
GDSVAAKI	1	2116	too_close_to_test	1.0	
TRATASKK	0	16316	too_close_to_test	1.0	
KETRAVIK	1	4484	too_close_to_test	1.0	
KETLASIK	0	16521	too_close_to_test	1.0	
KEVSASDL	1	4872	too_close_to_test	1.0	
RETTAVKT	1	7806	too_close_to_test	1.0	
QETLAAKK	1	6820	too_close_to_test	1.0	
AETFAAKL	1	101	too_close_to_test	1.0	
EESSAVDM	0	14252	too_close_to_test	1.0	
DETSASRT	0	9387	too_close_to_test	1.0	
HETIASKL	1	2330	too_close_to_test	1.0	
KESTAANL	1	3819	too_close_to_test	1.0	
IEPTASIK	0	12786	too_close_to_test	1.0	
RESHASDK	0	9647	too_close_to_test	1.0	
KERIAVKL	1	3151	too_close_to_test	1.0	
EESEASKK	1	627	too_close_to_test	1.0	
EETIAARL	1	1267	too_close_to_test	1.0	
AETAAADL	1	93	too_close_to_test	1.0	
KESTAVVK	1	3864	too_close_to_test	1.0	
PEGTKSQK	0	10712	too_close_to_test	1.0	
QESSASKN	0	13429	too_close_to_test	1.0	
KEATASRK	0	9243	too_close_to_test	1.0	
RETTASKV	0	9896	too_close_to_test	1.0	
EDSVAVKL	1	434	too_close_to_test	1.0	
RETPASKR	0	12964	too_close_to_test	1.0	
PASTASKK	0	9626	too_close_to_test	1.0	
KQSVAAVL	1	5475	too_close_to_test	1.0	
KLSRAVKK	1	5128	too_close_to_test	1.0	
RETTASRY	0	16849	too_close_to_test	1.0	
TATTASTK	0	11824	too_close_to_test	1.0	
EESRAVKK	1	860	too_close_to_test	1.0	
EETVATKI	1	1588	too_close_to_test	1.0	
TGNTASKR	0	9030	too_close_to_test	1.0	
EETFASKL	1	1217	too_close_to_test	1.0	
EETTAVKV	1	1534	too_close_to_test	1.0	
KGNAASKK	0	16551	too_close_to_test	1.0	
TETPASIK	0	13221	too_close_to_test	1.0	
PQDTASKK	0	12907	too_close_to_test	1.0	
QDTRESKK	1	6526	too_close_to_test	1.0	
KESNGVKL	1	3590	too_close_to_test	1.0	
KETFAAKR	1	4131	too_close_to_test	1.0	
KVTTASRE	0	14409	too_close_to_test	1.0	
KVTTASGK	0	12286	too_close_to_test	1.0	
KETKAVKQ	1	4309	too_close_to_test	1.0	
EQTDAVKV	1	1945	too_close_to_test	1.0	
KTTTASAK	1	5809	too_close_to_test	1.0	
EETNASKK	0	9446	too_close_to_test	1.0	
AESRAVKK	1	65	too_close_to_test	1.0	
QETTGSIK	0	11937	too_close_to_test	1.0	
NGTTASKT	0	12890	too_close_to_test	1.0	
KEASAVKL	1	2956	too_close_to_test	1.0	
NETRAVVL	1	6347	too_close_to_test	1.0	
RESFAVRE	1	7358	too_close_to_test	1.0	
EQTIAADL	1	1958	too_close_to_test	1.0	
YESSNAKK	1	8446	too_close_to_test	1.0	
LDTEASKK	0	15256	too_close_to_test	1.0	
QGSTASKK	0	9612	too_close_to_test	1.0	
SETTAPKK	0	11956	too_close_to_test	1.0	
SDPTASKK	0	14558	too_close_to_test	1.0	
AETSAVDL	1	133	too_close_to_test	1.0	
RESTAAKI	1	7526	too_close_to_test	1.0	
QESSASNL	1	6687	too_close_to_test	1.0	
RESFAVKK	1	7344	too_close_to_test	1.0	
RETTASKH	0	9630	too_close_to_test	1.0	
KETRASQK	0	12447	too_close_to_test	1.0	
KETHASRK	0	9244	too_close_to_test	1.0	
KETIAAKR	1	4216	too_close_to_test	1.0	
KESIGSKL	1	3400	too_close_to_test	1.0	
KESSASLK	0	9587	too_close_to_test	1.0	
KETPAAKL	1	4434	too_close_to_test	1.0	
KGATGSKK	0	15782	too_close_to_test	1.0	
QETIAADL	1	6789	too_close_to_test	1.0	
TETSASEK	0	11060	too_close_to_test	1.0	
KRTTASRK	0	13118	too_close_to_test	1.0	
KETIASKE	0	12256	too_close_to_test	1.0	
KETVAVKL	1	4825	too_close_to_test	1.0	
EETSATKL	1	1449	too_close_to_test	1.0	
RETKASQK	1	7687	too_close_to_test	1.0	
EHTSAVKK	1	1698	too_close_to_test	1.0	
LEAAASNK	0	10022	too_close_to_test	1.0	
KETAASKT	0	9935	too_close_to_test	1.0	
KESTASNR	0	12617	too_close_to_test	1.0	
QEATASTK	0	10463	too_close_to_test	1.0	
KVSHAAKK	1	5846	too_close_to_test	1.0	
KEAIGSKK	0	15150	too_close_to_test	1.0	
KGTTASEI	0	9910	too_close_to_test	1.0	
NQATASKK	0	15962	too_close_to_test	1.0	
RETTASTE	0	11246	too_close_to_test	1.0	
EETTDSKK	0	12196	too_close_to_test	1.0	
KDSAGSKK	0	13074	too_close_to_test	1.0	
TETTASIK	0	9040	too_close_to_test	1.0	
EENAAAKK	1	521	too_close_to_test	1.0	
IEATASIK	0	11365	too_close_to_test	1.0	
KESVGSKK	1	3963	too_close_to_test	1.0	
KPSRAVKL	1	5231	too_close_to_test	1.0	
RVTSASKK	0	10656	too_close_to_test	1.0	
TETIAVKL	1	8284	too_close_to_test	1.0	
KEHSAVKK	1	3002	too_close_to_test	1.0	
RESVAAKK	1	7569	too_close_to_test	1.0	
KATPASTK	0	13288	too_close_to_test	1.0	
HETEASKK	0	13538	too_close_to_test	1.0	
KETKASEK	0	13926	too_close_to_test	1.0	
QETIAAVI	1	6798	too_close_to_test	1.0	
RKPTASKV	0	11822	too_close_to_test	1.0	
AETDASKK	1	99	too_close_to_test	1.0	
EVATASKK	0	16380	too_close_to_test	1.0	
IETPASKK	0	9800	too_close_to_test	1.0	
KATPASKR	0	11284	too_close_to_test	1.0	
TETTDSKK	0	10126	too_close_to_test	1.0	
KETHEAKK	1	4185	too_close_to_test	1.0	
NENTASEK	0	14838	too_close_to_test	1.0	
RETRASKI	0	12714	too_close_to_test	1.0	
RETSAVKR	1	7765	too_close_to_test	1.0	
KESIASKA	1	3375	too_close_to_test	1.0	
EETIAAKK	1	1255	too_close_to_test	1.0	
KETSATKR	1	4575	too_close_to_test	1.0	
KETRAFKK	1	4460	too_close_to_test	1.0	
IGTSASKK	0	11078	too_close_to_test	1.0	
QEPTASKT	0	12119	too_close_to_test	1.0	
KGTTASKQ	0	9177	too_close_to_test	1.0	
KESFAVKQ	1	3295	too_close_to_test	1.0	
PATTASEK	0	14455	too_close_to_test	1.0	
MELAASRE	0	11541	too_close_to_test	1.0	
QGATASKK	0	9480	too_close_to_test	1.0	
KDTRAAKL	1	2891	too_close_to_test	1.0	
QESIASKK	0	13171	too_close_to_test	1.0	
EESGAVKI	1	669	too_close_to_test	1.0	
RATTASKN	0	11034	too_close_to_test	1.0	
SESSAADL	1	8125	too_close_to_test	1.0	
NENAASKH	0	9835	too_close_to_test	1.0	
NEATASNK	0	11314	too_close_to_test	1.0	
EPTGGVKQ	1	1793	too_close_to_test	1.0	
KETAASNI	0	15185	too_close_to_test	1.0	
EQSTAVKM	1	1902	too_close_to_test	1.0	
QETGASKK	0	9085	too_close_to_test	1.0	
KETPASHK	0	13585	too_close_to_test	1.0	
KAATASKE	0	15603	too_close_to_test	1.0	
KQTTDAKL	1	5674	too_close_to_test	1.0	
NQTDAVKI	1	6391	too_close_to_test	1.0	
RGTTASAT	0	16862	too_close_to_test	1.0	
NDSTAAKL	1	6259	too_close_to_test	1.0	
KDSWGSKL	1	2850	too_close_to_test	1.0	
KDCVGSKC	1	2749	too_close_to_test	1.0	
VESTASTK	0	11605	too_close_to_test	1.0	
PRTDAVKI	0	14470	too_close_to_test	1.0	
LETTDAKL	1	6119	too_close_to_test	1.0	
HESSASKK	1	2251	too_close_to_test	1.0	
RKTTASKK	0	10339	too_close_to_test	1.0	
QESTASRL	1	6711	too_close_to_test	1.0	
TGTAASKK	0	10270	too_close_to_test	1.0	
EESTGAKL	1	1090	too_close_to_test	1.0	
QDTTASNK	0	10406	too_close_to_test	1.0	
KEQTASKK	0	11496	too_close_to_test	1.0	
AGTTASKK	0	11978	too_close_to_test	1.0	
LESIASKL	1	5978	too_close_to_test	1.0	
EETMATKL	1	1346	too_close_to_test	1.0	
KESVAVKS	1	3957	too_close_to_test	1.0	
IETNASKK	0	9508	too_close_to_test	1.0	
RETKAAKL	1	7684	too_close_to_test	1.0	
RHTAASKT	0	10235	too_close_to_test	1.0	
PETSGSEK	0	10290	too_close_to_test	1.0	
HESTASKR	0	12207	too_close_to_test	1.0	
WNIPAPKK	0	15058	too_close_to_test	1.0	
PETTGSKR	0	14062	too_close_to_test	1.0	
EEPIAADL	1	552	too_close_to_test	1.0	
PVTSASKK	0	12909	too_close_to_test	1.0	
KETTASRS	0	11202	too_close_to_test	1.0	
HQTDAVKK	1	2402	too_close_to_test	1.0	
KEAAASKR	0	12816	too_close_to_test	1.0	
KNSRASKL	1	5173	too_close_to_test	1.0	
KEPAGSIK	0	9004	too_close_to_test	1.0	
PATSASNT	0	13149	too_close_to_test	1.0	
KDTGASKN	0	9465	too_close_to_test	1.0	
KETIGAKK	0	10392	too_close_to_test	1.0	
TEASASLK	0	12165	too_close_to_test	1.0	
NETPASKL	0	15277	too_close_to_test	1.0	
RETEGSKK	1	7633	too_close_to_test	1.0	
AESEGAKK	1	35	too_close_to_test	1.0	
EETTAVKL	1	1527	too_close_to_test	1.0	
QEPTASKR	0	13426	too_close_to_test	1.0	
KEANASIK	0	16471	too_close_to_test	1.0	
EESLAAKK	1	740	too_close_to_test	1.0	
QASTASIE	0	14892	too_close_to_test	1.0	
PETTAAKM	1	6436	too_close_to_test	1.0	
TESNAADL	1	8234	too_close_to_test	1.0	
KETNASNK	0	10282	too_close_to_test	1.0	
RETEAAKL	1	7626	too_close_to_test	1.0	
RAITGATN	0	14502	too_close_to_test	1.0	
QETRAVKK	1	6854	too_close_to_test	1.0	
KVSTAVKL	1	5871	too_close_to_test	1.0	
RETISSKL	1	7681	too_close_to_test	1.0	
KEGTKSQK	0	8770	too_close_to_test	1.0	
KETSASQI	0	13094	too_close_to_test	1.0	
KGTTASNT	0	13336	too_close_to_test	1.0	
EQTDAVKQ	1	1941	too_close_to_test	1.0	
KETVAVKP	1	4826	too_close_to_test	1.0	
QPTGGADL	1	6992	too_close_to_test	1.0	
EETRAAEK	0	8784	too_close_to_test	1.0	
RETRASKT	0	11039	too_close_to_test	1.0	
QDTGASRK	1	6520	too_close_to_test	1.0	
HESSASDL	1	2249	too_close_to_test	1.0	
GETTGSKK	0	10962	too_close_to_test	1.0	
QVTRESKR	1	7119	too_close_to_test	1.0	
SETIAVKI	1	8149	too_close_to_test	1.0	
KATVAAKL	1	2726	too_close_to_test	1.0	
EETTASDL	1	1512	too_close_to_test	1.0	
KATIAADL	1	2658	too_close_to_test	1.0	
AESIASKL	1	43	too_close_to_test	1.0	
EESHAVKK	1	683	too_close_to_test	1.0	
QETSGSKK	0	10150	too_close_to_test	1.0	
KGTTAVKS	1	5023	too_close_to_test	1.0	
EESTAAKI	1	1026	too_close_to_test	1.0	
RQSVAVKL	1	8012	too_close_to_test	1.0	
KESNAAKS	1	3475	too_close_to_test	1.0	
RETTDADL	1	7820	too_close_to_test	1.0	
TEPTASRS	0	15447	too_close_to_test	1.0	
RESTAVKM	1	7543	too_close_to_test	1.0	
SETTASKL	0	9430	too_close_to_test	1.0	
QESRDAKL	1	6673	too_close_to_test	1.0	
EETIAAQK	1	1266	too_close_to_test	1.0	
QDSTASKK	0	10029	too_close_to_test	1.0	
KESTVSKK	1	3915	too_close_to_test	1.0	
REARASIK	0	16142	too_close_to_test	1.0	
KESWGSKR	1	3998	too_close_to_test	1.0	
KEPTASVK	0	9965	too_close_to_test	1.0	
EESTAVKK	1	1065	too_close_to_test	1.0	
SESFAVKK	1	8114	too_close_to_test	1.0	
QEATASKL	0	12317	too_close_to_test	1.0	
QETSAVKI	1	6865	too_close_to_test	1.0	
EESTVSKK	1	1108	too_close_to_test	1.0	
EQSTASKL	1	1894	too_close_to_test	1.0	
EESSASHL	1	928	too_close_to_test	1.0	
RESADSKL	1	7302	too_close_to_test	1.0	
KETSASDK	0	12264	too_close_to_test	1.0	
KDSNAVKK	1	2804	too_close_to_test	1.0	
QGTPASKK	0	9578	too_close_to_test	1.0	
QETIASKV	1	6803	too_close_to_test	1.0	
RENNAAKL	1	7267	too_close_to_test	1.0	
KDSRASEK	0	13075	too_close_to_test	1.0	
EETTESKR	1	1551	too_close_to_test	1.0	
LESSASKL	1	6018	too_close_to_test	1.0	
KQKTASKQ	0	8873	too_close_to_test	1.0	
LETTDADL	1	6118	too_close_to_test	1.0	
KDSVAVKL	1	2848	too_close_to_test	1.0	
KDSPASNK	0	16461	too_close_to_test	1.0	
QPTGGVKI	1	7000	too_close_to_test	1.0	
KETNDAKL	1	4385	too_close_to_test	1.0	
QESNAADL	1	6637	too_close_to_test	1.0	
KESLASNK	0	12828	too_close_to_test	1.0	
KQPSASNK	0	15829	too_close_to_test	1.0	
AESSAVDL	1	76	too_close_to_test	1.0	
KDTTASKN	0	9639	too_close_to_test	1.0	
RETIAAKL	1	7655	too_close_to_test	1.0	
EESEAVVK	1	632	too_close_to_test	1.0	
KESNAVHL	1	3520	too_close_to_test	1.0	
HVTTASKQ	0	14282	too_close_to_test	1.0	
AVTAASNK	0	10006	too_close_to_test	1.0	
YETSAAEK	0	16343	too_close_to_test	1.0	
LETTASKT	0	10090	too_close_to_test	1.0	
KQSRAAKL	1	5416	too_close_to_test	1.0	
EENTAAKL	1	543	too_close_to_test	1.0	
HESNAVKI	1	2231	too_close_to_test	1.0	
KHSRAAKI	1	5039	too_close_to_test	1.0	
QGTTASEI	0	12129	too_close_to_test	1.0	
KEHHASKL	1	2990	too_close_to_test	1.0	
NVPSAPMQ	0	15971	too_close_to_test	1.0	
TGTRASKK	0	13771	too_close_to_test	1.0	
EESSAVKN	1	970	too_close_to_test	1.0	
LGPTASKK	0	13375	too_close_to_test	1.0	
EETVAAKS	1	1574	too_close_to_test	1.0	
KESNGAKL	1	3580	too_close_to_test	1.0	
EATTASKK	0	9231	too_close_to_test	1.0	
RETSASRE	0	14984	too_close_to_test	1.0	
NETTASKQ	0	10061	too_close_to_test	1.0	
TETSASKT	0	16287	too_close_to_test	1.0	
KESSASKT	0	12251	too_close_to_test	1.0	
EETTASIE	0	14257	too_close_to_test	1.0	
EETNSSKR	1	1380	too_close_to_test	1.0	
RGTRASKK	0	11249	too_close_to_test	1.0	
RESPASKK	0	8691	too_close_to_test	1.0	
QAAVGSKL	0	8532	too_close_to_test	1.0	
RETLAAKL	1	7694	too_close_to_test	1.0	
NESNASKL	1	6285	too_close_to_test	1.0	
YESTAVKL	1	8449	too_close_to_test	1.0	
KETTAAYK	0	15764	too_close_to_test	1.0	
RETSAVDL	1	7758	too_close_to_test	1.0	
QETTGAKI	0	9895	too_close_to_test	1.0	
EETVAVKL	1	1591	too_close_to_test	1.0	
AESFAVKL	1	37	too_close_to_test	1.0	
QVTTASIK	0	12948	too_close_to_test	1.0	
KESTASTR	0	9214	too_close_to_test	1.0	
KESPASKQ	0	14736	too_close_to_test	1.0	
KGAAASKK	0	10760	too_close_to_test	1.0	
KATTASKD	0	15629	too_close_to_test	1.0	
KHSRAADL	1	5038	too_close_to_test	1.0	
IATTASIK	0	13051	too_close_to_test	1.0	
QETHASKK	0	15343	too_close_to_test	1.0	
EESNAAKI	1	764	too_close_to_test	1.0	
TETSAVKL	1	8310	too_close_to_test	1.0	
KESIGAKL	1	3398	too_close_to_test	1.0	
KGPTASCK	0	14769	too_close_to_test	1.0	
EQSAAVKK	1	1820	too_close_to_test	1.0	
NESTAVKI	1	6310	too_close_to_test	1.0	
KGATGVKR	1	4884	too_close_to_test	1.0	
RDTNAVKK	1	7213	too_close_to_test	1.0	
KETKAVKK	1	4307	too_close_to_test	1.0	
RATTASKR	0	8991	too_close_to_test	1.0	
EETSDAKR	1	1470	too_close_to_test	1.0	
KETTASNI	0	9571	too_close_to_test	1.0	
NESSASKR	0	15933	too_close_to_test	1.0	
EDSTAVKL	1	414	too_close_to_test	1.0	
RETTGSIK	0	12356	too_close_to_test	1.0	
TESTASKI	0	12546	too_close_to_test	1.0	
EESTAAKK	1	1027	too_close_to_test	1.0	
KGSIAAKK	1	4910	too_close_to_test	1.0	
KVTAAVKK	1	5874	too_close_to_test	1.0	
HESSASKI	1	2250	too_close_to_test	1.0	
HESRAAKK	1	2240	too_close_to_test	1.0	
IATNPSKK	0	12783	too_close_to_test	1.0	
RETTASYK	0	9012	too_close_to_test	1.0	
KESTGAKM	0	14344	too_close_to_test	1.0	
RASRAAKL	1	7136	too_close_to_test	1.0	
TLTSASKK	0	11838	too_close_to_test	1.0	
LGATASKK	0	12470	too_close_to_test	1.0	
EQTTASIK	0	13254	too_close_to_test	1.0	
QESSAVKI	1	6691	too_close_to_test	1.0	
EDSAAAKL	1	382	too_close_to_test	1.0	
IETTASSK	0	14666	too_close_to_test	1.0	
KVGSAVKK	1	5822	too_close_to_test	1.0	
TETTASKR	0	9101	too_close_to_test	1.0	
KQTSAVKK	1	5655	too_close_to_test	1.0	
PLTWAAQN	0	8788	too_close_to_test	1.0	
EETKASDL	1	1316	too_close_to_test	1.0	
PGTTASNK	0	12309	too_close_to_test	1.0	
TNIPAPRK	0	14582	too_close_to_test	1.0	
KESSASNL	1	3744	too_close_to_test	1.0	
MQVSAAKS	0	14833	too_close_to_test	1.0	
VETSAVKK	1	8414	too_close_to_test	1.0	
KETSGTKR	1	4650	too_close_to_test	1.0	
KDATASKR	0	15641	too_close_to_test	1.0	
KETRESVK	0	12835	too_close_to_test	1.0	
NATTASKK	0	9122	too_close_to_test	1.0	
KESRDAKI	1	3675	too_close_to_test	1.0	
DETRGSKK	0	11270	too_close_to_test	1.0	
QESRAVKL	1	6670	too_close_to_test	1.0	
RVATASNK	0	16882	too_close_to_test	1.0	
TEGTASKK	0	14568	too_close_to_test	1.0	
KPTTAVKL	1	5301	too_close_to_test	1.0	
YESRAAKL	1	8443	too_close_to_test	1.0	
KRTRAVKK	1	5712	too_close_to_test	1.0	
LESNASKL	1	5992	too_close_to_test	1.0	
EESGGSKK	1	674	too_close_to_test	1.0	
KESRATKS	1	3663	too_close_to_test	1.0	
TQRTASNK	1	8360	too_close_to_test	1.0	
AESRASDL	1	58	too_close_to_test	1.0	
AESRAAKL	1	57	too_close_to_test	1.0	
TESTGSKK	0	11257	too_close_to_test	1.0	
KETDASKK	1	4085	too_close_to_test	1.0	
EPTTAVKR	1	1807	too_close_to_test	1.0	
KETDAVDL	1	4094	too_close_to_test	1.0	
KAATASRK	0	12418	too_close_to_test	1.0	
KETNASIN	1	4363	too_close_to_test	1.0	
KESIASKL	1	3378	too_close_to_test	1.0	
RAATASNK	0	16806	too_close_to_test	1.0	
KESLGSKR	1	3447	too_close_to_test	1.0	
PETAASKT	0	14052	too_close_to_test	1.0	
KASNASKK	0	16443	too_close_to_test	1.0	
KVPSAPMQ	0	9208	too_close_to_test	1.0	
IPNTAVKL	1	2538	too_close_to_test	1.0	
KDSKASKS	1	2796	too_close_to_test	1.0	
KESWGSKM	1	3995	too_close_to_test	1.0	
KEPAASEQ	1	3123	too_close_to_test	1.0	
IGTTRSDQ	0	12793	too_close_to_test	1.0	
RETTAVKI	1	7798	too_close_to_test	1.0	
HETTAVKI	1	2364	too_close_to_test	1.0	
QETSASKS	0	16071	too_close_to_test	1.0	
EETRAAKL	1	1392	too_close_to_test	1.0	
NPNTGVKK	1	6378	too_close_to_test	1.0	
KQSTAVKK	1	5460	too_close_to_test	1.0	
EESTESKL	1	1085	too_close_to_test	1.0	
KESTAADL	1	3809	too_close_to_test	1.0	
KLRTAVKK	1	5121	too_close_to_test	1.0	
KQTVAARK	1	5690	too_close_to_test	1.0	
EETTGSKL	1	1558	too_close_to_test	1.0	
PATTAAKK	0	16689	too_close_to_test	1.0	
RDSFAVKL	1	7186	too_close_to_test	1.0	
SETTASEK	0	10414	too_close_to_test	1.0	
QETNGAKL	0	9611	too_close_to_test	1.0	
TESNESKK	0	15450	too_close_to_test	1.0	
KATAASKT	0	14679	too_close_to_test	1.0	
KESNASVL	1	3503	too_close_to_test	1.0	
KETSAVSK	1	4615	too_close_to_test	1.0	
KPATASKK	0	11525	too_close_to_test	1.0	
EESSASYK	0	15083	too_close_to_test	1.0	
KQTDAVKE	1	5531	too_close_to_test	1.0	
KETRGSTK	0	10623	too_close_to_test	1.0	
KESWGAKL	1	3985	too_close_to_test	1.0	
KETTASDQ	0	12051	too_close_to_test	1.0	
DESSSSKL	1	233	too_close_to_test	1.0	
QQTTASKL	0	12938	too_close_to_test	1.0	
RETFAVKL	1	7639	too_close_to_test	1.0	
QETMAAKI	1	6825	too_close_to_test	1.0	
KQTVAAKL	1	5688	too_close_to_test	1.0	
RDSVAAKS	1	7204	too_close_to_test	1.0	
NQTPASKK	0	13396	too_close_to_test	1.0	
RESIAAKI	1	7383	too_close_to_test	1.0	
THSIAAKI	0	10950	too_close_to_test	1.0	
TETSASTK	0	10879	too_close_to_test	1.0	
KESFATKL	1	3286	too_close_to_test	1.0	
IAATASKK	0	13541	too_close_to_test	1.0	
KDVAAAVR	0	9263	too_close_to_test	1.0	
REATASEK	0	10934	too_close_to_test	1.0	
KESPASKR	0	13899	too_close_to_test	1.0	
HEPTASKK	0	10673	too_close_to_test	1.0	
ENTVASKL	1	1753	too_close_to_test	1.0	
EESNAVSL	1	809	too_close_to_test	1.0	
RASRAAKK	1	7135	too_close_to_test	1.0	
KESTAVKN	1	3854	too_close_to_test	1.0	
KQSHAAKL	1	5387	too_close_to_test	1.0	
KETTAAQL	1	4675	too_close_to_test	1.0	
RESTAAKQ	0	8516	too_close_to_test	1.0	
HETTASKQ	0	11277	too_close_to_test	1.0	
LETYAAKL	1	6129	too_close_to_test	1.0	
QESTGADL	1	6725	too_close_to_test	1.0	
EETIAVKI	1	1297	too_close_to_test	1.0	
NESWGSDL	1	6319	too_close_to_test	1.0	
EVRAASKK	1	2068	too_close_to_test	1.0	
KVNAGSKK	0	13356	too_close_to_test	1.0	
KGSTAAKL	1	4935	too_close_to_test	1.0	
LESHAAKL	1	5973	too_close_to_test	1.0	
KDRSASYN	0	8489	too_close_to_test	1.0	
KGAPASKK	0	9620	too_close_to_test	1.0	
EESNATKL	1	783	too_close_to_test	1.0	
KGTTASEM	1	5015	too_close_to_test	1.0	
KGTTASKL	0	9423	too_close_to_test	1.0	
RDTKASTV	0	8732	too_close_to_test	1.0	
KEPRASKK	0	14723	too_close_to_test	1.0	
SETTATKR	1	8164	too_close_to_test	1.0	
EETTASKR	0	9138	too_close_to_test	1.0	
KPTRASKK	0	16575	too_close_to_test	1.0	
AETIGSKL	1	115	too_close_to_test	1.0	
TEGTASVK	0	11827	too_close_to_test	1.0	
REAAGSEK	0	8490	too_close_to_test	1.0	
ESSTAAKL	1	2034	too_close_to_test	1.0	
EETVAVKK	1	1590	too_close_to_test	1.0	
RDTTASKA	0	16140	too_close_to_test	1.0	
QETTASTT	0	11936	too_close_to_test	1.0	
LETFAAKL	1	6059	too_close_to_test	1.0	
KETTAENK	0	13934	too_close_to_test	1.0	
RGTSAEYK	0	8676	too_close_to_test	1.0	
TGPPASKK	0	14580	too_close_to_test	1.0	
QDRPSSSK	0	12691	too_close_to_test	1.0	
KDTIAADL	1	2873	too_close_to_test	1.0	
RESNGSKK	1	7449	too_close_to_test	1.0	
IEAAASKK	0	12784	too_close_to_test	1.0	
METTASKT	0	14427	too_close_to_test	1.0	
QEATGSKK	0	14473	too_close_to_test	1.0	
TESRASTK	0	13489	too_close_to_test	1.0	
KDSADVKK	1	2779	too_close_to_test	1.0	
RPTTGVKK	1	7955	too_close_to_test	1.0	
EDTTAVKL	1	469	too_close_to_test	1.0	
RETPASKQ	0	14981	too_close_to_test	1.0	
RLSTASQK	0	14998	too_close_to_test	1.0	
KESAASDQ	0	8650	too_close_to_test	1.0	
KESRAVKN	1	3671	too_close_to_test	1.0	
EETTASKV	0	15512	too_close_to_test	1.0	
KESCGSQK	1	3225	too_close_to_test	1.0	
AETVAAKK	1	159	too_close_to_test	1.0	
KGTTASNI	0	15797	too_close_to_test	1.0	
KETTASSE	0	9047	too_close_to_test	1.0	
RATPASKQ	0	8923	too_close_to_test	1.0	
KETKAAKK	1	4295	too_close_to_test	1.0	
RESQASKL	1	7456	too_close_to_test	1.0	
REGAASKK	0	10410	too_close_to_test	1.0	
EQTDDVKK	1	1950	too_close_to_test	1.0	
KETPASEK	0	9826	too_close_to_test	1.0	
KESIAANL	1	3367	too_close_to_test	1.0	
KETTASLK	0	8746	too_close_to_test	1.0	
KQSDAVKL	1	5380	too_close_to_test	1.0	
KVSIAADL	1	5848	too_close_to_test	1.0	
EETEATKK	1	1206	too_close_to_test	1.0	
TETSAADL	1	8306	too_close_to_test	1.0	
KESVAVDL	1	3952	too_close_to_test	1.0	
IESSASVN	0	10677	too_close_to_test	1.0	
HESWGSKN	1	2299	too_close_to_test	1.0	
VNIPAPKK	0	11358	too_close_to_test	1.0	
QTTTAVKK	1	7099	too_close_to_test	1.0	
RESMAAKK	1	7410	too_close_to_test	1.0	
KETLASKT	0	15745	too_close_to_test	1.0	
RETNSSKS	1	7724	too_close_to_test	1.0	
RETFAVKK	1	7638	too_close_to_test	1.0	
RESTAAKK	1	7527	too_close_to_test	1.0	
KRPTASKK	0	11404	too_close_to_test	1.0	
KEATASVK	0	10047	too_close_to_test	1.0	
KETAASNK	0	8647	too_close_to_test	1.0	
KDSTATKK	0	15141	too_close_to_test	1.0	
NATTASIK	0	11410	too_close_to_test	1.0	
KSTTAAKL	1	5775	too_close_to_test	1.0	
NESTASKR	0	10190	too_close_to_test	1.0	
QETPASQK	0	13435	too_close_to_test	1.0	
KQTIASKK	0	13348	too_close_to_test	1.0	
QEAKGSKK	1	6536	too_close_to_test	1.0	
QESEASKL	1	6580	too_close_to_test	1.0	
KPTPGVKL	1	5287	too_close_to_test	1.0	
KPTTAVKM	1	5302	too_close_to_test	1.0	
HESNAVKM	1	2234	too_close_to_test	1.0	
KEATGSRK	0	15157	too_close_to_test	1.0	
KETSAVKM	1	4596	too_close_to_test	1.0	
NETTASEI	0	15945	too_close_to_test	1.0	
LEAIASTK	0	11905	too_close_to_test	1.0	
RATHASNK	1	7148	too_close_to_test	1.0	
QETAAVRK	1	6758	too_close_to_test	1.0	
TETTASDK	0	11354	too_close_to_test	1.0	
IETTASKL	0	9060	too_close_to_test	1.0	
QETTASIR	0	11236	too_close_to_test	1.0	
KEGAGSKK	0	15685	too_close_to_test	1.0	
SDTTASVS	0	15425	too_close_to_test	1.0	
SETIAVKK	1	8150	too_close_to_test	1.0	
KEATASTQ	0	16477	too_close_to_test	1.0	
KESMAVVL	1	3462	too_close_to_test	1.0	
IESIAVKL	1	2455	too_close_to_test	1.0	
KRTTASTK	0	15849	too_close_to_test	1.0	
RESTAANK	0	12960	too_close_to_test	1.0	
EEKTASEK	0	12753	too_close_to_test	1.0	
KETAASHK	0	14742	too_close_to_test	1.0	
KDTIAVKK	1	2877	too_close_to_test	1.0	
KKSTAVKK	1	5088	too_close_to_test	1.0	
QETIASKL	1	6802	too_close_to_test	1.0	
KETSEAKK	1	4639	too_close_to_test	1.0	
RKTDAVKK	1	7911	too_close_to_test	1.0	
EQSTAEKL	1	1890	too_close_to_test	1.0	
QGPTASRK	0	16780	too_close_to_test	1.0	
EETRAVKR	1	1415	too_close_to_test	1.0	
RETDASKK	0	9289	too_close_to_test	1.0	
KVTIAAKK	0	13638	too_close_to_test	1.0	
WETTASKL	0	15057	too_close_to_test	1.0	
KESRCARL	1	3673	too_close_to_test	1.0	
RETRAVKM	1	7741	too_close_to_test	1.0	
EETTASDM	1	1513	too_close_to_test	1.0	
NESWGSKI	1	6320	too_close_to_test	1.0	
KDPTASNK	0	10614	too_close_to_test	1.0	
TESSASDL	1	8250	too_close_to_test	1.0	
KETGASKI	0	13916	too_close_to_test	1.0	
QTTGAVKK	1	7096	too_close_to_test	1.0	
QQTPAAKK	0	14498	too_close_to_test	1.0	
KSSAAVKK	1	5725	too_close_to_test	1.0	
KETHASKT	0	13922	too_close_to_test	1.0	
RETTAVDI	1	7791	too_close_to_test	1.0	
KQTDAVKQ	1	5538	too_close_to_test	1.0	
KQTKASKL	1	5615	too_close_to_test	1.0	
KGATASKR	0	15210	too_close_to_test	1.0	
KETSASLK	0	9937	too_close_to_test	1.0	
QESRAVKR	1	6671	too_close_to_test	1.0	
EESSASKQ	1	936	too_close_to_test	1.0	
EDSTASKK	0	10078	too_close_to_test	1.0	
VETTASIK	0	13507	too_close_to_test	1.0	
IQTTASKK	0	9322	too_close_to_test	1.0	
LEAAASKK	0	16620	too_close_to_test	1.0	
QESRAAKI	1	6659	too_close_to_test	1.0	
KQTSASKL	0	15236	too_close_to_test	1.0	
RETHASKK	0	13200	too_close_to_test	1.0	
KESNASVT	1	3504	too_close_to_test	1.0	
KETIAASL	1	4225	too_close_to_test	1.0	
EETHESKL	1	1236	too_close_to_test	1.0	
RATTASVK	0	12952	too_close_to_test	1.0	
LESTASKM	0	15260	too_close_to_test	1.0	
SETTASKT	0	11725	too_close_to_test	1.0	
TPTTAVKK	1	8358	too_close_to_test	1.0	
RSTDAVKK	1	8070	too_close_to_test	1.0	
SETNASKK	0	10303	too_close_to_test	1.0	
RGPSVSQK	0	8975	too_close_to_test	1.0	
EERSGSKK	1	571	too_close_to_test	1.0	
LETRATKL	1	6086	too_close_to_test	1.0	
LESIAAKL	1	5976	too_close_to_test	1.0	
KASQAVKK	1	2598	too_close_to_test	1.0	
KESKATKL	1	3415	too_close_to_test	1.0	
QVSNAAKL	1	7110	too_close_to_test	1.0	
KATCASKI	1	2653	too_close_to_test	1.0	
RETTATKL	1	7789	too_close_to_test	1.0	
EETKAAKK	1	1314	too_close_to_test	1.0	
WETRGSKK	0	13778	too_close_to_test	1.0	
KETPASKI	0	9849	too_close_to_test	1.0	
LETIAAKK	1	6066	too_close_to_test	1.0	
KESDAVKL	1	3241	too_close_to_test	1.0	
LETEASKI	0	13129	too_close_to_test	1.0	
KETNASQK	0	14350	too_close_to_test	1.0	
QESTAAKL	0	10292	too_close_to_test	1.0	
KETGASNK	0	11768	too_close_to_test	1.0	
KANTASKK	0	11080	too_close_to_test	1.0	
NETDGSKK	0	13390	too_close_to_test	1.0	
EQSSAAKK	1	1858	too_close_to_test	1.0	
KESAGSKK	0	11499	too_close_to_test	1.0	
QGMAVSSI	0	14103	too_close_to_test	1.0	
RETTAPNK	0	16844	too_close_to_test	1.0	
TETAASKQ	0	12170	too_close_to_test	1.0	
KQSMASKK	0	12859	too_close_to_test	1.0	
KETTSVKK	1	4769	too_close_to_test	1.0	
RESTSSKL	1	7564	too_close_to_test	1.0	
PVTTASTK	0	16020	too_close_to_test	1.0	
KDTSASNK	0	11756	too_close_to_test	1.0	
SETTASNQ	0	10734	too_close_to_test	1.0	
QETTSSKK	0	16773	too_close_to_test	1.0	
KESWGADL	1	3983	too_close_to_test	1.0	
KVATASIN	0	10399	too_close_to_test	1.0	
EESTSAKL	1	1105	too_close_to_test	1.0	
GETSAAKL	1	2150	too_close_to_test	1.0	
EESAASTK	1	587	too_close_to_test	1.0	
PEAIASTK	0	11013	too_close_to_test	1.0	
KETTAVKS	1	4718	too_close_to_test	1.0	
EESTAVTK	1	1073	too_close_to_test	1.0	
YATAASKN	0	8733	too_close_to_test	1.0	
NESHASDK	0	12676	too_close_to_test	1.0	
SETRASKK	0	13748	too_close_to_test	1.0	
KETGGSKE	0	13919	too_close_to_test	1.0	
AETAASKL	0	15066	too_close_to_test	1.0	
WETTASKK	0	9009	too_close_to_test	1.0	
KQTDASKR	1	5514	too_close_to_test	1.0	
EESSASKI	1	931	too_close_to_test	1.0	
QLRTASQK	0	8654	too_close_to_test	1.0	
KESTAVKK	1	3851	too_close_to_test	1.0	
KESTASGK	0	13904	too_close_to_test	1.0	
HESWGSKM	1	2298	too_close_to_test	1.0	
KASRASKL	1	2604	too_close_to_test	1.0	
SESSAVKK	1	8128	too_close_to_test	1.0	
KESDASDL	1	3232	too_close_to_test	1.0	
PGTTRSKK	0	12310	too_close_to_test	1.0	
EESFAVKI	1	650	too_close_to_test	1.0	
QEATASRK	0	10849	too_close_to_test	1.0	
RSTAAVKK	1	8069	too_close_to_test	1.0	
EETIGSKL	1	1307	too_close_to_test	1.0	
HETTASEE	0	16406	too_close_to_test	1.0	
KASVAAKS	1	2631	too_close_to_test	1.0	
LESSAVDL	1	6019	too_close_to_test	1.0	
KGTTASTK	0	9066	too_close_to_test	1.0	
RQSTAVKI	1	8003	too_close_to_test	1.0	
EESSAVKP	1	971	too_close_to_test	1.0	
EESKASDL	1	728	too_close_to_test	1.0	
EETFAVKK	1	1219	too_close_to_test	1.0	
KESVAVKR	1	3956	too_close_to_test	1.0	
HETNASKK	0	10164	too_close_to_test	1.0	
KETVAANL	1	4783	too_close_to_test	1.0	
RETVAATL	1	7838	too_close_to_test	1.0	
KESAASTK	1	3195	too_close_to_test	1.0	
HETAASKR	0	14647	too_close_to_test	1.0	
KPTLAVKK	1	5277	too_close_to_test	1.0	
KGGTASDK	0	9026	too_close_to_test	1.0	
KATPASNK	0	12589	too_close_to_test	1.0	
HESWASKK	1	2282	too_close_to_test	1.0	
QESSAVDL	1	6690	too_close_to_test	1.0	
RETPASIK	0	11819	too_close_to_test	1.0	
EETEASKK	1	1203	too_close_to_test	1.0	
KVTPASQK	0	16609	too_close_to_test	1.0	
LESVAAKL	1	6043	too_close_to_test	1.0	
KESNAVQL	1	3550	too_close_to_test	1.0	
KESGAAKL	1	3313	too_close_to_test	1.0	
TGSRPAKQ	0	15460	too_close_to_test	1.0	
PATPASKK	0	12101	too_close_to_test	1.0	
TETDASKK	0	9898	too_close_to_test	1.0	
EESTAAVL	1	1039	too_close_to_test	1.0	
TDVAAAVR	0	10735	too_close_to_test	1.0	
GEATASKK	0	9432	too_close_to_test	1.0	
KGTAASKI	0	9882	too_close_to_test	1.0	
EQTTDAKK	1	1997	too_close_to_test	1.0	
RETTAVVL	1	7817	too_close_to_test	1.0	
KESSATKL	1	3754	too_close_to_test	1.0	
RENSASKK	0	12141	too_close_to_test	1.0	
TETPASNK	0	11832	too_close_to_test	1.0	
KEYFAVKK	1	4877	too_close_to_test	1.0	
KETLASKQ	0	15194	too_close_to_test	1.0	
SELAASRE	0	9501	too_close_to_test	1.0	
KETTASIE	0	9151	too_close_to_test	1.0	
AETKASKL	1	117	too_close_to_test	1.0	
KETNSSKS	1	4420	too_close_to_test	1.0	
TEVTASKK	0	13226	too_close_to_test	1.0	
KDSNAVKL	1	2805	too_close_to_test	1.0	
IESTASKR	0	10165	too_close_to_test	1.0	
KETTASDT	0	12840	too_close_to_test	1.0	
KETLAVKI	1	4328	too_close_to_test	1.0	
KQPTASKK	0	9725	too_close_to_test	1.0	
PGSRPAKQ	0	16003	too_close_to_test	1.0	
KETTPSKK	0	11656	too_close_to_test	1.0	
MEATASKK	0	10767	too_close_to_test	1.0	
KATIAVKR	1	2675	too_close_to_test	1.0	
KETSESKL	1	4642	too_close_to_test	1.0	
YNIPAPKK	0	10599	too_close_to_test	1.0	
KPTGAAKS	1	5261	too_close_to_test	1.0	
KETVASVT	1	4818	too_close_to_test	1.0	
KAPTASKK	0	9707	too_close_to_test	1.0	
KVTTASKK	0	8470	too_close_to_test	1.0	
QETNASKK	0	8869	too_close_to_test	1.0	
EETAASNS	0	10311	too_close_to_test	1.0	
KESAASKR	0	11645	too_close_to_test	1.0	
KQTDTVKL	1	5574	too_close_to_test	1.0	
TPTGGVKL	1	8356	too_close_to_test	1.0	
KDSTGAKK	1	2831	too_close_to_test	1.0	
KETIAAKL	1	4213	too_close_to_test	1.0	
EENNAADL	1	524	too_close_to_test	1.0	
NESNASKI	1	6284	too_close_to_test	1.0	
VGTSAEYK	0	14227	too_close_to_test	1.0	
SETTATKK	0	11254	too_close_to_test	1.0	
RSSIAAKL	1	8066	too_close_to_test	1.0	
RESIASKM	1	7392	too_close_to_test	1.0	
NELAASRE	0	9143	too_close_to_test	1.0	
KESIATKL	1	3387	too_close_to_test	1.0	
RETTASQT	0	11044	too_close_to_test	1.0	
RETAAVKK	1	7610	too_close_to_test	1.0	
HESIASVT	1	2222	too_close_to_test	1.0	
TATTASKR	0	15442	too_close_to_test	1.0	
RESTAAKF	1	7525	too_close_to_test	1.0	
TETEASKI	0	11965	too_close_to_test	1.0	
EETRAADL	1	1390	too_close_to_test	1.0	
RGSIAVKK	1	7863	too_close_to_test	1.0	
RESMAVKM	1	7416	too_close_to_test	1.0	
KETRGSNK	0	10542	too_close_to_test	1.0	
KDSAAVKL	1	2777	too_close_to_test	1.0	
QETRESVN	0	13175	too_close_to_test	1.0	
EVHAAPSK	0	12400	too_close_to_test	1.0	
KETTASGA	1	4693	too_close_to_test	1.0	
DESIASKL	1	216	too_close_to_test	1.0	
EPPAASIN	0	8604	too_close_to_test	1.0	
QETTDSKK	0	9357	too_close_to_test	1.0	
PETTGARI	0	15998	too_close_to_test	1.0	
EETLAVKK	1	1336	too_close_to_test	1.0	
RDTPASKK	0	11714	too_close_to_test	1.0	
RQTTAVKI	1	8048	too_close_to_test	1.0	
RQTDAVDL	1	8022	too_close_to_test	1.0	
IETSASNK	0	10750	too_close_to_test	1.0	
KESTASKY	0	14739	too_close_to_test	1.0	
RATTVSKK	0	16134	too_close_to_test	1.0	
EESWGVKL	1	1156	too_close_to_test	1.0	
KESNSVKK	1	3600	too_close_to_test	1.0	
PETTASKI	0	9298	too_close_to_test	1.0	
KEPTASRN	0	12612	too_close_to_test	1.0	
KESTAANK	0	13902	too_close_to_test	1.0	
PGTTASHK	0	11550	too_close_to_test	1.0	
KENPSSKK	1	3103	too_close_to_test	1.0	
TGTTAAKK	0	15461	too_close_to_test	1.0	
KEETASKL	1	2975	too_close_to_test	1.0	
KETTASQR	0	9363	too_close_to_test	1.0	
KESTASVK	0	9033	too_close_to_test	1.0	
RQTDASKK	1	8020	too_close_to_test	1.0	
HESEATKK	1	2211	too_close_to_test	1.0	
PETAASKE	0	10459	too_close_to_test	1.0	
DQTTASKK	0	15494	too_close_to_test	1.0	
HESWGSDL	1	2293	too_close_to_test	1.0	
RASTASKK	0	10519	too_close_to_test	1.0	
RGTPASYK	0	12528	too_close_to_test	1.0	
MEPIASTK	0	10507	too_close_to_test	1.0	
HETIAVKK	1	2332	too_close_to_test	1.0	
REASASKL	0	14127	too_close_to_test	1.0	
KVAAASKK	0	13352	too_close_to_test	1.0	
KETNSSKI	1	4414	too_close_to_test	1.0	
QETDAAKL	1	6762	too_close_to_test	1.0	
RETSASRI	0	12147	too_close_to_test	1.0	
NETSASQK	0	14850	too_close_to_test	1.0	
RGSPASKK	0	10790	too_close_to_test	1.0	
KESNGAKI	1	3578	too_close_to_test	1.0	
EESFAAKS	1	643	too_close_to_test	1.0	
KGTIASKK	0	10116	too_close_to_test	1.0	
PETTASSE	0	12490	too_close_to_test	1.0	
KGTPASQK	0	15792	too_close_to_test	1.0	
RQTTATKK	0	10874	too_close_to_test	1.0	
LEAPASKK	0	14819	too_close_to_test	1.0	
KESTASYK	0	9967	too_close_to_test	1.0	
NVTAASKI	0	12299	too_close_to_test	1.0	
KEAPASIK	0	14321	too_close_to_test	1.0	
EGSTAVKK	1	1639	too_close_to_test	1.0	
AESTAAKI	1	82	too_close_to_test	1.0	
VQTDAVKK	1	8426	too_close_to_test	1.0	
RESNEVKK	1	7447	too_close_to_test	1.0	
IHSIAAKL	1	2533	too_close_to_test	1.0	
QETKASKK	0	12926	too_close_to_test	1.0	
EETMASKL	1	1345	too_close_to_test	1.0	
METAASKL	0	13657	too_close_to_test	1.0	
EQSRAADL	1	1848	too_close_to_test	1.0	
QQTDAVKS	1	7056	too_close_to_test	1.0	
KGSRPAKQ	0	9495	too_close_to_test	1.0	
EESFATKK	1	646	too_close_to_test	1.0	
EQSTAAKS	1	1885	too_close_to_test	1.0	
EESSASKT	0	10803	too_close_to_test	1.0	
TQSVAAKL	1	8366	too_close_to_test	1.0	
KGSTPAKK	1	4952	too_close_to_test	1.0	
FETSAVKK	1	2111	too_close_to_test	1.0	
KETHAVKK	1	4182	too_close_to_test	1.0	
KGPTASKE	0	13104	too_close_to_test	1.0	
KGTAAVKI	1	4965	too_close_to_test	1.0	
LGTAASKK	0	16637	too_close_to_test	1.0	
EETTATKQ	1	1522	too_close_to_test	1.0	
KESEASKL	1	3260	too_close_to_test	1.0	
EETRGVKK	1	1437	too_close_to_test	1.0	
KGSTAVKM	1	4942	too_close_to_test	1.0	
NEAPASKK	0	15924	too_close_to_test	1.0	
RDTHAAKL	1	7210	too_close_to_test	1.0	
EETIATKK	1	1294	too_close_to_test	1.0	
LESKASKL	1	5984	too_close_to_test	1.0	
KAASGSNK	0	12417	too_close_to_test	1.0	
QQDTASII	0	12507	too_close_to_test	1.0	
QETPGSKK	0	11141	too_close_to_test	1.0	
RQTDAVKQ	1	8028	too_close_to_test	1.0	
KEATASKS	0	12603	too_close_to_test	1.0	
KGPTASKR	0	13949	too_close_to_test	1.0	
NETTASEN	0	14443	too_close_to_test	1.0	
KESDSAKK	1	3245	too_close_to_test	1.0	
RDATASNK	0	16812	too_close_to_test	1.0	
EETIGTIS	0	16370	too_close_to_test	1.0	
KETTASSK	0	8860	too_close_to_test	1.0	
KEGNAVKK	1	2981	too_close_to_test	1.0	
AGTSAEYK	0	11463	too_close_to_test	1.0	
VENNAVKK	1	8387	too_close_to_test	1.0	
PETSASKT	0	13155	too_close_to_test	1.0	
QATTATKK	0	12914	too_close_to_test	1.0	
IESRAAKS	1	2468	too_close_to_test	1.0	
EESFAADL	1	639	too_close_to_test	1.0	
KESTAVVL	1	3865	too_close_to_test	1.0	
KETTASMT	0	14761	too_close_to_test	1.0	
KDSRGVKR	1	2812	too_close_to_test	1.0	
REATASKT	0	11037	too_close_to_test	1.0	
KSTAAAKL	1	5750	too_close_to_test	1.0	
PGTRASKK	0	9166	too_close_to_test	1.0	
EETIAASL	1	1268	too_close_to_test	1.0	
RESEAVKK	1	7318	too_close_to_test	1.0	
KERSASKL	1	3165	too_close_to_test	1.0	
KETVSSKL	1	4842	too_close_to_test	1.0	
EATIAANL	1	335	too_close_to_test	1.0	
LETSASKK	0	8995	too_close_to_test	1.0	
RRATASKI	0	14169	too_close_to_test	1.0	
QESDAVKL	1	6577	too_close_to_test	1.0	
EETRAVKK	1	1410	too_close_to_test	1.0	
KETGASKQ	0	15188	too_close_to_test	1.0	
LETNASKK	0	9690	too_close_to_test	1.0	
GENAASKH	0	15541	too_close_to_test	1.0	
RQTDAVRL	1	8032	too_close_to_test	1.0	
KDSSAVKL	1	2817	too_close_to_test	1.0	
KEPAASKK	0	8857	too_close_to_test	1.0	
KAATASKT	0	14293	too_close_to_test	1.0	
EESRGSKK	1	876	too_close_to_test	1.0	
KWTHASKK	0	14815	too_close_to_test	1.0	
KDATASTK	0	9666	too_close_to_test	1.0	
KEPTAAKL	1	3133	too_close_to_test	1.0	
QETTASYK	0	9731	too_close_to_test	1.0	
QEPTASIK	0	10517	too_close_to_test	1.0	
TETRAVKL	1	8303	too_close_to_test	1.0	
RDTTASKI	0	10867	too_close_to_test	1.0	
KESRAAKR	1	3634	too_close_to_test	1.0	
KASSAAKL	1	2609	too_close_to_test	1.0	
HESEGAKK	1	2212	too_close_to_test	1.0	
KESTAAKR	0	16504	too_close_to_test	1.0	
KESIATKI	1	3386	too_close_to_test	1.0	
NRATASKK	0	10455	too_close_to_test	1.0	
NETAASEK	0	14842	too_close_to_test	1.0	
QESRASLK	0	13428	too_close_to_test	1.0	
EESSALDL	1	913	too_close_to_test	1.0	
IDTTASIK	0	16416	too_close_to_test	1.0	
QETSASKR	0	9975	too_close_to_test	1.0	
EESTAVNK	1	1071	too_close_to_test	1.0	
IESNAVKL	1	2463	too_close_to_test	1.0	
YETTASKQ	0	14236	too_close_to_test	1.0	
QGTNASEK	1	6934	too_close_to_test	1.0	
RETMAVKR	1	7708	too_close_to_test	1.0	
EASWGSKL	1	320	too_close_to_test	1.0	
KAKTGSKK	0	13280	too_close_to_test	1.0	
KESAASIK	0	9825	too_close_to_test	1.0	
KGTIAADI	1	4974	too_close_to_test	1.0	
EGPTASKK	0	13528	too_close_to_test	1.0	
VETIAVKL	1	8411	too_close_to_test	1.0	
EETHASKL	1	1231	too_close_to_test	1.0	
RESFASDL	1	7328	too_close_to_test	1.0	
KEGTASIQ	1	2986	too_close_to_test	1.0	
EESTASKN	0	13249	too_close_to_test	1.0	
KATTASVE	0	13855	too_close_to_test	1.0	
RESFAADL	1	7322	too_close_to_test	1.0	
SETTASGK	0	16247	too_close_to_test	1.0	
HGSTAVKK	1	2379	too_close_to_test	1.0	
NETTASKH	0	15946	too_close_to_test	1.0	
LESSAADL	1	6015	too_close_to_test	1.0	
KQTVAAKI	1	5686	too_close_to_test	1.0	
KESNASKI	1	3494	too_close_to_test	1.0	
SETRGSKK	0	9147	too_close_to_test	1.0	
QETFASKL	1	6776	too_close_to_test	1.0	
EEPPASKK	0	14248	too_close_to_test	1.0	
EESTAAKQ	0	12396	too_close_to_test	1.0	
KERYAAKL	1	3183	too_close_to_test	1.0	
RETIAEDL	1	7664	too_close_to_test	1.0	
EETIAAVK	1	1272	too_close_to_test	1.0	
KESGATKI	1	3318	too_close_to_test	1.0	
HETAASEI	1	2314	too_close_to_test	1.0	
EATPASKI	0	15497	too_close_to_test	1.0	
KETAASIK	0	8809	too_close_to_test	1.0	
KATVAVKL	1	2733	too_close_to_test	1.0	
KQSTASKK	0	9073	too_close_to_test	1.0	
EASIAVKI	1	288	too_close_to_test	1.0	
KESFAVKI	1	3290	too_close_to_test	1.0	
LESFAAKK	1	5964	too_close_to_test	1.0	
KGSNASKK	0	15214	too_close_to_test	1.0	
EGSTAVKS	1	1642	too_close_to_test	1.0	
KETNATKK	1	4369	too_close_to_test	1.0	
KPTTASNK	0	11400	too_close_to_test	1.0	
QETEASKN	0	10927	too_close_to_test	1.0	
KQTDAVRE	1	5548	too_close_to_test	1.0	
EEINAVKK	1	511	too_close_to_test	1.0	
KQTTDVKK	1	5677	too_close_to_test	1.0	
KQSRAAKK	1	5415	too_close_to_test	1.0	
EESIGSKL	1	722	too_close_to_test	1.0	
KESRATKR	1	3662	too_close_to_test	1.0	
QESTAAKQ	0	9998	too_close_to_test	1.0	
PEPTGSIE	0	8720	too_close_to_test	1.0	
IGTSAEYK	0	9405	too_close_to_test	1.0	
RETNASKQ	0	12351	too_close_to_test	1.0	
NETRAVKI	1	6344	too_close_to_test	1.0	
KVKTAVKK	1	5831	too_close_to_test	1.0	
QETHESKR	1	6786	too_close_to_test	1.0	
EEIPASMR	0	13796	too_close_to_test	1.0	
RETAASRI	0	15385	too_close_to_test	1.0	
KQTAASGR	0	16591	too_close_to_test	1.0	
KESCGAKK	1	3222	too_close_to_test	1.0	
RESWAAKL	1	7580	too_close_to_test	1.0	
MESAVVKK	1	6201	too_close_to_test	1.0	
RESSASVK	0	14524	too_close_to_test	1.0	
EESNASDL	1	776	too_close_to_test	1.0	
KESKDSKL	1	3420	too_close_to_test	1.0	
KETMAAKK	1	4337	too_close_to_test	1.0	
QVTSASEK	0	16804	too_close_to_test	1.0	
REMTASKK	0	16156	too_close_to_test	1.0	
SDASASEK	0	8492	too_close_to_test	1.0	
KETSASLT	0	15753	too_close_to_test	1.0	
KPTSGVKK	1	5292	too_close_to_test	1.0	
EETTASYK	0	10163	too_close_to_test	1.0	
KETRVVKI	1	4546	too_close_to_test	1.0	
KEATASTI	0	9640	too_close_to_test	1.0	
RETIASTK	0	10941	too_close_to_test	1.0	
LQTKASKL	1	6179	too_close_to_test	1.0	
HPTTASKK	0	14651	too_close_to_test	1.0	
KETAAAKM	1	4034	too_close_to_test	1.0	
QETSASIN	0	11330	too_close_to_test	1.0	
EESNAEKL	1	772	too_close_to_test	1.0	
LESRATKK	1	6007	too_close_to_test	1.0	
KDSTASKT	0	14693	too_close_to_test	1.0	
KDSTASRN	0	9566	too_close_to_test	1.0	
KETTDAKI	1	4731	too_close_to_test	1.0	
TEATASEK	0	16265	too_close_to_test	1.0	
LETAASNS	0	10916	too_close_to_test	1.0	
EPTSAVKK	1	1800	too_close_to_test	1.0	
KESTAAKN	0	12039	too_close_to_test	1.0	
KEATASET	0	11866	too_close_to_test	1.0	
RETPASNK	0	10787	too_close_to_test	1.0	
KETRATKI	1	4473	too_close_to_test	1.0	
KETIASRL	1	4243	too_close_to_test	1.0	
KETAASYE	0	13913	too_close_to_test	1.0	
EETVGSKL	1	1596	too_close_to_test	1.0	
KPSSAVKR	1	5237	too_close_to_test	1.0	
KESGASKI	1	3315	too_close_to_test	1.0	
KSTIAAKS	1	5762	too_close_to_test	1.0	
KGTTASNN	0	13617	too_close_to_test	1.0	
RETTASKR	0	8613	too_close_to_test	1.0	
GETAAVKL	1	2142	too_close_to_test	1.0	
TETAASQK	0	13759	too_close_to_test	1.0	
KGSSASKL	1	4931	too_close_to_test	1.0	
QLTTATKR	1	6956	too_close_to_test	1.0	
TDSVAAKI	1	8208	too_close_to_test	1.0	
EETSGSKR	0	15087	too_close_to_test	1.0	
LDSVAAKK	1	5945	too_close_to_test	1.0	
KQSVAAKV	1	5473	too_close_to_test	1.0	
KETPASKV	0	15197	too_close_to_test	1.0	
EETSGTKK	1	1482	too_close_to_test	1.0	
EERVAAKL	1	573	too_close_to_test	1.0	
SETRAVKL	1	8156	too_close_to_test	1.0	
RGATASKR	0	14150	too_close_to_test	1.0	
KASHASKK	0	13066	too_close_to_test	1.0	
EQSSAAKR	1	1861	too_close_to_test	1.0	
KPTSAVKL	1	5290	too_close_to_test	1.0	
AETAAVKL	1	96	too_close_to_test	1.0	
KETTGAKK	1	4753	too_close_to_test	1.0	
KATTAAKL	1	2709	too_close_to_test	1.0	
KESHAVKK	1	3345	too_close_to_test	1.0	
KESRDSKL	1	3679	too_close_to_test	1.0	
KQATASTR	0	10912	too_close_to_test	1.0	
KQSAFVKK	1	5360	too_close_to_test	1.0	
EETIASDL	1	1281	too_close_to_test	1.0	
KDSVASKL	1	2844	too_close_to_test	1.0	
KMTTAVKK	1	5162	too_close_to_test	1.0	
GEPIASTK	0	10487	too_close_to_test	1.0	
KASTAVKK	1	2620	too_close_to_test	1.0	
EEPTASKK	0	9718	too_close_to_test	1.0	
KETRDAKL	1	4515	too_close_to_test	1.0	
KQTTASKR	0	8925	too_close_to_test	1.0	
KETTATSI	0	8609	too_close_to_test	1.0	
KETYAAKS	1	4858	too_close_to_test	1.0	
KERTASIQ	0	15715	too_close_to_test	1.0	
REFFAVKK	1	7235	too_close_to_test	1.0	
KESHAAKL	1	3336	too_close_to_test	1.0	
RGPTASKE	0	16202	too_close_to_test	1.0	
RESEASKL	1	7316	too_close_to_test	1.0	
PETRAVKI	1	6434	too_close_to_test	1.0	
KESTASYN	0	13907	too_close_to_test	1.0	
QESNASKL	1	6643	too_close_to_test	1.0	
KETEATKR	1	4114	too_close_to_test	1.0	
KQTDAVTK	1	5554	too_close_to_test	1.0	
AETTASKL	1	148	too_close_to_test	1.0	
KEATASKM	0	14710	too_close_to_test	1.0	
NETSAVKS	1	6353	too_close_to_test	1.0	
KSAGAVKK	1	5720	too_close_to_test	1.0	
KETTASKN	0	8597	too_close_to_test	1.0	
KETTASKR	0	8533	too_close_to_test	1.0	
KPTLAVKR	1	5279	too_close_to_test	1.0	
KEPTASKN	0	10108	too_close_to_test	1.0	
QESIAAKQ	1	6608	too_close_to_test	1.0	
NGTSAEYK	0	9079	too_close_to_test	1.0	
CETTASKK	0	9549	too_close_to_test	1.0	
DESQASKK	1	221	too_close_to_test	1.0	
KETGASKN	0	13917	too_close_to_test	1.0	
QQTTAADL	1	7071	too_close_to_test	1.0	
QGTTASKL	0	11026	too_close_to_test	1.0	
LESWGVKK	1	6052	too_close_to_test	1.0	
TETTASEQ	0	14210	too_close_to_test	1.0	
EVSRAVKK	1	2081	too_close_to_test	1.0	
PNIPAPKK	0	8693	too_close_to_test	1.0	
QAPPASKK	0	16723	too_close_to_test	1.0	
KVTTASRR	0	15876	too_close_to_test	1.0	
QETRGSKK	0	8621	too_close_to_test	1.0	
QDSTGVKK	1	6510	too_close_to_test	1.0	
RKITASIK	0	10729	too_close_to_test	1.0	
KATNAVKI	1	2689	too_close_to_test	1.0	
IETAASKI	0	12412	too_close_to_test	1.0	
KATTASKN	0	9748	too_close_to_test	1.0	
RESAASKK	0	9001	too_close_to_test	1.0	
KETSAVKP	1	4598	too_close_to_test	1.0	
KEGSASTK	0	14327	too_close_to_test	1.0	
RDSDAVKL	1	7183	too_close_to_test	1.0	
RETMASKK	0	14979	too_close_to_test	1.0	
QESTGSKK	0	10094	too_close_to_test	1.0	
KDRSASYK	0	10615	too_close_to_test	1.0	
KESNAVVK	1	3563	too_close_to_test	1.0	
KETPGSVE	0	13586	too_close_to_test	1.0	
KRTAASKK	0	12659	too_close_to_test	1.0	
LESRDAKL	1	6010	too_close_to_test	1.0	
KETAAVKI	1	4046	too_close_to_test	1.0	
EETTAVVK	1	1540	too_close_to_test	1.0	
KQTTASLK	0	11781	too_close_to_test	1.0	
HESSGVKK	1	2262	too_close_to_test	1.0	
QPTGGSKL	1	6998	too_close_to_test	1.0	
LESTAAKS	1	6028	too_close_to_test	1.0	
IESIGSKK	1	2457	too_close_to_test	1.0	
KETTASGK	0	9233	too_close_to_test	1.0	
LETTASEK	0	10834	too_close_to_test	1.0	
KERTASKL	0	12826	too_close_to_test	1.0	
KETHGVKK	1	4192	too_close_to_test	1.0	
NATTASEK	0	11915	too_close_to_test	1.0	
VESWGSKK	1	8403	too_close_to_test	1.0	
KETFASSK	1	4139	too_close_to_test	1.0	
KETNASEK	0	12258	too_close_to_test	1.0	
EPTGGSKK	1	1787	too_close_to_test	1.0	
EETRASNL	1	1402	too_close_to_test	1.0	
KGTTASKI	0	9349	too_close_to_test	1.0	
KQTAAVKI	1	5492	too_close_to_test	1.0	
KERVASKK	1	3178	too_close_to_test	1.0	
KETVASTL	1	4815	too_close_to_test	1.0	
KETTAAKL	1	4669	too_close_to_test	1.0	
MESSAVKL	1	6215	too_close_to_test	1.0	
PDVAAAVR	0	15294	too_close_to_test	1.0	
DESAAVKK	1	213	too_close_to_test	1.0	
TGTTATGK	0	14218	too_close_to_test	1.0	
EETSASVK	0	15509	too_close_to_test	1.0	
EETHHSKL	1	1238	too_close_to_test	1.0	
RPSIGVKK	1	7936	too_close_to_test	1.0	
EESIAVKL	1	713	too_close_to_test	1.0	
KATVAADL	1	2723	too_close_to_test	1.0	
KPTTAVKS	1	5305	too_close_to_test	1.0	
SETTGSKK	0	9737	too_close_to_test	1.0	
EESTASKR	0	12397	too_close_to_test	1.0	
EERTAVKK	1	572	too_close_to_test	1.0	
QQSWGSKK	1	7047	too_close_to_test	1.0	
QETEASKI	0	10230	too_close_to_test	1.0	
KESPASEK	0	9932	too_close_to_test	1.0	
ELTTDVKK	1	1737	too_close_to_test	1.0	
QENAGVKK	1	6552	too_close_to_test	1.0	
RETMAVKL	1	7707	too_close_to_test	1.0	
QATTASHK	0	14071	too_close_to_test	1.0	
KENTASES	0	13308	too_close_to_test	1.0	
IGTTASEK	0	15592	too_close_to_test	1.0	
RATTASNK	0	10201	too_close_to_test	1.0	
QESRAADL	1	6658	too_close_to_test	1.0	
KQTSASQK	0	11110	too_close_to_test	1.0	
RQSQAVKK	1	7982	too_close_to_test	1.0	
EESRAAKI	1	839	too_close_to_test	1.0	
KDTTAVKT	1	2922	too_close_to_test	1.0	
RETGASKK	0	8617	too_close_to_test	1.0	
REITASVK	1	7254	too_close_to_test	1.0	
QGTTASTK	0	10409	too_close_to_test	1.0	
EETMAAKK	1	1341	too_close_to_test	1.0	
RETYSEKK	0	12972	too_close_to_test	1.0	
RESMAAKL	1	7411	too_close_to_test	1.0	
TDPTASKK	0	13216	too_close_to_test	1.0	
KDPTASLK	0	14307	too_close_to_test	1.0	
TQTTAAKK	0	11459	too_close_to_test	1.0	
KQTDAVEK	1	5525	too_close_to_test	1.0	
TQTTAADL	1	8374	too_close_to_test	1.0	
RETTASER	0	10944	too_close_to_test	1.0	
KEYTASKK	0	11394	too_close_to_test	1.0	
AETRAAKL	1	124	too_close_to_test	1.0	
KGATASRK	0	13945	too_close_to_test	1.0	
KQTTAVDL	1	5667	too_close_to_test	1.0	
KQTDATKK	1	5519	too_close_to_test	1.0	
KQTDATKR	1	5521	too_close_to_test	1.0	
QEATASKT	0	10776	too_close_to_test	1.0	
PESTAAKK	0	15989	too_close_to_test	1.0	
KQSVAARL	1	5474	too_close_to_test	1.0	
KESWASKK	1	3974	too_close_to_test	1.0	
MESRAAKK	1	6209	too_close_to_test	1.0	
LETTASKQ	0	10402	too_close_to_test	1.0	
SGTPASKK	0	15432	too_close_to_test	1.0	
EVSVASKL	1	2087	too_close_to_test	1.0	
KEGTASRK	0	15161	too_close_to_test	1.0	
KQTDAVIL	1	5528	too_close_to_test	1.0	
EETIASTK	0	13801	too_close_to_test	1.0	
HESNASKL	1	2228	too_close_to_test	1.0	
QETSAVKL	1	6867	too_close_to_test	1.0	
EENPSSKL	1	537	too_close_to_test	1.0	
RDSVAADL	1	7200	too_close_to_test	1.0	
QNTVASKL	1	6968	too_close_to_test	1.0	
GESSAVKK	1	2135	too_close_to_test	1.0	
QKTTASKT	0	16099	too_close_to_test	1.0	
RPTTAAKK	0	13465	too_close_to_test	1.0	
EESSAVKL	1	968	too_close_to_test	1.0	
LETAASIK	0	14418	too_close_to_test	1.0	
RETTDAKL	1	7822	too_close_to_test	1.0	
RQSRAAKL	1	7985	too_close_to_test	1.0	
KETYASDL	1	4859	too_close_to_test	1.0	
NESTGSKR	0	15276	too_close_to_test	1.0	
EDTVAAKL	1	473	too_close_to_test	1.0	
KETSAVRE	1	4612	too_close_to_test	1.0	
GETAAVKK	1	2141	too_close_to_test	1.0	
KETIAAVI	1	4228	too_close_to_test	1.0	
KASTTSKL	1	2625	too_close_to_test	1.0	
QETPASIK	0	16065	too_close_to_test	1.0	
KASTASIK	0	10492	too_close_to_test	1.0	
KETPASYK	0	10393	too_close_to_test	1.0	
EDSVAAKS	1	424	too_close_to_test	1.0	
KATTAANK	0	15628	too_close_to_test	1.0	
EETIVADL	1	1312	too_close_to_test	1.0	
EVTKATNK	0	11622	too_close_to_test	1.0	
IPSSAPKK	0	12414	too_close_to_test	1.0	
KVTRASKK	0	13639	too_close_to_test	1.0	
EGTRAVKK	1	1664	too_close_to_test	1.0	
RETVASKK	0	8479	too_close_to_test	1.0	
KESVATKI	1	3949	too_close_to_test	1.0	
PATTASKR	0	13400	too_close_to_test	1.0	
SGTTRSDQ	0	13749	too_close_to_test	1.0	
QKPTASKK	0	11940	too_close_to_test	1.0	
PESIASRL	0	10458	too_close_to_test	1.0	
EENNAVKL	1	530	too_close_to_test	1.0	
EESNAVKN	1	796	too_close_to_test	1.0	
KETRAAKT	1	4451	too_close_to_test	1.0	
KQTDAADL	1	5495	too_close_to_test	1.0	
LETRAVKK	1	6088	too_close_to_test	1.0	
IVKTESNT	0	9847	too_close_to_test	1.0	
KETSASRK	0	8707	too_close_to_test	1.0	
EESSAANI	1	898	too_close_to_test	1.0	
EETGDAKL	1	1224	too_close_to_test	1.0	
RESSASLK	0	16171	too_close_to_test	1.0	
EESTASIK	0	11985	too_close_to_test	1.0	
RESSDVKK	1	7511	too_close_to_test	1.0	
KESIASKQ	0	16499	too_close_to_test	1.0	
KEATASKT	0	9022	too_close_to_test	1.0	
KEARATKK	1	2952	too_close_to_test	1.0	
KESLGSKI	1	3443	too_close_to_test	1.0	
ENTVAVKK	1	1755	too_close_to_test	1.0	
KVATASKN	0	13981	too_close_to_test	1.0	
QDTPASKK	0	10092	too_close_to_test	1.0	
RATIAAKK	0	12340	too_close_to_test	1.0	
KETSDVKK	1	4636	too_close_to_test	1.0	
NEASASKL	1	6265	too_close_to_test	1.0	
KETNSSTL	1	4428	too_close_to_test	1.0	
KESSASQS	1	3746	too_close_to_test	1.0	
RESHAAKK	1	7379	too_close_to_test	1.0	
EAAPASKR	1	271	too_close_to_test	1.0	
EQSAVVKI	1	1824	too_close_to_test	1.0	
EETAAAKL	1	1163	too_close_to_test	1.0	
TGTTASHK	0	11064	too_close_to_test	1.0	
REPRASKK	0	14131	too_close_to_test	1.0	
PETTASRL	0	10512	too_close_to_test	1.0	
KENNAVKI	1	3082	too_close_to_test	1.0	
EGNTAVKL	1	1618	too_close_to_test	1.0	
KGNTAVKK	1	4896	too_close_to_test	1.0	
RETAASYK	0	13199	too_close_to_test	1.0	
KDSIAAKK	1	2790	too_close_to_test	1.0	
RESSAVDM	0	9955	too_close_to_test	1.0	
EESQAAKL	1	833	too_close_to_test	1.0	
RETTASLT	0	14989	too_close_to_test	1.0	
RENSAVKK	1	7271	too_close_to_test	1.0	
LQSSAAKK	1	6164	too_close_to_test	1.0	
RETLAVKL	1	7700	too_close_to_test	1.0	
AQTSAAKR	0	10884	too_close_to_test	1.0	
LETTASIK	0	9472	too_close_to_test	1.0	
REASASNK	0	16143	too_close_to_test	1.0	
KESVAANL	1	3926	too_close_to_test	1.0	
KETRASQL	1	4470	too_close_to_test	1.0	
RVTTASTK	0	12985	too_close_to_test	1.0	
NQACASKK	0	15961	too_close_to_test	1.0	
HETTASKT	0	10808	too_close_to_test	1.0	
KDSTASEK	0	14692	too_close_to_test	1.0	
KEATASKN	0	9097	too_close_to_test	1.0	
IETNGAKL	0	10968	too_close_to_test	1.0	
EETNSSKL	1	1379	too_close_to_test	1.0	
KGTTASKT	0	9672	too_close_to_test	1.0	
KETSAAKP	1	4553	too_close_to_test	1.0	
QETLAAKI	1	6819	too_close_to_test	1.0	
NDSTASRN	0	14436	too_close_to_test	1.0	
PEAAGSEK	0	10457	too_close_to_test	1.0	
KQTNASKI	1	5631	too_close_to_test	1.0	
KATTDVKK	1	2718	too_close_to_test	1.0	
RQSNAAKK	1	7978	too_close_to_test	1.0	
KEITASNK	0	11384	too_close_to_test	1.0	
KEPTGSEK	0	10432	too_close_to_test	1.0	
IETRAVKI	1	2510	too_close_to_test	1.0	
REPTASRK	0	9597	too_close_to_test	1.0	
QNTVAVKS	1	6973	too_close_to_test	1.0	
KGNTASKK	0	10135	too_close_to_test	1.0	
KESRAAVT	1	3649	too_close_to_test	1.0	
HETTATSI	0	10965	too_close_to_test	1.0	
RDSFASKK	0	10645	too_close_to_test	1.0	
KESTASSK	0	10016	too_close_to_test	1.0	
RGTTAAKK	0	11821	too_close_to_test	1.0	
TETTAVKK	1	8327	too_close_to_test	1.0	
RETNSSDL	1	7720	too_close_to_test	1.0	
KGSTAADL	1	4934	too_close_to_test	1.0	
REASASIK	0	13713	too_close_to_test	1.0	
EETQASKL	1	1389	too_close_to_test	1.0	
QESCASKI	0	12923	too_close_to_test	1.0	
EASAAVKK	1	280	too_close_to_test	1.0	
EATTAVKR	1	360	too_close_to_test	1.0	
SDTTAVKL	1	8105	too_close_to_test	1.0	
KESTASKD	0	12616	too_close_to_test	1.0	
EETVAAKK	1	1570	too_close_to_test	1.0	
EESSAANS	1	901	too_close_to_test	1.0	
QESDSSKK	1	6578	too_close_to_test	1.0	
EPSIGVKK	1	1768	too_close_to_test	1.0	
QETAASQK	0	14913	too_close_to_test	1.0	
QETAASVK	0	14914	too_close_to_test	1.0	
EKSRAAKK	1	1705	too_close_to_test	1.0	
EMNIAAKL	1	1740	too_close_to_test	1.0	
AESRGSKL	1	67	too_close_to_test	1.0	
KATTGVKL	1	2721	too_close_to_test	1.0	
KENHAAKK	1	3060	too_close_to_test	1.0	
EQTTATKL	1	1990	too_close_to_test	1.0	
KQPPASKT	1	5340	too_close_to_test	1.0	
KVTTASSN	0	13992	too_close_to_test	1.0	
KENNAVKN	1	3086	too_close_to_test	1.0	
NESVAVKL	1	6316	too_close_to_test	1.0	
KPARGVKK	1	5201	too_close_to_test	1.0	
KDTSASKK	0	8764	too_close_to_test	1.0	
TETAASCK	0	12169	too_close_to_test	1.0	
KEPNASKK	0	13310	too_close_to_test	1.0	
LETTAANK	0	12084	too_close_to_test	1.0	
PVTTSSEK	0	10461	too_close_to_test	1.0	
KETTASGI	0	12450	too_close_to_test	1.0	
KVANAVKK	1	5816	too_close_to_test	1.0	
KEITASKL	0	16484	too_close_to_test	1.0	
KLTNAVKK	1	5133	too_close_to_test	1.0	
KETRDAKK	1	4514	too_close_to_test	1.0	
KVTKATNK	0	8894	too_close_to_test	1.0	
KETTAATK	0	11097	too_close_to_test	1.0	
KVSTASNK	0	15867	too_close_to_test	1.0	
LETSASVK	0	15890	too_close_to_test	1.0	
IETNAADI	0	13268	too_close_to_test	1.0	
RQTSASKK	0	11049	too_close_to_test	1.0	
TETTASSK	0	12172	too_close_to_test	1.0	
IESKASNK	0	11477	too_close_to_test	1.0	
QQTIAAKL	1	7061	too_close_to_test	1.0	
KETGAADL	1	4152	too_close_to_test	1.0	
KETPASKS	0	16526	too_close_to_test	1.0	
KETTRSRK	0	13599	too_close_to_test	1.0	
KGSVAAKK	1	4956	too_close_to_test	1.0	
EESSASDL	1	924	too_close_to_test	1.0	
RESNAVLT	1	7439	too_close_to_test	1.0	
HATDAVKK	1	2174	too_close_to_test	1.0	
KASRAVKL	1	2606	too_close_to_test	1.0	
SESAGVKK	1	8113	too_close_to_test	1.0	
AATIAAKL	1	9	too_close_to_test	1.0	
EATTASKL	0	15498	too_close_to_test	1.0	
RQSWGTKK	1	8014	too_close_to_test	1.0	
KPATGVKK	1	5204	too_close_to_test	1.0	
RQDTASII	0	11449	too_close_to_test	1.0	
PDASASEK	0	11125	too_close_to_test	1.0	
KGTSAEKK	0	12275	too_close_to_test	1.0	
HETSASIK	0	15109	too_close_to_test	1.0	
RESSASTK	0	14976	too_close_to_test	1.0	
GETSASKK	0	10806	too_close_to_test	1.0	
RETTASKQ	0	8632	too_close_to_test	1.0	
GETIAAKL	1	2144	too_close_to_test	1.0	
TETRAVKK	1	8302	too_close_to_test	1.0	
QETTASNT	0	11807	too_close_to_test	1.0	
TESVASKK	0	9462	too_close_to_test	1.0	
RESGAVKK	1	7374	too_close_to_test	1.0	
KETTASDL	1	4691	too_close_to_test	1.0	
RETTASVQ	0	10474	too_close_to_test	1.0	
SETSASVK	0	16897	too_close_to_test	1.0	
KESIAADI	1	3353	too_close_to_test	1.0	
EETAAVDL	1	1168	too_close_to_test	1.0	
KETRAVKK	1	4487	too_close_to_test	1.0	
KETNAAKL	1	4358	too_close_to_test	1.0	
HESTESKK	1	2272	too_close_to_test	1.0	
KESTASNQ	0	12829	too_close_to_test	1.0	
KESTASIK	0	8826	too_close_to_test	1.0	
KATIAAKI	0	13286	too_close_to_test	1.0	
RASIAAKK	1	7129	too_close_to_test	1.0	
KENRASKK	0	13307	too_close_to_test	1.0	
IETAASKK	0	9343	too_close_to_test	1.0	
KGPTASLK	0	14770	too_close_to_test	1.0	
GQTTASKK	0	11995	too_close_to_test	1.0	
SEPIASTK	0	9310	too_close_to_test	1.0	
EQSSASKL	1	1870	too_close_to_test	1.0	
TETSASKK	0	8700	too_close_to_test	1.0	
KQTHAAKK	1	5592	too_close_to_test	1.0	
TETSASKR	0	13764	too_close_to_test	1.0	
KETIASKI	0	13924	too_close_to_test	1.0	
PGTSASKK	0	10513	too_close_to_test	1.0	
KERTGVKR	1	3174	too_close_to_test	1.0	
TETSDVKK	1	8312	too_close_to_test	1.0	
KERTAVKK	1	3171	too_close_to_test	1.0	
KESNASLK	0	10820	too_close_to_test	1.0	
GATIAAKS	0	9253	too_close_to_test	1.0	
TETAASIK	0	11059	too_close_to_test	1.0	
EETTGAKL	1	1555	too_close_to_test	1.0	
QETFAAKL	1	6775	too_close_to_test	1.0	
RESKAVKL	1	7404	too_close_to_test	1.0	
EETRASKL	1	1400	too_close_to_test	1.0	
KESNAVHR	1	3522	too_close_to_test	1.0	
RPTPASKK	0	15000	too_close_to_test	1.0	
KSTVGVKK	1	5784	too_close_to_test	1.0	
KQSWGSKL	1	5481	too_close_to_test	1.0	
RETTAAKS	0	15395	too_close_to_test	1.0	
KLSTAVKK	1	5130	too_close_to_test	1.0	
KEASASTE	0	15152	too_close_to_test	1.0	
LETPASNK	0	13999	too_close_to_test	1.0	
QLSTAAKL	0	10781	too_close_to_test	1.0	
EESRASTL	1	852	too_close_to_test	1.0	
KETNALKK	1	4360	too_close_to_test	1.0	
SATTASIK	0	16237	too_close_to_test	1.0	
KESDASDK	1	3231	too_close_to_test	1.0	
SETVASKL	1	8171	too_close_to_test	1.0	
EETRAAKK	1	1391	too_close_to_test	1.0	
KESIAAKQ	1	3363	too_close_to_test	1.0	
KEPTGSKR	0	11495	too_close_to_test	1.0	
KPTPGVKK	1	5286	too_close_to_test	1.0	
KESTASER	0	16506	too_close_to_test	1.0	
KVTTASNK	0	9426	too_close_to_test	1.0	
KECPASKN	0	13562	too_close_to_test	1.0	
EETSASTL	0	13804	too_close_to_test	1.0	
KETSGTKL	1	4649	too_close_to_test	1.0	
RETSAVKI	1	7759	too_close_to_test	1.0	
KESWGSKS	1	3999	too_close_to_test	1.0	
QQATASIK	0	13439	too_close_to_test	1.0	
KESSASVK	0	10620	too_close_to_test	1.0	
KSTTAAKK	0	14395	too_close_to_test	1.0	
EESRAVKL	1	861	too_close_to_test	1.0	
QETSASMK	0	15349	too_close_to_test	1.0	
RGSAASKK	0	15404	too_close_to_test	1.0	
QESAAAKL	1	6570	too_close_to_test	1.0	
QKSRAAKL	1	6946	too_close_to_test	1.0	
TEPAASKK	0	9959	too_close_to_test	1.0	
QISIAAKK	1	6944	too_close_to_test	1.0	
KESNAVKN	1	3532	too_close_to_test	1.0	
HESRASDL	1	2242	too_close_to_test	1.0	
RQVTASKK	0	12981	too_close_to_test	1.0	
LETSASNK	0	11788	too_close_to_test	1.0	
KENRASEI	0	16486	too_close_to_test	1.0	
KETDSSKK	1	4102	too_close_to_test	1.0	
QETDASKR	0	12925	too_close_to_test	1.0	
IVTKATNK	0	12796	too_close_to_test	1.0	
KATTASKV	0	15630	too_close_to_test	1.0	
RETRGSKL	1	7751	too_close_to_test	1.0	
KETSDAKK	1	4626	too_close_to_test	1.0	
HESTASKK	0	9239	too_close_to_test	1.0	
KDTPASKR	0	15660	too_close_to_test	1.0	
ELTTATKR	1	1733	too_close_to_test	1.0	
IGTAASKK	0	15590	too_close_to_test	1.0	
KETTASNE	0	9570	too_close_to_test	1.0	
KETTAAVL	1	4681	too_close_to_test	1.0	
EQTIAAKK	1	1959	too_close_to_test	1.0	
METIATKL	1	6225	too_close_to_test	1.0	
KEHTGTKL	1	3009	too_close_to_test	1.0	
KGSTASNR	0	16554	too_close_to_test	1.0	
CETPASKK	0	14601	too_close_to_test	1.0	
KASVAAKI	1	2627	too_close_to_test	1.0	
KETTGSRK	0	11655	too_close_to_test	1.0	
NETTASNK	0	9172	too_close_to_test	1.0	
KPTGGVKM	1	5274	too_close_to_test	1.0	
GGSMASKR	0	13261	too_close_to_test	1.0	
QETAAVKK	1	6756	too_close_to_test	1.0	
KETTASKG	0	10544	too_close_to_test	1.0	
KESCASKL	1	3220	too_close_to_test	1.0	
EETAASKR	0	11619	too_close_to_test	1.0	
RETAASKH	0	16174	too_close_to_test	1.0	
HETPASKK	0	10278	too_close_to_test	1.0	
KESFAVTK	1	3303	too_close_to_test	1.0	
QLTTASKK	0	13182	too_close_to_test	1.0	
KESMAVTL	1	3461	too_close_to_test	1.0	
RETAASQK	0	10786	too_close_to_test	1.0	
RQAPDSIK	0	16869	too_close_to_test	1.0	
EESWGSKL	1	1146	too_close_to_test	1.0	
PEATASTK	0	12486	too_close_to_test	1.0	
MQVSAANK	0	10707	too_close_to_test	1.0	
KESWPSKR	1	4023	too_close_to_test	1.0	
RESAAVKS	1	7301	too_close_to_test	1.0	
KEAAASQK	0	13871	too_close_to_test	1.0	
KEFSASKL	1	2977	too_close_to_test	1.0	
KETTAVKI	1	4711	too_close_to_test	1.0	
HETRAADL	1	2342	too_close_to_test	1.0	
KEATASRT	0	13878	too_close_to_test	1.0	
TQTTASKN	0	15042	too_close_to_test	1.0	
RESHAAKL	1	7380	too_close_to_test	1.0	
KESAATKL	1	3198	too_close_to_test	1.0	
KVHAAPSK	0	9334	too_close_to_test	1.0	
KETTAGKL	1	4686	too_close_to_test	1.0	
KDSTASKQ	0	13863	too_close_to_test	1.0	
KDSTAAKL	1	2821	too_close_to_test	1.0	
EESAGSKL	1	602	too_close_to_test	1.0	
RESTDAKL	1	7550	too_close_to_test	1.0	
TESSAADL	1	8249	too_close_to_test	1.0	
QATIASKK	0	12690	too_close_to_test	1.0	
IETNAAKL	1	2504	too_close_to_test	1.0	
EGTTASKK	0	8734	too_close_to_test	1.0	
QETTASIK	0	8768	too_close_to_test	1.0	
KETNASKQ	0	10438	too_close_to_test	1.0	
KDSAASKK	0	16460	too_close_to_test	1.0	
AETVASKI	1	161	too_close_to_test	1.0	
RESFAVKQ	1	7348	too_close_to_test	1.0	
TETTASKQ	0	9401	too_close_to_test	1.0	
RGSTAVKI	1	7872	too_close_to_test	1.0	
RESRASKK	0	16831	too_close_to_test	1.0	
EEHSAAKL	1	502	too_close_to_test	1.0	
KETRAAVK	1	4456	too_close_to_test	1.0	
KEAAASVK	0	15670	too_close_to_test	1.0	
SETVAAKL	1	8170	too_close_to_test	1.0	
KETEATKS	1	4115	too_close_to_test	1.0	
RETTASPK	0	16193	too_close_to_test	1.0	
NELTASKK	0	15929	too_close_to_test	1.0	
QETAAADL	1	6752	too_close_to_test	1.0	
EESTATKL	1	1061	too_close_to_test	1.0	
EESYASKL	1	1159	too_close_to_test	1.0	
PEATASKN	0	12302	too_close_to_test	1.0	
QEATASEK	0	11428	too_close_to_test	1.0	
SVPSAPMQ	0	14185	too_close_to_test	1.0	
LESFAVKK	1	5969	too_close_to_test	1.0	
KETSASKD	0	13931	too_close_to_test	1.0	
KEINAVKK	1	3015	too_close_to_test	1.0	
QLTRAVKK	1	6954	too_close_to_test	1.0	
REPTGSIE	0	8571	too_close_to_test	1.0	
TETTASRE	0	14579	too_close_to_test	1.0	
EQTDAVKE	1	1935	too_close_to_test	1.0	
QESFAVKL	1	6588	too_close_to_test	1.0	
REPAASNK	0	16161	too_close_to_test	1.0	
QETTASKH	0	10720	too_close_to_test	1.0	
KESTGAKR	0	9667	too_close_to_test	1.0	
RETKAADL	1	7683	too_close_to_test	1.0	
KVTAASKR	0	15870	too_close_to_test	1.0	
QETTASSK	0	9915	too_close_to_test	1.0	
KDTKAVKI	1	2882	too_close_to_test	1.0	
RGSTAVDL	1	7871	too_close_to_test	1.0	
KETIASVK	0	12621	too_close_to_test	1.0	
RETRAVKR	1	7742	too_close_to_test	1.0	
IESSAVKL	1	2475	too_close_to_test	1.0	
LDTTASIK	0	14818	too_close_to_test	1.0	
KPTSAVKK	1	5289	too_close_to_test	1.0	
RDTTASSK	0	16141	too_close_to_test	1.0	
KETKAVKL	1	4308	too_close_to_test	1.0	
RETTASNN	0	9918	too_close_to_test	1.0	
NQTTASRK	0	14863	too_close_to_test	1.0	
KGTTRSDQ	0	8780	too_close_to_test	1.0	
KQSAGSKK	1	5362	too_close_to_test	1.0	
DEPTGSIE	0	10885	too_close_to_test	1.0	
QEATASKR	0	14903	too_close_to_test	1.0	
TGTTASKT	0	16298	too_close_to_test	1.0	
KVTSGSKQ	0	16612	too_close_to_test	1.0	
GESSASKL	0	10349	too_close_to_test	1.0	
TETAGSKK	0	13492	too_close_to_test	1.0	
QEHSAVKK	0	14081	too_close_to_test	1.0	
KGPTASYK	0	13611	too_close_to_test	1.0	
KETTAVRK	0	13597	too_close_to_test	1.0	
KETAASTN	0	14744	too_close_to_test	1.0	
HETHAAKL	1	2324	too_close_to_test	1.0	
TESTASKN	0	16279	too_close_to_test	1.0	
NETAASKN	0	15935	too_close_to_test	1.0	
TETSASKE	0	16286	too_close_to_test	1.0	
EPTVGVKK	1	1809	too_close_to_test	1.0	
RETTAAKK	1	7778	too_close_to_test	1.0	
LETAASEI	0	15887	too_close_to_test	1.0	
RLTTASKK	0	10583	too_close_to_test	1.0	
KVTYAAKK	1	5921	too_close_to_test	1.0	
KETDATDL	1	4088	too_close_to_test	1.0	
LESFAVKL	1	5970	too_close_to_test	1.0	
QGNTASKK	0	14104	too_close_to_test	1.0	
RESTAVRK	1	7548	too_close_to_test	1.0	
KEPTASKE	0	11291	too_close_to_test	1.0	
EESMATKK	1	754	too_close_to_test	1.0	
TETTASKL	0	8885	too_close_to_test	1.0	
KETVALKK	1	4792	too_close_to_test	1.0	
KENIAADL	1	3062	too_close_to_test	1.0	
KETTGSKK	0	8480	too_close_to_test	1.0	
RETTASMQ	0	13201	too_close_to_test	1.0	
HEARASKK	0	15554	too_close_to_test	1.0	
VETIASKK	0	13024	too_close_to_test	1.0	
NETTASRL	0	10142	too_close_to_test	1.0	
KVTTASTI	0	16615	too_close_to_test	1.0	
EVTSASKK	0	14631	too_close_to_test	1.0	
KQTDAVVL	1	5558	too_close_to_test	1.0	
EETLAVKL	1	1337	too_close_to_test	1.0	
KETFATKL	1	4142	too_close_to_test	1.0	
RESKAAKL	1	7400	too_close_to_test	1.0	
EETNAAKI	1	1352	too_close_to_test	1.0	
QEAIASTK	0	9561	too_close_to_test	1.0	
KGTSDAKK	1	5011	too_close_to_test	1.0	
IESAAVKK	1	2433	too_close_to_test	1.0	
RETSASAK	0	10943	too_close_to_test	1.0	
QDAAASKK	0	11700	too_close_to_test	1.0	
KEITASQK	0	12433	too_close_to_test	1.0	
KQSSAANL	1	5433	too_close_to_test	1.0	
KEASASLK	0	12431	too_close_to_test	1.0	
IETPASIK	0	16426	too_close_to_test	1.0	
EQTAAVKK	1	1922	too_close_to_test	1.0	
EETTVAKL	1	1567	too_close_to_test	1.0	
KESFGAKL	1	3307	too_close_to_test	1.0	
EESTAVDL	1	1063	too_close_to_test	1.0	
NATTASNK	0	11120	too_close_to_test	1.0	
KESWGSKN	1	3996	too_close_to_test	1.0	
KETTASNQ	0	9306	too_close_to_test	1.0	
EETSAVKQ	1	1458	too_close_to_test	1.0	
KESTATKR	1	3846	too_close_to_test	1.0	
ELSTAVKK	1	1725	too_close_to_test	1.0	
IESTGSKK	0	16422	too_close_to_test	1.0	
ESSVAAKL	1	2035	too_close_to_test	1.0	
PETTASRE	0	13407	too_close_to_test	1.0	
SERTASKK	0	11823	too_close_to_test	1.0	
SQSTAAKL	1	8185	too_close_to_test	1.0	
EESWGVKK	1	1155	too_close_to_test	1.0	
KETSAVKN	1	4597	too_close_to_test	1.0	
IQTDAVKK	1	2549	too_close_to_test	1.0	
KETTDARK	1	4738	too_close_to_test	1.0	
KQTTAVKI	1	5668	too_close_to_test	1.0	
RESFAAKK	1	7324	too_close_to_test	1.0	
QEPTGSIE	0	8579	too_close_to_test	1.0	
KMANAAKK	0	16569	too_close_to_test	1.0	
KSTTEVKL	1	5780	too_close_to_test	1.0	
KESVDAKK	1	3959	too_close_to_test	1.0	
EEGTKSQK	0	11167	too_close_to_test	1.0	
KETIAAEL	1	4206	too_close_to_test	1.0	
KETIAAHL	1	4209	too_close_to_test	1.0	
QASVGAKL	1	6476	too_close_to_test	1.0	
KASRAAKI	1	2601	too_close_to_test	1.0	
KETTASDI	0	11507	too_close_to_test	1.0	
RPSSAPKK	0	9615	too_close_to_test	1.0	
TETTASMK	0	14578	too_close_to_test	1.0	
KTSAAAKI	1	5790	too_close_to_test	1.0	
QETNSTKK	1	6843	too_close_to_test	1.0	
EQATAVKK	1	1813	too_close_to_test	1.0	
QETTASKK	0	8467	too_close_to_test	1.0	
PETLASKK	0	14873	too_close_to_test	1.0	
LESSAVKR	1	6023	too_close_to_test	1.0	
RETTASIK	0	8659	too_close_to_test	1.0	
KESTGANK	0	9642	too_close_to_test	1.0	
KGSRASKI	1	4928	too_close_to_test	1.0	
EETTAVKR	1	1531	too_close_to_test	1.0	
IETTASRI	0	13273	too_close_to_test	1.0	
KQSTATDL	1	5455	too_close_to_test	1.0	
QATTASTK	0	14072	too_close_to_test	1.0	
RETTASQI	0	13203	too_close_to_test	1.0	
VQSTAAKL	1	8425	too_close_to_test	1.0	
RPTSASIK	1	7951	too_close_to_test	1.0	
KERHASKL	1	3146	too_close_to_test	1.0	
KGTTASTI	0	13958	too_close_to_test	1.0	
RESNAVKM	1	7433	too_close_to_test	1.0	
EESNGVKK	1	824	too_close_to_test	1.0	
KDSVAADL	1	2836	too_close_to_test	1.0	
KQTSASLK	0	15838	too_close_to_test	1.0	
EDTTGSKK	0	14619	too_close_to_test	1.0	
EETTAVNK	1	1535	too_close_to_test	1.0	
KETVAATK	1	4787	too_close_to_test	1.0	
KLTVAAKL	1	5157	too_close_to_test	1.0	
QEASRSMQ	0	12497	too_close_to_test	1.0	
HESWGSKQ	1	2300	too_close_to_test	1.0	
EASVGAKL	1	318	too_close_to_test	1.0	
KGTMAVKL	1	4988	too_close_to_test	1.0	
YETTASKR	0	13029	too_close_to_test	1.0	
RDTTASKL	0	13189	too_close_to_test	1.0	
KQSTASVK	0	14383	too_close_to_test	1.0	
EGTIAAKL	1	1655	too_close_to_test	1.0	
NATTASKL	0	16654	too_close_to_test	1.0	
KQASASRK	0	14792	too_close_to_test	1.0	
KRTAASKQ	0	9537	too_close_to_test	1.0	
KESGAVKI	1	3320	too_close_to_test	1.0	
QQTHAAKL	1	7059	too_close_to_test	1.0	
KPTAAVDL	1	5248	too_close_to_test	1.0	
EATPGSKK	0	13790	too_close_to_test	1.0	
RETIASGK	0	13723	too_close_to_test	1.0	
RESTGAKK	1	7556	too_close_to_test	1.0	
REGPSSKT	0	16152	too_close_to_test	1.0	
HQATASKK	0	14280	too_close_to_test	1.0	
KETNSSKM	1	4417	too_close_to_test	1.0	
KVTPGSKK	0	10700	too_close_to_test	1.0	
KESRAANL	1	3639	too_close_to_test	1.0	
QETNAVKL	1	6837	too_close_to_test	1.0	
KATSDVKK	1	2707	too_close_to_test	1.0	
EDSVAAKM	1	422	too_close_to_test	1.0	
EETIAADK	1	1242	too_close_to_test	1.0	
HQTDAAKK	1	2399	too_close_to_test	1.0	
KESTATKK	1	3843	too_close_to_test	1.0	
LDAIGSKL	0	15255	too_close_to_test	1.0	
LQTDAADL	1	6171	too_close_to_test	1.0	
RETTASKT	0	8644	too_close_to_test	1.0	
KGTSAPKK	0	16556	too_close_to_test	1.0	
PETRGSKI	0	12489	too_close_to_test	1.0	
RVARASEK	0	16225	too_close_to_test	1.0	
KETSPSKK	0	15205	too_close_to_test	1.0	
KEKHAAKL	1	3029	too_close_to_test	1.0	
EESIAAKV	1	692	too_close_to_test	1.0	
KEPAASRK	0	11185	too_close_to_test	1.0	
KETSASTQ	0	15757	too_close_to_test	1.0	
QETISSKK	1	6810	too_close_to_test	1.0	
KVTEASKL	1	5876	too_close_to_test	1.0	
KVTTASTQ	0	13993	too_close_to_test	1.0	
EETTASEE	0	16372	too_close_to_test	1.0	
KEAAASIK	0	12815	too_close_to_test	1.0	
QGSRPAKQ	0	8551	too_close_to_test	1.0	
HESWGSNK	1	2305	too_close_to_test	1.0	
KGASAVKK	1	4883	too_close_to_test	1.0	
KDTTASEN	0	12812	too_close_to_test	1.0	
KETMAVKS	1	4352	too_close_to_test	1.0	
KEPTASQK	0	8671	too_close_to_test	1.0	
APTTAVKK	1	173	too_close_to_test	1.0	
EESIASRK	1	705	too_close_to_test	1.0	
KESTGARK	0	10902	too_close_to_test	1.0	
IATTASRK	0	15570	too_close_to_test	1.0	
PETGASKK	0	10638	too_close_to_test	1.0	
KDTAAADL	1	2852	too_close_to_test	1.0	
LATVAAKL	1	5940	too_close_to_test	1.0	
KSTTASKK	0	10184	too_close_to_test	1.0	
TGTTASKN	0	13500	too_close_to_test	1.0	
EESKASKL	1	730	too_close_to_test	1.0	
PAATASQK	0	10456	too_close_to_test	1.0	
RQTTAVKL	1	8050	too_close_to_test	1.0	
EESKFAKL	1	736	too_close_to_test	1.0	
PGSMASKR	0	9758	too_close_to_test	1.0	
SESSASDL	1	8127	too_close_to_test	1.0	
HEAIASKK	0	10422	too_close_to_test	1.0	
METTAVKK	1	6236	too_close_to_test	1.0	
TETNAADI	0	11729	too_close_to_test	1.0	
RESRAVKL	1	7474	too_close_to_test	1.0	
KETTASKI	0	8755	too_close_to_test	1.0	
KENTASRK	0	11492	too_close_to_test	1.0	
RASSAVKK	1	7138	too_close_to_test	1.0	
KETSASEI	0	12627	too_close_to_test	1.0	
RGTVAADL	1	7894	too_close_to_test	1.0	
EQKTASKQ	0	11171	too_close_to_test	1.0	
EESSAVHK	1	964	too_close_to_test	1.0	
DVTTASKK	0	12750	too_close_to_test	1.0	
EQSIAAKK	1	1834	too_close_to_test	1.0	
KESNDSKL	1	3570	too_close_to_test	1.0	
TEARASKT	0	13217	too_close_to_test	1.0	
NTTAASKK	0	13146	too_close_to_test	1.0	
QETSASSK	0	12929	too_close_to_test	1.0	
PETTASIK	0	9045	too_close_to_test	1.0	
TDTTASKL	0	14567	too_close_to_test	1.0	
IESTASIK	0	10895	too_close_to_test	1.0	
KQTTASQK	0	11672	too_close_to_test	1.0	
PGTPASKK	0	10639	too_close_to_test	1.0	
RESTASIE	0	16172	too_close_to_test	1.0	
KESKFAKK	1	3425	too_close_to_test	1.0	
QESIASKM	1	6612	too_close_to_test	1.0	
RESTGADL	1	7555	too_close_to_test	1.0	
DESAASKK	0	14605	too_close_to_test	1.0	
KVTAAVKL	1	5875	too_close_to_test	1.0	
RESAAADL	1	7290	too_close_to_test	1.0	
KETHATKR	1	4180	too_close_to_test	1.0	
QESKAVKK	1	6625	too_close_to_test	1.0	
HETIAAKL	1	2329	too_close_to_test	1.0	
KETYASKL	1	4860	too_close_to_test	1.0	
KQSADSKL	1	5358	too_close_to_test	1.0	
EESFAAKI	1	640	too_close_to_test	1.0	
KEPIASIK	0	14718	too_close_to_test	1.0	
KEATAVKL	1	2962	too_close_to_test	1.0	
EESIAANL	1	694	too_close_to_test	1.0	
LETTAVKL	1	6115	too_close_to_test	1.0	
PATTGSKK	0	12895	too_close_to_test	1.0	
RDATASIK	0	14508	too_close_to_test	1.0	
KEKTASKK	0	9848	too_close_to_test	1.0	
HESFAADL	1	2213	too_close_to_test	1.0	
YQTTGSKK	0	9923	too_close_to_test	1.0	
KESTDAKL	1	3868	too_close_to_test	1.0	
LESRASDL	1	6005	too_close_to_test	1.0	
KVSHAADL	1	5845	too_close_to_test	1.0	
EATNASKL	1	349	too_close_to_test	1.0	
KETNSSKP	1	4418	too_close_to_test	1.0	
EETTASTK	0	9741	too_close_to_test	1.0	
NETTASNQ	0	16674	too_close_to_test	1.0	
KETIASKT	0	10437	too_close_to_test	1.0	
KETTAAKK	1	4668	too_close_to_test	1.0	
KDSIAVKK	1	2793	too_close_to_test	1.0	
KESPGAKK	1	3612	too_close_to_test	1.0	
NATIAAKS	0	8665	too_close_to_test	1.0	
HETSASKL	0	11999	too_close_to_test	1.0	
DESNAAKL	1	217	too_close_to_test	1.0	
PETTASKR	0	9054	too_close_to_test	1.0	
KLTSAVKK	1	5142	too_close_to_test	1.0	
RETTASEE	0	11154	too_close_to_test	1.0	
KATSASKS	0	16450	too_close_to_test	1.0	
LETSGSKL	1	6104	too_close_to_test	1.0	
KETVASKE	0	10627	too_close_to_test	1.0	
KQTDAVKC	1	5530	too_close_to_test	1.0	
KESRASKT	0	15723	too_close_to_test	1.0	
RDSMAAKL	1	7191	too_close_to_test	1.0	
SESTAAKL	0	10207	too_close_to_test	1.0	
QERTGSKK	0	15329	too_close_to_test	1.0	
REPTASKT	0	14134	too_close_to_test	1.0	
EETLAAKK	1	1327	too_close_to_test	1.0	
EETSAAKL	1	1441	too_close_to_test	1.0	
KEKTASKD	0	8735	too_close_to_test	1.0	
EESSAVKR	1	973	too_close_to_test	1.0	
KGSIAADL	1	4909	too_close_to_test	1.0	
KETRESKI	1	4523	too_close_to_test	1.0	
KDTTAVKM	1	2917	too_close_to_test	1.0	
KEPTGSKT	0	12822	too_close_to_test	1.0	
SETTAAKL	0	10304	too_close_to_test	1.0	
REHSGAKL	1	7250	too_close_to_test	1.0	
KVNTASHK	0	14808	too_close_to_test	1.0	
LETEASKK	0	11214	too_close_to_test	1.0	
LETPASKK	0	10401	too_close_to_test	1.0	
EASTAVKK	1	310	too_close_to_test	1.0	
KVSIAAKK	1	5850	too_close_to_test	1.0	
KGSTAVKS	1	4946	too_close_to_test	1.0	
KESTGAQK	0	11767	too_close_to_test	1.0	
KQTAASKK	0	8915	too_close_to_test	1.0	
KETRAPKL	1	4464	too_close_to_test	1.0	
KETTAEKL	1	4685	too_close_to_test	1.0	
WATIAAKS	0	13026	too_close_to_test	1.0	
KETSASKK	0	8501	too_close_to_test	1.0	
EDSWGSKK	1	437	too_close_to_test	1.0	
EQSSAADL	1	1856	too_close_to_test	1.0	
RETTAANK	0	8500	too_close_to_test	1.0	
EESTAVKV	1	1070	too_close_to_test	1.0	
KETVAAKI	1	4778	too_close_to_test	1.0	
RESSGTKK	1	7515	too_close_to_test	1.0	
RSTTEVKR	1	8076	too_close_to_test	1.0	
EETIAAIL	1	1251	too_close_to_test	1.0	
LETTASKS	0	11908	too_close_to_test	1.0	
LESRAADL	1	5999	too_close_to_test	1.0	
KETPASEE	0	16525	too_close_to_test	1.0	
TGSMASKR	0	9186	too_close_to_test	1.0	
QESIASVT	1	6614	too_close_to_test	1.0	
PETTASTK	0	9202	too_close_to_test	1.0	
KGATASIK	0	11102	too_close_to_test	1.0	
RETTASII	0	16192	too_close_to_test	1.0	
YETTAAKL	0	12558	too_close_to_test	1.0	
EESTATKR	1	1062	too_close_to_test	1.0	
EESNGAKK	1	820	too_close_to_test	1.0	
LETTAVKK	1	6114	too_close_to_test	1.0	
KQTDAANL	1	5503	too_close_to_test	1.0	
KQSTAVKM	1	5462	too_close_to_test	1.0	
EESNVVKK	1	831	too_close_to_test	1.0	
KGTTAVKK	1	5021	too_close_to_test	1.0	
KETTAADL	1	4662	too_close_to_test	1.0	
TAAVGSKL	0	15018	too_close_to_test	1.0	
AESWGSKK	1	90	too_close_to_test	1.0	
GEATASEQ	1	2119	too_close_to_test	1.0	
QESTASKR	0	9792	too_close_to_test	1.0	
METVASKL	1	6239	too_close_to_test	1.0	
EENPATKL	1	535	too_close_to_test	1.0	
TETAASRK	0	12548	too_close_to_test	1.0	
LETTASMK	0	16630	too_close_to_test	1.0	
KETGASTK	0	13918	too_close_to_test	1.0	
EATIAVKK	1	342	too_close_to_test	1.0	
KESTEAKK	1	3874	too_close_to_test	1.0	
ENSTAAKL	1	1748	too_close_to_test	1.0	
EVTTASKQ	0	13256	too_close_to_test	1.0	
VETTAVKM	1	8420	too_close_to_test	1.0	
KDSTAAKR	1	2822	too_close_to_test	1.0	
EESWGSKI	1	1144	too_close_to_test	1.0	
HESSASKS	1	2254	too_close_to_test	1.0	
KENNAVKM	1	3085	too_close_to_test	1.0	
RQRAGSKQ	0	13467	too_close_to_test	1.0	
KPALAVKL	1	5199	too_close_to_test	1.0	
KESRSAKL	1	3707	too_close_to_test	1.0	
KETLASKK	0	8630	too_close_to_test	1.0	
NESIASRL	0	11413	too_close_to_test	1.0	
KLTTGVKL	1	5156	too_close_to_test	1.0	
HESSATKK	1	2256	too_close_to_test	1.0	
EEKTASKK	0	11984	too_close_to_test	1.0	
KESQASKL	1	3618	too_close_to_test	1.0	
PESTASNK	0	11227	too_close_to_test	1.0	
RGTTGSKK	0	14539	too_close_to_test	1.0	
EQSSAATK	1	1865	too_close_to_test	1.0	
RATVAAKK	1	7165	too_close_to_test	1.0	
NENSGAKK	0	9886	too_close_to_test	1.0	
YETPASKK	0	11974	too_close_to_test	1.0	
KETTAARK	0	11199	too_close_to_test	1.0	
EESTAAKS	1	1030	too_close_to_test	1.0	
QDTSASNK	0	14078	too_close_to_test	1.0	
RDTTASEK	0	13711	too_close_to_test	1.0	
IETIAAKK	1	2498	too_close_to_test	1.0	
EESIASKK	1	700	too_close_to_test	1.0	
KATTASNN	0	15631	too_close_to_test	1.0	
RESRAVDL	1	7471	too_close_to_test	1.0	
RATTASKK	0	8727	too_close_to_test	1.0	
KESSAADL	1	3714	too_close_to_test	1.0	
RETTASES	0	11947	too_close_to_test	1.0	
KEAPASKR	0	13301	too_close_to_test	1.0	
RNTVAAKK	1	7925	too_close_to_test	1.0	
KETVASQL	1	4812	too_close_to_test	1.0	
KEGWGSKR	1	2987	too_close_to_test	1.0	
GQTDAVKL	1	2167	too_close_to_test	1.0	
QEHSASKL	1	6544	too_close_to_test	1.0	
KQPPASKK	0	15233	too_close_to_test	1.0	
EPTTAVKL	1	1806	too_close_to_test	1.0	
KESGATKK	1	3319	too_close_to_test	1.0	
HETDASKK	0	12779	too_close_to_test	1.0	
TETIASKK	0	9844	too_close_to_test	1.0	
KEPSGSKK	0	12610	too_close_to_test	1.0	
TETAASIE	0	13491	too_close_to_test	1.0	
NGSTASKK	0	10769	too_close_to_test	1.0	
KQRFAAKL	1	5345	too_close_to_test	1.0	
HETAASNS	0	12573	too_close_to_test	1.0	
RETAASKR	0	9697	too_close_to_test	1.0	
KQSRAADL	1	5413	too_close_to_test	1.0	
KHTAASKT	0	9051	too_close_to_test	1.0	
PKTTASNK	0	16010	too_close_to_test	1.0	
KETTASKK	0	8468	too_close_to_test	1.0	
RETTGAKI	0	9866	too_close_to_test	1.0	
NGPTASKK	0	12888	too_close_to_test	1.0	
KESFAVDL	1	3288	too_close_to_test	1.0	
GESSAADL	1	2132	too_close_to_test	1.0	
VETNASKL	1	8412	too_close_to_test	1.0	
SETTAVKI	1	8166	too_close_to_test	1.0	
KEASASKQ	0	13302	too_close_to_test	1.0	
KLSDAVKK	1	5126	too_close_to_test	1.0	
TVPSAPMQ	0	12742	too_close_to_test	1.0	
KETAGSKN	0	12834	too_close_to_test	1.0	
RETIASNK	0	13724	too_close_to_test	1.0	
QETTGSKT	0	15355	too_close_to_test	1.0	
KETSAVNK	1	4606	too_close_to_test	1.0	
EESAAAKI	1	577	too_close_to_test	1.0	
KETTGSNL	1	4758	too_close_to_test	1.0	
KDNNAVKK	1	2762	too_close_to_test	1.0	
PETRASKK	0	9945	too_close_to_test	1.0	
NETTASTE	0	14445	too_close_to_test	1.0	
PDRPSSSK	0	15977	too_close_to_test	1.0	
QESWGSKI	1	6744	too_close_to_test	1.0	
QETRAVKI	1	6853	too_close_to_test	1.0	
EESSASAE	1	920	too_close_to_test	1.0	
KETTGSKL	0	16542	too_close_to_test	1.0	
KETAAAKL	1	4033	too_close_to_test	1.0	
KETNESKR	1	4389	too_close_to_test	1.0	
MDSKAVKK	0	10256	too_close_to_test	1.0	
QDTTASKR	0	11701	too_close_to_test	1.0	
TETAASTK	0	11831	too_close_to_test	1.0	
HESTAAKQ	0	14645	too_close_to_test	1.0	
AETKASKK	1	116	too_close_to_test	1.0	
KQTAASNK	0	12655	too_close_to_test	1.0	
GQAPGSKD	0	16393	too_close_to_test	1.0	
QVNRARIE	0	12947	too_close_to_test	1.0	
RESAASIK	0	16167	too_close_to_test	1.0	
HENAASKH	0	10890	too_close_to_test	1.0	
RGTTGSIK	0	14158	too_close_to_test	1.0	
PETVASKK	0	9972	too_close_to_test	1.0	
KGTSASKL	0	12276	too_close_to_test	1.0	
LESTASKR	0	10400	too_close_to_test	1.0	
EASNAVKK	1	292	too_close_to_test	1.0	
EETYAAKL	1	1605	too_close_to_test	1.0	
KENRASKN	0	10538	too_close_to_test	1.0	
PDTAASKK	0	13401	too_close_to_test	1.0	
KESTAARI	0	16505	too_close_to_test	1.0	
KESTAEKL	1	3828	too_close_to_test	1.0	
QVSNAVKK	1	7111	too_close_to_test	1.0	
LENNAVKK	1	5951	too_close_to_test	1.0	
KQTNAAKL	1	5630	too_close_to_test	1.0	
QESTASKT	0	10853	too_close_to_test	1.0	
KELPASTK	0	12434	too_close_to_test	1.0	
KESGAVKK	1	3321	too_close_to_test	1.0	
EVTSAVKK	1	2098	too_close_to_test	1.0	
KETEAAKL	1	4105	too_close_to_test	1.0	
KQTYAVKL	1	5702	too_close_to_test	1.0	
KEGSDSKK	0	12028	too_close_to_test	1.0	
KESVAAKS	1	3924	too_close_to_test	1.0	
KESVAASI	1	3930	too_close_to_test	1.0	
DQTDAVKK	1	265	too_close_to_test	1.0	
LETRAAKL	1	6083	too_close_to_test	1.0	
PETAASTK	0	10066	too_close_to_test	1.0	
SETGASKK	0	14564	too_close_to_test	1.0	
RETMAVKI	1	7705	too_close_to_test	1.0	
NVTPASNK	0	9889	too_close_to_test	1.0	
KQSTVVKK	1	5467	too_close_to_test	1.0	
EGTVAAKL	1	1681	too_close_to_test	1.0	
EESFASKL	1	645	too_close_to_test	1.0	
PVTTASIK	0	13415	too_close_to_test	1.0	
KDSTASIK	0	14311	too_close_to_test	1.0	
LESNAAKI	1	5988	too_close_to_test	1.0	
SGTSAEYI	0	15014	too_close_to_test	1.0	
PEIPASMR	0	8554	too_close_to_test	1.0	
KETTAAKE	0	11096	too_close_to_test	1.0	
RGTGASKK	0	16861	too_close_to_test	1.0	
EDSNAVKL	1	401	too_close_to_test	1.0	
KETSATKL	1	4574	too_close_to_test	1.0	
KDTLASKK	0	14695	too_close_to_test	1.0	
EESDAADL	1	608	too_close_to_test	1.0	
EQSIASKL	1	1837	too_close_to_test	1.0	
KEPGGSKK	0	16489	too_close_to_test	1.0	
EETHESKR	1	1237	too_close_to_test	1.0	
TEPTASKQ	0	16274	too_close_to_test	1.0	
KETTGSTK	0	9988	too_close_to_test	1.0	
KKSFAVKK	1	5067	too_close_to_test	1.0	
KEPAASQK	0	16488	too_close_to_test	1.0	
RETAAAKL	1	7600	too_close_to_test	1.0	
RGTTRSDQ	0	9290	too_close_to_test	1.0	
QKNSGSKR	0	12132	too_close_to_test	1.0	
RETAAVKL	1	7611	too_close_to_test	1.0	
HHTAASKT	0	15563	too_close_to_test	1.0	
KETEASKQ	0	16513	too_close_to_test	1.0	
QQTNAVKK	1	7065	too_close_to_test	1.0	
EETFAAKI	1	1211	too_close_to_test	1.0	
VESSASDL	1	8398	too_close_to_test	1.0	
QETTATSI	0	8916	too_close_to_test	1.0	
QATTASKL	0	11554	too_close_to_test	1.0	
EDAIGSKL	0	13792	too_close_to_test	1.0	
TGTSAEYK	0	8832	too_close_to_test	1.0	
RETSASQR	0	15394	too_close_to_test	1.0	
KETTDVKL	1	4745	too_close_to_test	1.0	
MESAASKK	0	13656	too_close_to_test	1.0	
ESTHAAKL	1	2037	too_close_to_test	1.0	
RDASASEK	0	9595	too_close_to_test	1.0	
REPTASKI	0	12347	too_close_to_test	1.0	
IVTTASKQ	0	13279	too_close_to_test	1.0	
KETEAAKK	1	4104	too_close_to_test	1.0	
KESSASKR	1	3740	too_close_to_test	1.0	
KEAAASTK	0	12600	too_close_to_test	1.0	
KETIATKL	1	4251	too_close_to_test	1.0	
KKPIASKK	0	10763	too_close_to_test	1.0	
LETSAAEK	0	10766	too_close_to_test	1.0	
KGTIAVKK	1	4978	too_close_to_test	1.0	
RSTIAAKL	1	8073	too_close_to_test	1.0	
DGTSAEYK	0	13518	too_close_to_test	1.0	
KETRSVKK	1	4542	too_close_to_test	1.0	
AETTASRK	0	10800	too_close_to_test	1.0	
KVSNAVKR	1	5856	too_close_to_test	1.0	
PETTASRK	0	8893	too_close_to_test	1.0	
KENSASIK	0	15699	too_close_to_test	1.0	
QEPTASLK	0	16751	too_close_to_test	1.0	
KSSRAAKM	1	5734	too_close_to_test	1.0	
LAATASKK	0	11903	too_close_to_test	1.0	
EATRAAKL	1	353	too_close_to_test	1.0	
AQSSAAKL	1	177	too_close_to_test	1.0	
KEATASYK	0	10978	too_close_to_test	1.0	
AETRAVKK	1	129	too_close_to_test	1.0	
KDTAASEK	0	13076	too_close_to_test	1.0	
PNSSASKK	0	12312	too_close_to_test	1.0	
LESVAADL	1	6040	too_close_to_test	1.0	
RDTTGSKK	0	10577	too_close_to_test	1.0	
KVPSASKK	0	11676	too_close_to_test	1.0	
LQACASKK	0	11216	too_close_to_test	1.0	
RQACASKK	0	12725	too_close_to_test	1.0	
KDTDASRK	1	2858	too_close_to_test	1.0	
RDTMAEKT	0	16816	too_close_to_test	1.0	
LEATASIK	0	12667	too_close_to_test	1.0	
KETSAVNL	1	4607	too_close_to_test	1.0	
RETTASLE	0	12969	too_close_to_test	1.0	
DETNASKK	0	15071	too_close_to_test	1.0	
REPTASVK	0	16164	too_close_to_test	1.0	
RESIASDL	1	7390	too_close_to_test	1.0	
KQTHAVKK	1	5596	too_close_to_test	1.0	
KATTASSK	0	10684	too_close_to_test	1.0	
KQTDAAKI	1	5496	too_close_to_test	1.0	
KETVAAVK	1	4789	too_close_to_test	1.0	
RETSAAKI	1	7755	too_close_to_test	1.0	
KQSNAAKK	1	5403	too_close_to_test	1.0	
EQTTAAKL	1	1985	too_close_to_test	1.0	
EESNAVDK	1	785	too_close_to_test	1.0	
KESAGAKK	1	3208	too_close_to_test	1.0	
KASKASKL	1	2590	too_close_to_test	1.0	
KGTSASVK	0	15219	too_close_to_test	1.0	
YESTAAKL	0	13781	too_close_to_test	1.0	
EESIAAKS	1	691	too_close_to_test	1.0	
KGTAASRK	0	11519	too_close_to_test	1.0	
KESTGSKK	1	3894	too_close_to_test	1.0	
LETTASLK	0	11001	too_close_to_test	1.0	
MESNAVKL	1	6208	too_close_to_test	1.0	
KQTTAAKK	0	10363	too_close_to_test	1.0	
KETAASIA	0	12253	too_close_to_test	1.0	
RESNAVTL	1	7445	too_close_to_test	1.0	
SQTTAAKK	0	15017	too_close_to_test	1.0	
KGNGASIK	0	11204	too_close_to_test	1.0	
KAATAAKL	1	2560	too_close_to_test	1.0	
PETSASKL	0	12901	too_close_to_test	1.0	
KASTGVKK	1	2623	too_close_to_test	1.0	
KPTGGVKK	1	5272	too_close_to_test	1.0	
RQTVAAKL	1	8056	too_close_to_test	1.0	
WETSASNK	0	16337	too_close_to_test	1.0	
RESTAVKN	1	7544	too_close_to_test	1.0	
EETNATKK	1	1357	too_close_to_test	1.0	
KESAAIKK	1	3190	too_close_to_test	1.0	
KETIASQK	0	13580	too_close_to_test	1.0	
KGTSASEK	0	11306	too_close_to_test	1.0	
KEGTASKK	0	9510	too_close_to_test	1.0	
LETSAADL	1	6090	too_close_to_test	1.0	
RESTASKL	1	7534	too_close_to_test	1.0	
RHTTASKK	0	14541	too_close_to_test	1.0	
EESSASKM	1	934	too_close_to_test	1.0	
RETPAVKL	1	7728	too_close_to_test	1.0	
RATVAAKL	1	7166	too_close_to_test	1.0	
EDTVGSKK	1	477	too_close_to_test	1.0	
KVTTASKV	0	11000	too_close_to_test	1.0	
KETGASKK	0	8600	too_close_to_test	1.0	
NEGTASKK	0	12673	too_close_to_test	1.0	
IQSSAAKL	1	2543	too_close_to_test	1.0	
KATPATKK	0	9747	too_close_to_test	1.0	
ELNTGVKK	1	1722	too_close_to_test	1.0	
QDATASKI	0	16739	too_close_to_test	1.0	
KGPTASKN	0	14368	too_close_to_test	1.0	
EQTDAVTK	1	1949	too_close_to_test	1.0	
IGSTASKI	0	15589	too_close_to_test	1.0	
KETTASKM	0	8679	too_close_to_test	1.0	
EVSIAAKL	1	2073	too_close_to_test	1.0	
RDSVAVKL	1	7206	too_close_to_test	1.0	
RDTTATNK	0	14513	too_close_to_test	1.0	
RETPASTK	0	10652	too_close_to_test	1.0	
EASTASKK	0	11466	too_close_to_test	1.0	
PEPTASNK	0	10064	too_close_to_test	1.0	
KETEATKK	1	4112	too_close_to_test	1.0	
NPTTASLK	0	14038	too_close_to_test	1.0	
EETKASKL	1	1317	too_close_to_test	1.0	
QQTDAVKK	1	7054	too_close_to_test	1.0	
KRTRAVKL	1	5713	too_close_to_test	1.0	
KGTAAAKL	1	4962	too_close_to_test	1.0	
KPTGGSKL	1	5268	too_close_to_test	1.0	
KETVASKL	1	4803	too_close_to_test	1.0	
KESRAVKI	1	3667	too_close_to_test	1.0	
PETTASNN	0	15304	too_close_to_test	1.0	
KVTTASLK	0	13126	too_close_to_test	1.0	
KPATASQK	1	5203	too_close_to_test	1.0	
KETFSAKL	1	4150	too_close_to_test	1.0	
PKTTASKK	0	11929	too_close_to_test	1.0	
EHSVAAKK	1	1694	too_close_to_test	1.0	
RQTTAADL	1	8046	too_close_to_test	1.0	
KESTVVKL	1	3917	too_close_to_test	1.0	
GETTAAKL	0	10807	too_close_to_test	1.0	
QEPTGSNK	0	14908	too_close_to_test	1.0	
RESSASVL	1	7497	too_close_to_test	1.0	
KATTASYK	0	10317	too_close_to_test	1.0	
KETIASNK	0	10391	too_close_to_test	1.0	
EESSAVKI	1	966	too_close_to_test	1.0	
HASWGSKK	1	2172	too_close_to_test	1.0	
KETAAVRR	1	4059	too_close_to_test	1.0	
TESSAVKI	1	8253	too_close_to_test	1.0	
KEPTASKQ	0	10244	too_close_to_test	1.0	
WESSASKL	0	11606	too_close_to_test	1.0	
KPTNASKK	0	12065	too_close_to_test	1.0	
SGTSAEYK	0	8466	too_close_to_test	1.0	
RETAATKL	1	7607	too_close_to_test	1.0	
NDASASKK	0	16655	too_close_to_test	1.0	
KQTDAVKR	1	5539	too_close_to_test	1.0	
RETTASNT	0	9978	too_close_to_test	1.0	
KESTAAKL	1	3816	too_close_to_test	1.0	
MESTGAKL	0	9200	too_close_to_test	1.0	
PDAIGSKL	0	12102	too_close_to_test	1.0	
QQSAASKL	1	7014	too_close_to_test	1.0	
QETTGSKN	0	12933	too_close_to_test	1.0	
QTTSAVKK	1	7098	too_close_to_test	1.0	
EETIAAKR	1	1260	too_close_to_test	1.0	
QVTTASVI	0	13448	too_close_to_test	1.0	
DETRAVKI	1	249	too_close_to_test	1.0	
QESGASKL	1	6592	too_close_to_test	1.0	
KESNEVKL	1	3576	too_close_to_test	1.0	
EENSGAKK	0	10310	too_close_to_test	1.0	
KESWGVKR	1	4020	too_close_to_test	1.0	
QESAASKN	0	15330	too_close_to_test	1.0	
KESTAVRK	1	3862	too_close_to_test	1.0	
GETTASKK	0	8566	too_close_to_test	1.0	
IESIASRL	0	13058	too_close_to_test	1.0	
EESRSSKL	1	881	too_close_to_test	1.0	
KASTASKE	0	14678	too_close_to_test	1.0	
EETDATKL	1	1195	too_close_to_test	1.0	
KVTVAAKK	1	5916	too_close_to_test	1.0	
SASTAVKK	1	8099	too_close_to_test	1.0	
EESNGAKL	1	821	too_close_to_test	1.0	
PVSSASKK	0	11698	too_close_to_test	1.0	
KETDATKI	1	4089	too_close_to_test	1.0	
KGTTATGK	0	9424	too_close_to_test	1.0	
KKTNGVKK	1	5099	too_close_to_test	1.0	
KECSASRK	1	2970	too_close_to_test	1.0	
NESRASKL	1	6294	too_close_to_test	1.0	
EESSAVKQ	1	972	too_close_to_test	1.0	
QERTASIK	0	16753	too_close_to_test	1.0	
KDATASKT	0	13073	too_close_to_test	1.0	
VEPTASKK	0	11165	too_close_to_test	1.0	
KQRAGSKK	0	13971	too_close_to_test	1.0	
EETTAAKK	1	1494	too_close_to_test	1.0	
DDSVAAKI	1	207	too_close_to_test	1.0	
EQTVATKK	1	2008	too_close_to_test	1.0	
RGTTASKL	0	11343	too_close_to_test	1.0	
KESWGSYK	1	4011	too_close_to_test	1.0	
KRTTASYH	0	9574	too_close_to_test	1.0	
KETAASTK	0	9275	too_close_to_test	1.0	
CETTAVKK	1	198	too_close_to_test	1.0	
SETTASIE	0	16248	too_close_to_test	1.0	
RPSRAVKR	1	7937	too_close_to_test	1.0	
RETRESKL	1	7747	too_close_to_test	1.0	
NDRSASYN	0	12296	too_close_to_test	1.0	
VEPIASTK	0	13231	too_close_to_test	1.0	
HGSTAVKL	1	2380	too_close_to_test	1.0	
KEVNASKL	1	4871	too_close_to_test	1.0	
HETTASIK	0	10131	too_close_to_test	1.0	
RETTALKL	1	7785	too_close_to_test	1.0	
KQSAVVVK	1	5375	too_close_to_test	1.0	
MESTAAKL	0	10556	too_close_to_test	1.0	
HETRAVKI	1	2347	too_close_to_test	1.0	
KDTSAPTK	1	2901	too_close_to_test	1.0	
EETVAVKI	1	1589	too_close_to_test	1.0	
KGTTASQK	0	9940	too_close_to_test	1.0	
RETNGSKK	0	13726	too_close_to_test	1.0	
KETTAAEL	1	4663	too_close_to_test	1.0	
KRTTAVKL	1	5715	too_close_to_test	1.0	
NETIAAKI	1	6336	too_close_to_test	1.0	
EESTASVL	1	1057	too_close_to_test	1.0	
EQSTAAKL	1	1881	too_close_to_test	1.0	
KEGTASNK	0	14328	too_close_to_test	1.0	
KETSASKG	0	12836	too_close_to_test	1.0	
KDTTASKQ	0	9774	too_close_to_test	1.0	
ETTTAAKL	1	2062	too_close_to_test	1.0	
QAPTGSTN	0	16724	too_close_to_test	1.0	
KQPDAVKK	1	5338	too_close_to_test	1.0	
EQSTAAKR	1	1884	too_close_to_test	1.0	
QQTDAVDL	1	7052	too_close_to_test	1.0	
KETPASVK	0	10440	too_close_to_test	1.0	
KETNSAKL	1	4408	too_close_to_test	1.0	
KQTFAAKT	0	14385	too_close_to_test	1.0	
EPSIGAKK	1	1766	too_close_to_test	1.0	
KETRAADK	1	4443	too_close_to_test	1.0	
QETSASQR	0	16072	too_close_to_test	1.0	
QEPTDSKK	0	14907	too_close_to_test	1.0	
KQTTAVKR	1	5671	too_close_to_test	1.0	
KASTASNK	0	12587	too_close_to_test	1.0	
QETTGSNK	0	12934	too_close_to_test	1.0	
YESTGAKL	0	9194	too_close_to_test	1.0	
TENAASKH	0	9461	too_close_to_test	1.0	
LETIASKK	0	10703	too_close_to_test	1.0	
HESPASKK	0	9418	too_close_to_test	1.0	
KESTASVQ	0	16508	too_close_to_test	1.0	
RVHAAPSK	0	10267	too_close_to_test	1.0	
TGSTASKI	0	15031	too_close_to_test	1.0	
RQSVAAKL	1	8009	too_close_to_test	1.0	
KQGKGVKK	1	5322	too_close_to_test	1.0	
LNSSASKK	0	12085	too_close_to_test	1.0	
KETPAAKI	1	4433	too_close_to_test	1.0	
EETNDADL	1	1364	too_close_to_test	1.0	
EGTMAVKL	1	1659	too_close_to_test	1.0	
KETVGAKK	1	4835	too_close_to_test	1.0	
KESWGSNK	1	4001	too_close_to_test	1.0	
AENSGAKK	0	14239	too_close_to_test	1.0	
KETRAVKN	1	4490	too_close_to_test	1.0	
EESNAANI	1	768	too_close_to_test	1.0	
QAITGATN	0	13160	too_close_to_test	1.0	
EETIAVKR	1	1301	too_close_to_test	1.0	
GETTASKI	0	11992	too_close_to_test	1.0	
KEGNASKE	0	12432	too_close_to_test	1.0	
TETTASGK	0	12376	too_close_to_test	1.0	
KETNGANL	1	4394	too_close_to_test	1.0	
RESSVSKL	1	7523	too_close_to_test	1.0	
LETTARNR	0	8773	too_close_to_test	1.0	
EATSASKK	0	9924	too_close_to_test	1.0	
KETTTAKL	1	4770	too_close_to_test	1.0	
EDTAASKK	0	11616	too_close_to_test	1.0	
KATPGSKT	1	2694	too_close_to_test	1.0	
PEITASKK	0	13152	too_close_to_test	1.0	
RGTSASIK	0	11587	too_close_to_test	1.0	
EGTTRSDL	1	1678	too_close_to_test	1.0	
VESAAVKK	1	8389	too_close_to_test	1.0	
SETNAADI	0	15430	too_close_to_test	1.0	
KESNAVNK	1	3543	too_close_to_test	1.0	
KETAAADL	1	4030	too_close_to_test	1.0	
KETTAVKM	1	4714	too_close_to_test	1.0	
EESIAVKI	1	711	too_close_to_test	1.0	
LETIAADL	1	6065	too_close_to_test	1.0	
EESSASVT	1	954	too_close_to_test	1.0	
HESIASKI	1	2220	too_close_to_test	1.0	
EQSSAARL	1	1864	too_close_to_test	1.0	
KATIASIK	0	15625	too_close_to_test	1.0	
RESTAVKR	1	7545	too_close_to_test	1.0	
VQTTASKK	0	16334	too_close_to_test	1.0	
KETRGSLK	0	15199	too_close_to_test	1.0	
KQSRSSKL	1	5426	too_close_to_test	1.0	
EESAASVL	1	589	too_close_to_test	1.0	
IETRGSKK	0	8949	too_close_to_test	1.0	
KETRASYK	0	13589	too_close_to_test	1.0	
EDTSAVKK	1	459	too_close_to_test	1.0	
EESLAVKK	1	746	too_close_to_test	1.0	
KETTASGE	0	12449	too_close_to_test	1.0	
NESWAVKK	1	6318	too_close_to_test	1.0	
KDRTASKK	0	11379	too_close_to_test	1.0	
KETHASYK	0	13923	too_close_to_test	1.0	
RGTVAAKK	1	7895	too_close_to_test	1.0	
QQSDAVKK	1	7019	too_close_to_test	1.0	
TATPASKK	0	12541	too_close_to_test	1.0	
NETSASKN	0	15941	too_close_to_test	1.0	
AETIASKK	0	12748	too_close_to_test	1.0	
KDTSASQT	1	2903	too_close_to_test	1.0	
EESSGSKI	1	1003	too_close_to_test	1.0	
REIPEEKQ	0	12520	too_close_to_test	1.0	
KEIPASMR	0	9264	too_close_to_test	1.0	
RETTASNS	0	13202	too_close_to_test	1.0	
RGSTASYK	0	14995	too_close_to_test	1.0	
KERWGSKR	1	3182	too_close_to_test	1.0	
TETTASSE	0	13767	too_close_to_test	1.0	
RETTASSK	0	9384	too_close_to_test	1.0	
EQTDAVKL	1	1938	too_close_to_test	1.0	
KGTSAAKK	0	11661	too_close_to_test	1.0	
RETIGTIS	0	14145	too_close_to_test	1.0	
CETIAAKL	1	195	too_close_to_test	1.0	
RESDAAKL	1	7313	too_close_to_test	1.0	
EQTTASTK	0	16379	too_close_to_test	1.0	
EETTGVKK	1	1562	too_close_to_test	1.0	
QETSASNE	0	10641	too_close_to_test	1.0	
KGSIAAKL	1	4911	too_close_to_test	1.0	
RQTTAAKK	0	10731	too_close_to_test	1.0	
TETAAVKL	1	8270	too_close_to_test	1.0	
EESIAAKL	1	689	too_close_to_test	1.0	
EQSVAVKK	1	1916	too_close_to_test	1.0	
MESNAVKI	1	6207	too_close_to_test	1.0	
EETHAAKK	1	1228	too_close_to_test	1.0	
KETRAAEK	0	10757	too_close_to_test	1.0	
NETSASSY	0	12680	too_close_to_test	1.0	
METNAVKK	1	6229	too_close_to_test	1.0	
HETLAAKI	1	2335	too_close_to_test	1.0	
QEPSASKK	0	9791	too_close_to_test	1.0	
KVITASKK	0	15858	too_close_to_test	1.0	
TETSASKI	0	9192	too_close_to_test	1.0	
VESTAADL	1	8401	too_close_to_test	1.0	
KPTAAVKL	1	5250	too_close_to_test	1.0	
KESTASNE	0	15177	too_close_to_test	1.0	
KQTSACKK	1	5651	too_close_to_test	1.0	
EESSAANK	1	899	too_close_to_test	1.0	
QATNASKK	0	13683	too_close_to_test	1.0	
EETTAAQL	1	1501	too_close_to_test	1.0	
HESNAADL	1	2225	too_close_to_test	1.0	
EVAWGVNN	0	13042	too_close_to_validation		1.0
KETIAAKT	0	15190	too_close_to_validation		1.0
TESSNAKL	1	8256	too_close_to_validation		1.0
KESFAVIK	1	3289	too_close_to_validation		1.0
KEKIAAKK	1	3031	too_close_to_validation		1.0
KEAHATKR	1	2941	too_close_to_validation		1.0
KQSAVVDL	1	5368	too_close_to_validation		1.0
EGSMASKT	0	16375	too_close_to_validation		1.0
QGTSGSKK	0	16091	too_close_to_validation		1.0
NDTTASIK	0	14021	too_close_to_validation		1.0
PQTKDSKK	0	10716	too_close_to_validation		1.0
EESTVVKK	1	1110	too_close_to_validation		1.0
KVAWGVNN	0	8572	too_close_to_validation		1.0
SVANASNQ	0	8715	too_close_to_validation		1.0
VESNASKL	1	8394	too_close_to_validation		1.0
KETVASDM	1	4796	too_close_to_validation		1.0
KATIDAKK	1	2678	too_close_to_validation		1.0
KESNGTKR	1	3586	too_close_to_validation		1.0
TQTPASQR	0	10308	too_close_to_validation		1.0
KATTGVKK	1	2720	too_close_to_validation		1.0
TGSIAATL	1	8339	too_close_to_validation		1.0
ERTTASKL	1	2020	too_close_to_validation		1.0
SPSRAVKR	1	8180	too_close_to_validation		1.0
KQGTASKK	0	12653	too_close_to_validation		1.0
QVTNAARL	1	7116	too_close_to_validation		1.0
KEPNPSHE	0	9255	too_close_to_validation		1.0
KAPTASNK	0	11371	too_close_to_validation		1.0
RRAPTSIT	0	8808	too_close_to_validation		1.0
KQSSAAKI	1	5428	too_close_to_validation		1.0
KQSNAVKI	1	5407	too_close_to_validation		1.0
KDPNASTK	0	15138	too_close_to_validation		1.0
KDPSGSKK	0	13294	too_close_to_validation		1.0
TGTIAAKK	0	13498	too_close_to_validation		1.0
SEPNASTK	0	10657	too_close_to_validation		1.0
EGSMASKL	0	12763	too_close_to_validation		1.0
RVAWGVNN	0	12153	too_close_to_validation		1.0
ELTRESKK	1	1727	too_close_to_validation		1.0
LSSRAAKL	1	6184	too_close_to_validation		1.0
KETVAKQK	0	11514	too_close_to_validation		1.0
HGSNASKK	0	14276	too_close_to_validation		1.0
KESRAAKV	1	3636	too_close_to_validation		1.0
QQSISAKL	1	7024	too_close_to_validation		1.0
NDTPASKK	0	14020	too_close_to_validation		1.0
TGSIATKK	1	8341	too_close_to_validation		1.0
RERSAVKK	1	7286	too_close_to_validation		1.0
EGTIGSKK	1	1657	too_close_to_validation		1.0
SETAASYE	0	10524	too_close_to_validation		1.0
QETTDSTK	0	16082	too_close_to_validation		1.0
EPSSAVKR	1	1771	too_close_to_validation		1.0
EQSEASKK	1	1830	too_close_to_validation		1.0
RETISSKI	1	7679	too_close_to_validation		1.0
KLTTASRE	1	5146	too_close_to_validation		1.0
RETAASLT	1	7602	too_close_to_validation		1.0
REGIASNT	0	14517	too_close_to_validation		1.0
TQTKDSKK	0	10161	too_close_to_validation		1.0
KEPTASDK	0	12243	too_close_to_validation		1.0
KDTTASIE	0	12227	too_close_to_validation		1.0
QQAPASKK	0	16793	too_close_to_validation		1.0
KETVASNL	1	4811	too_close_to_validation		1.0
EGSIAVKK	1	1626	too_close_to_validation		1.0
QLSVASKQ	0	8974	too_close_to_validation		1.0
QESLAVKR	1	6629	too_close_to_validation		1.0
QQTPASQR	0	10068	too_close_to_validation		1.0
PESSASIK	0	13674	too_close_to_validation		1.0
LENNAVKL	1	5952	too_close_to_validation		1.0
EPTGASKL	1	1784	too_close_to_validation		1.0
ADTTAAKL	1	21	too_close_to_validation		1.0
KAVNAVKI	1	2735	too_close_to_validation		1.0
TATTGSRN	0	9230	too_close_to_validation		1.0
TATTASKL	0	14192	too_close_to_validation		1.0
KESRAAKE	1	3626	too_close_to_validation		1.0
RETSDAKR	1	7768	too_close_to_validation		1.0
KETSTSKL	1	4656	too_close_to_validation		1.0
EESSAARE	1	903	too_close_to_validation		1.0
IQANASKK	0	10753	too_close_to_validation		1.0
KQTAAVKK	1	5493	too_close_to_validation		1.0
NETTASVT	0	10289	too_close_to_validation		1.0
KESNASKV	1	3498	too_close_to_validation		1.0
QESVASTL	1	6738	too_close_to_validation		1.0
RGTPGSKL	1	7882	too_close_to_validation		1.0
EPPAASIK	0	13529	too_close_to_validation		1.0
KQTDAVVT	1	5559	too_close_to_validation		1.0
TETTAAKE	1	8314	too_close_to_validation		1.0
NQTPASQR	0	13144	too_close_to_validation		1.0
KETISADL	1	4282	too_close_to_validation		1.0
QETPASKT	0	13434	too_close_to_validation		1.0
KETAGSRK	0	15737	too_close_to_validation		1.0
QETIAASL	1	6797	too_close_to_validation		1.0
LETTASGQ	0	10119	too_close_to_validation		1.0
REHSAVKK	0	9087	too_close_to_validation		1.0
KESNAVDM	1	3514	too_close_to_validation		1.0
EVSGASTK	0	15534	too_close_to_validation		1.0
SQTPASQR	0	16253	too_close_to_validation		1.0
RQTPASQR	0	9460	too_close_to_validation		1.0
IENNAVKL	1	2431	too_close_to_validation		1.0
RDTRESKK	1	7217	too_close_to_validation		1.0
EETSATKK	1	1448	too_close_to_validation		1.0
EEAIASKK	0	13245	too_close_to_validation		1.0
IQTKDSKK	0	11281	too_close_to_validation		1.0
KESNVVKL	1	3606	too_close_to_validation		1.0
QQTKDSKK	0	9695	too_close_to_validation		1.0
KQAPASKK	0	11106	too_close_to_validation		1.0
QQSNAVKL	1	7026	too_close_to_validation		1.0
QETSDTKL	1	6874	too_close_to_validation		1.0
KQTKDSKK	0	8504	too_close_to_validation		1.0
KESNGSKR	1	3584	too_close_to_validation		1.0
KRTKASQK	1	5710	too_close_to_validation		1.0
PQTPASQR	0	11424	too_close_to_validation		1.0
KQTSGSIK	0	15839	too_close_to_validation		1.0
TERPASEK	0	9167	too_close_to_validation		1.0
QVANASNQ	0	14946	too_close_to_validation		1.0
TEPNPSHE	0	16914	too_close_to_validation		1.0
HESWASKI	1	2281	too_close_to_validation		1.0
KETIVADL	1	4289	too_close_to_validation		1.0
TVAWGVNN	0	16320	too_close_to_validation		1.0
KETTAVIK	1	4710	too_close_to_validation		1.0
KQTLACKD	0	10139	too_close_to_validation		1.0
EQTKDSKK	0	11848	too_close_to_validation		1.0
EGTIGSKL	1	1658	too_close_to_validation		1.0
RESAAAKI	1	7291	too_close_to_validation		1.0
QESSNAKL	1	6700	too_close_to_validation		1.0
KDTNGSYE	0	13868	too_close_to_validation		1.0
ISSRAAKL	1	2552	too_close_to_validation		1.0
KESTSTKK	1	3910	too_close_to_validation		1.0
QMNIAAKL	0	15363	too_close_to_validation		1.0
QVAWGVNN	0	11433	too_close_to_validation		1.0
KGSAASNK	0	14369	too_close_to_validation		1.0
EQSSAVKI	1	1872	too_close_to_validation		1.0
QETTDAKK	1	6891	too_close_to_validation		1.0
SQTKDSKK	0	12540	too_close_to_validation		1.0
HDTRESKK	1	2188	too_close_to_validation		1.0
ESTRAAKL	1	2042	too_close_to_validation		1.0
KNSRAVDL	1	5174	too_close_to_validation		1.0
KETSAVNG	1	4605	too_close_to_validation		1.0
LETSDAKR	1	6101	too_close_to_validation		1.0
KMNIAADL	1	5158	too_close_to_validation		1.0
KETSGSEK	0	15760	too_close_to_validation		1.0
PGTVASTK	0	12109	too_close_to_validation		1.0
TQTLACKD	0	15464	too_close_to_validation		1.0
EETTDAKK	1	1543	too_close_to_validation		1.0
EAATAVKK	1	274	too_close_to_validation		1.0
NQGTASKT	0	9353	too_close_to_validation		1.0
KQTDAVVK	1	5557	too_close_to_validation		1.0
EESSVSKL	1	1020	too_close_to_validation		1.0
KESPGSYK	1	3614	too_close_to_validation		1.0
KQTDAVDK	1	5522	too_close_to_validation		1.0
ARSRAAKL	1	184	too_close_to_validation		1.0
TEKTASKD	0	15021	too_close_to_validation		1.0
AETKDAKR	1	118	too_close_to_validation		1.0
RPSTGVKK	1	7938	too_close_to_validation		1.0
QDTTASYS	1	6528	too_close_to_validation		1.0
EGTVASTK	0	12197	too_close_to_validation		1.0
EGSIATKK	1	1624	too_close_to_validation		1.0
REHSAVIK	1	7247	too_close_to_validation		1.0
KERPASVK	1	3159	too_close_to_validation		1.0
QEPNPSHE	0	11932	too_close_to_validation		1.0
QETAASTT	0	13692	too_close_to_validation		1.0
KESRAAKP	1	3632	too_close_to_validation		1.0
QTTVAAKL	1	7101	too_close_to_validation		1.0
EQSISAKL	1	1838	too_close_to_validation		1.0
EETTGTKR	1	1561	too_close_to_validation		1.0
LETRASKT	0	8895	too_close_to_validation		1.0
KQSKAVKI	1	5397	too_close_to_validation		1.0
KESNAAKA	1	3468	too_close_to_validation		1.0
EDSVADKI	1	428	too_close_to_validation		1.0
RATTDSKL	1	7164	too_close_to_validation		1.0
QETNASKT	0	16762	too_close_to_validation		1.0
EEPNPSHE	0	13797	too_close_to_validation		1.0
PESTGAKK	0	12304	too_close_to_validation		1.0
SGTVASTK	0	15015	too_close_to_validation		1.0
EGSMASKK	0	9019	too_close_to_validation		1.0
KGSIATKL	1	4915	too_close_to_validation		1.0
KGSIAVKK	1	4917	too_close_to_validation		1.0
KETAGVKL	1	4069	too_close_to_validation		1.0
LGTVASTK	0	11539	too_close_to_validation		1.0
KETTAAYL	1	4683	too_close_to_validation		1.0
VETTASTQ	1	8417	too_close_to_validation		1.0
EDSEASKK	1	388	too_close_to_validation		1.0
QDTTASKI	0	11327	too_close_to_validation		1.0
QQTTDAKK	1	7078	too_close_to_validation		1.0
KGSSASEK	0	11889	too_close_to_validation		1.0
RQSPASKK	0	12726	too_close_to_validation		1.0
KETTGSIE	0	11393	too_close_to_validation		1.0
KGSIGTKK	1	4919	too_close_to_validation		1.0
REPNPSHE	0	11439	too_close_to_validation		1.0
KERNAVDL	1	3155	too_close_to_validation		1.0
PESTGADL	1	6426	too_close_to_validation		1.0
RHTTASKN	0	14542	too_close_to_validation		1.0
KESNESKK	1	3572	too_close_to_validation		1.0
KETVDAKR	1	4833	too_close_to_validation		1.0
LESTGADL	1	6038	too_close_to_validation		1.0
QATKSAKL	1	6481	too_close_to_validation		1.0
KETIAALT	1	4218	too_close_to_validation		1.0
KKTRGSKL	1	5103	too_close_to_validation		1.0
RESVASNL	1	7574	too_close_to_validation		1.0
KESSTSKL	1	3805	too_close_to_validation		1.0
KETGGVKR	1	4161	too_close_to_validation		1.0
KQYTAAKL	1	5704	too_close_to_validation		1.0
SETTAAKK	0	12534	too_close_to_validation		1.0
KETVGSIK	0	12843	too_close_to_validation		1.0
KDSAASNK	0	11484	too_close_to_validation		1.0
EESTTSKL	1	1107	too_close_to_validation		1.0
EDTVAAVL	1	474	too_close_to_validation		1.0
VESAASTK	1	8388	too_close_to_validation		1.0
KDSAASDK	1	2772	too_close_to_validation		1.0
RQTADSKK	1	8016	too_close_to_validation		1.0
KQSAVAKL	1	5365	too_close_to_validation		1.0
PQTSASIK	0	10027	too_close_to_validation		1.0
RPTGASKL	1	7942	too_close_to_validation		1.0
PEPNPSHE	0	15985	too_close_to_validation		1.0
ERTAASKQ	0	15530	too_close_to_validation		1.0
QESAASTK	0	11138	too_close_to_validation		1.0
PENTASKN	0	10063	too_close_to_validation		1.0
EQTPASQQ	0	15529	too_close_to_validation		1.0
RESAEAKK	1	7303	too_close_to_validation		1.0
PEPTGSDT	0	14050	too_close_to_validation		1.0
RQTTDAKK	1	8051	too_close_to_validation		1.0
KETSEAKR	1	4640	too_close_to_validation		1.0
KETSSVKL	1	4655	too_close_to_validation		1.0
KEIIAAKL	1	3013	too_close_to_validation		1.0
QGTTASKS	0	13702	too_close_to_validation		1.0
EQTTAVKI	1	1992	too_close_to_validation		1.0
KESIAAKV	1	3365	too_close_to_validation		1.0
QATTASRY	1	6487	too_close_to_validation		1.0
KETSVVKL	1	4660	too_close_to_validation		1.0
EEARVPLK	1	485	too_close_to_validation		1.0
RVANASNQ	0	13469	too_close_to_validation		1.0
KENTAADL	1	3113	too_close_to_validation		1.0
QETSDAKR	1	6872	too_close_to_validation		1.0
AETTDAKK	1	158	too_close_to_validation		1.0
TGTVASTK	0	11456	too_close_to_validation		1.0
KERIAVTK	0	15171	too_close_to_validation		1.0
SETSGSIK	0	15431	too_close_to_validation		1.0
DDTSAVAS	0	8874	too_close_to_validation		1.0
KETNGSIK	0	15747	too_close_to_validation		1.0
KASRAADL	1	2600	too_close_to_validation		1.0
EQTNASKQ	1	1972	too_close_to_validation		1.0
KETAATSN	0	13577	too_close_to_validation		1.0
HPSTGVKK	1	2385	too_close_to_validation		1.0
KETSDVKL	1	4637	too_close_to_validation		1.0
KGPCGSNR	0	14366	too_close_to_validation		1.0
KEPTASMK	0	12820	too_close_to_validation		1.0
QQSQAVKL	1	7029	too_close_to_validation		1.0
KETRAAIL	1	4445	too_close_to_validation		1.0
KNCSAAKK	1	5164	too_close_to_validation		1.0
EETTGAKK	1	1554	too_close_to_validation		1.0
PGSSASKK	0	14881	too_close_to_validation		1.0
KDTTASRN	0	15146	too_close_to_validation		1.0
EPRWGVKK	1	1765	too_close_to_validation		1.0
QGSKAVKI	1	6923	too_close_to_validation		1.0
KESNSTKK	1	3599	too_close_to_validation		1.0
QDTSGSKK	0	14472	too_close_to_validation		1.0
NETTASQN	0	10288	too_close_to_validation		1.0
EESSNAKL	1	1010	too_close_to_validation		1.0
RETSASNT	0	13459	too_close_to_validation		1.0
KENHASEE	0	15696	too_close_to_validation		1.0
RVTTASKL	0	11724	too_close_to_validation		1.0
KATITAKS	1	2683	too_close_to_validation		1.0
PETTASET	0	16701	too_close_to_validation		1.0
KKSRAADL	1	5074	too_close_to_validation		1.0
EENTAVKK	1	545	too_close_to_validation		1.0
RESSGAKL	1	7514	too_close_to_validation		1.0
KLTSAADL	1	5138	too_close_to_validation		1.0
QETSDAVL	1	6873	too_close_to_validation		1.0
EQSIAAKI	1	1833	too_close_to_validation		1.0
EGSNAVKK	1	1628	too_close_to_validation		1.0
KERIAVDL	1	3149	too_close_to_validation		1.0
LQTPASQR	0	11683	too_close_to_validation		1.0
KETTAPNK	0	13595	too_close_to_validation		1.0
KQITASKK	0	13969	too_close_to_validation		1.0
LESSASIK	0	15882	too_close_to_validation		1.0
TGSIATKL	1	8342	too_close_to_validation		1.0
KQTPASQR	0	8499	too_close_to_validation		1.0
KNCSAAKC	1	5163	too_close_to_validation		1.0
EEARAVKK	1	484	too_close_to_validation		1.0
KETTGAKR	0	16540	too_close_to_validation		1.0
KETIPADL	1	4281	too_close_to_validation		1.0
KATKSAKK	1	2684	too_close_to_validation		1.0
LQTKDSKK	0	11681	too_close_to_validation		1.0
HQTPASQR	0	12210	too_close_to_validation		1.0
KENTASKN	0	13565	too_close_to_validation		1.0
QQTTASRN	1	7074	too_close_to_validation		1.0
IEPSASNR	0	15577	too_close_to_validation		1.0
TETTAANL	1	8319	too_close_to_validation		1.0
TETTAAQL	1	8320	too_close_to_validation		1.0
SDTTAAKL	1	8103	too_close_to_validation		1.0
