sequence	label	source_row
EESNPSKL	1	827
KGPTASTK	0	12054
QESSAVKR	1	6694
PESTATKK	0	15297
QAAVGSKL	0	8532
PQTSASIK	0	10027
LESSASKL	1	6018
PGSAASKK	0	14880
QETPASKK	0	8870
QVASASKH	0	12945
KESPASEK	0	9932
HATAASYK	1	2173
KETNSSDL	1	4410
HPSTGVKK	1	2385
EPTPGVKK	1	1798
IETIAANL	1	2500
TESTASKN	0	16279
KETLASNK	0	16522
LETSAAEK	0	10766
NQASASRK	0	9476
KESRDSKR	1	3680
QETTAPKK	0	10571
KESSALKI	1	3724
EASVAAKK	1	314
QEIADAGK	0	10570
RGSFAVKK	1	7858
KQSTASVL	1	5454
KESFATKK	1	3285
RETTASDQ	0	14987
KVAGASKK	0	14806
KESDASNK	0	8678
NETTAAIQ	1	6355
RVSAASKK	0	15421
TEPNPSHE	0	16914
KQTDASKI	1	5510
KENTASKR	0	10539
QTTGGVKK	1	7097
KDTTAVDL	1	2913
EEPTSEQN	0	9195
AESSASKL	1	73
NETIAAKV	0	12095
NVTPGSKK	0	8980
PERTASKK	0	10330
RESWGSVR	1	7592
KETSASEN	0	10988
QQSTARKI	0	10573
DESSDAKR	1	231
KQTMAAKL	1	5628
KQTDAAKI	1	5496
KETSASQI	0	13094
QETIASTQ	0	16060
EEPMACRI	0	15503
NEASASNK	0	14837
KESTGAIE	0	13908
RKPTASKV	0	11822
EESRAAKR	1	844
KESAASVK	0	12036
EGSIASKK	1	1623
QQTTASKN	0	13706
AESTAVKK	1	85
LETFAAKL	1	6059
KESTASIL	0	13905
QETTARNR	0	16075
RDTTASKK	0	8584
KVSIAAKK	1	5850
LQTTAQDN	0	12669
EGTTASEK	0	15518
QDTTASEK	0	12114
GESNASKL	1	2126
KETIAEDL	1	4232
KETSAVDM	1	4582
KGTTRSDQ	0	8780
EEARAVKI	1	483
EESFAVKQ	1	654
EETHASDL	1	1230
KHSIAAKK	1	5034
NATVASKL	1	6253
KDTAASNK	0	11380
RETSAAEK	0	9056
QQTTATKK	0	13442
KPTTAAVK	1	5297
RETDASKL	1	7619
QESRAANL	1	6663
KETAASHY	0	9090
QAKTASKK	0	8968
QESFAADL	1	6582
RESAAVKI	1	7297
ESTRAAKL	1	2042
QVPSAPMQ	0	10575
EATTGVKK	1	363
NGPTASKK	0	12888
RESAAAKT	0	12959
HETDASKL	1	2319
LESTAAKS	1	6028
RHANAATK	0	16215
QESPASKK	0	9319
REPTASKT	0	14134
KETAASKI	0	8534
NETPASKN	0	9474
HERNGSLK	0	8985
HESHASDK	0	14273
KVTTASEV	0	13125
NETTASEH	0	10141
KATTASEG	0	14685
QESNAAKK	1	6639
EANTASKK	0	13788
IESIAAKK	1	2439
AETRASKK	0	14595
KETHEANL	1	4187
RESAAVKS	1	7301
TQSTASKK	0	12174
KESAASKS	0	13568
KPSTAAKR	1	5242
KATVAVKL	1	2733
HETTASKL	0	10352
IQDTASII	0	16436
LETTASKT	0	10090
PESNAVKK	0	8956
KSSTAAKL	1	5744
TGTSASNK	0	13014
KETRAAVL	1	4457
KQTSGSIK	0	15839
TGPTASKK	0	11063
RQTAASKK	0	10205
RETTASKN	0	8631
QETTAAKK	0	9065
KVTPGSPI	0	9217
TESTAVKL	1	8258
KVSIAADL	1	5848
QETTASHT	0	16076
LATTVSKK	0	9077
KGSTAVDL	1	4937
KESNGTKR	1	3586
KEPTGSKK	0	8698
GESRAAKK	1	2130
SDAPASKK	0	8629
KKNSGSKL	1	5065
MESSASKL	0	9625
EETAASRK	0	9845
HVKTESNT	0	10966
QETTAVKS	1	6888
KETSGSDL	1	4646
TGTTASKI	0	13015
QQSQAVKK	1	7028
QQSNAVKL	1	7026
RETNGSKK	0	13726
RETTASQS	0	16848
QVTRESKR	1	7119
KEHTGAKL	1	3006
IGPTASIQ	0	10355
QATTASKC	0	15320
TENAASKH	0	9461
RPTAASKK	0	14162
QGAPASKK	0	14927
RVTPASKK	0	11451
RETVAAKI	1	7834
SQTYAVKR	1	8192
KENNAVKR	1	3088
YGAAASKV	0	8827
PEATAAVK	0	13671
EETIAVKV	1	1303
KESISSKL	1	3403
REAYASKK	0	9124
RPSSAPKK	0	9615
RENAAVKK	1	7263
KASGAVKK	1	2576
TETTAAKI	1	8315
KETTAVRK	0	13597
RLSTAVKK	1	7918
PETTASTT	0	13678
KEATGSRK	0	15157
KETSASRK	0	8707
TVKTESNT	0	9404
AETTAVDL	1	151
KESAAAKL	1	3187
RVRIVATN	0	12983
KESRCARL	1	3673
PRTTASSV	1	6455
KETTGSGK	0	13099
NEGTASKK	0	12673
RESREAKK	1	7479
WDTSGSRY	0	14229
RLSTASQK	0	14998
KDSSASDL	1	2814
TQTTAADL	1	8374
IQAPGSKD	0	8486
KLRSGVKK	1	5120
RQTTASKN	0	14168
TETPVSYK	0	10527
KVTTASKT	0	9781
TDPTASIK	0	13751
TGTTASIK	0	10949
KESWGSVT	1	4010
HESTATKS	0	8541
EETAASQK	0	16369
KGSDAAKL	1	4906
NETTASKE	0	10404
KESSVVKK	1	3808
QNIPAPKK	0	8608
ENTVASKL	1	1753
KDVNASQK	1	2933
NETIASYK	0	15937
EETKAAKK	1	1314
MESTAVKK	1	6219
HESRASDL	1	2242
KDTPASKK	0	9344
KETLAVKR	1	4332
ADTTAAKL	1	21
KESTEVKK	1	3882
KGTSAVKK	1	5008
TQSTGSDE	0	14221
NPNTGVKK	1	6378
KSSRAAKL	1	5733
PETTDSKK	0	10566
SETSGSDK	0	10660
EESSAAKM	1	891
EVTGASTK	1	2090
KESAATKL	1	3198
QESCASKI	0	12923
EATTASYN	0	16361
KGATASKK	0	8762
PESTASKK	0	8669
KVTNAVKL	1	5887
RETTAATK	0	16843
QLNTAVTK	1	6951
KETTDVKL	1	4745
KQTTAAKL	1	5660
LDATASKK	0	10633
KQTDAVDK	1	5522
GDATATIK	0	9154
EENNAVKI	1	528
KESVAAKL	1	3921
EDTHAAKS	1	443
ENSTASKK	1	1749
KEPGGSVK	0	8651
EGTIGSKL	1	1658
KEPNASKK	0	13310
ESAGAVKK	1	2022
KEIPASKT	0	15691
SETRASKK	0	13748
KQTDSVKK	1	5571
TQTPASKK	0	12175
VQTDAVKK	1	8426
KATTASRT	0	13853
KQTMAVKK	1	5629
QETIASEK	0	14482
PESTASKQ	0	11226
REPTGSIE	0	8571
TPTTGSNK	0	16306
KGTTASNI	0	15797
PQITDSNK	0	9355
EETIASNL	1	1288
QGTTASKI	0	10861
EESIAVKI	1	711
TDTTASKL	0	14567
NESRAVKK	1	6295
EASIASKL	1	287
KESNASKS	1	3497
KESVASKL	1	3938
SVHAAPSK	0	16903
KQTNASKI	1	5631
KDTDASRK	1	2858
QEPTASKL	0	13425
KGRTAVKK	1	4902
MESAASKQ	0	15903
KQTVAAKS	1	5689
RETFAADL	1	7634
KESTGSVK	0	13575
KDTVAAKL	1	2929
EESFAAKS	1	643
KDTSASKK	0	8764
EESIAVKK	1	712
EETEASDL	1	1202
LGTVASTK	0	11539
LQTSASKK	0	11684
KDTTASGK	0	13870
KETTALKK	1	4688
QETSAAKL	1	6860
KQSHAAKL	1	5387
REATASIK	0	10124
NQACASKK	0	15961
NETTASQN	0	10288
PESTGSKK	0	11928
TETTASKK	0	8475
QETLASKI	0	15345
LQTTAQKK	1	6181
RETLAVKL	1	7700
RQTDAAKK	1	8018
KQTDAVEK	1	5525
VEAAASKE	1	8386
KETDAVKS	1	4099
RVTTAAIK	0	16231
RAGSGSTK	0	14952
QQTTASNK	0	12940
QETTASKH	0	10720
LETGASKK	0	12083
TETTAANK	0	11259
RVTTASLK	0	16232
EESNAVKK	1	793
KETVAADK	1	4775
NETAASLK	0	10709
QETRASDE	1	6850
TETAASKT	0	14207
EETSASTK	0	13803
RESVASKL	1	7573
QGATASYD	0	16085
IETTASKM	0	14289
KRPTVSKI	0	14391
KETVASTQ	1	4816
RDTTATNK	0	14513
KPTSGVKK	1	5292
RETNASKQ	0	12351
KETTAASL	1	4677
AEPIASTK	0	11268
NETSDSKL	1	6354
QETTASNV	0	14921
PEGTASVK	0	14458
KGSTASKT	0	11396
KGSTAADL	1	4934
LEPTGSIE	0	8947
QVSNAAKL	1	7110
RERTASKI	0	13454
ECTIAAKK	1	373
KESTGAVK	0	15181
KVTAASIK	0	10185
KVSFAVKK	1	5843
KETSAVKN	1	4597
RQTTGSKK	0	14550
KESAESTK	1	3207
KEATATKK	0	16478
LETAASNK	0	11537
QQTTAADL	1	7071
PETTASSK	0	11130
TETLAAKK	1	8286
KETTVVKL	1	4774
KETRGSEK	0	12262
KETIAADV	1	4204
QESTDSKK	1	6721
EQTAAVKL	1	1923
AESRASTL	1	61
KASIAAKK	1	2579
NENAASKH	0	9835
CHSPVGQR	0	11843
KETTGSEI	0	13598
KESFDTKL	1	3305
LQACASKK	0	11216
EGTTRSDQ	0	11170
LASIAAKL	1	5933
QASPPSKK	1	6467
KVTSASKN	0	15246
HESEGAKK	1	2212
RETPAVKK	0	13727
EERSASKL	1	568
RQAPDSIK	0	16869
EQTIAAKK	1	1959
QETSAVKI	1	6865
HESWGSKQ	1	2300
RETTASSE	0	10203
KESTASGK	0	13904
EQTSAAKR	0	8966
NEATASKR	0	9712
QGPTASRK	0	16780
EQSSAVKL	1	1874
EQSRAAKI	1	1849
TETTATSI	0	9174
KQCPAPNI	0	16584
DSTRAAKL	1	267
KDSKASKS	1	2796
KESNGAKI	1	3578
QPTGGLKK	1	6995
QEKIAADL	1	6549
ENSRAVKL	1	1746
TESMAVKI	1	8230
KPTSASKK	0	10550
QRATASKK	0	14499
QQTTASTQ	0	16109
KQTSASTK	0	14800
KGTSASVK	0	15219
KGSSDAKI	1	4933
KAANASYI	0	13550
RESTAEKL	1	7531
QNSTAAKK	1	6964
KATIAVKV	1	2676
DESVASHK	0	16357
EERSASKI	1	567
SDTTAVKL	1	8105
EASTAVKL	1	311
QETLASKK	0	10778
KENTAAKL	1	3114
EESSTSKL	1	1017
HQTKDSKK	0	12782
EDTVAAKL	1	473
KKSRAAKS	1	5079
KETSASEI	0	12627
TETPASVK	0	15455
QETTASVQ	0	14097
KGTSASEK	0	11306
KESPASKK	0	8786
EESDASDL	1	611
KETYASDL	1	4859
KDSAAAKL	1	2769
SDTHASKR	0	9922
TESQAAKK	1	8243
HSIREVKR	1	2406
KETSAATR	0	8702
LQSSAAKK	1	6164
RETTGSRI	0	16851
EETSATKK	1	1448
RASTASKL	1	7139
KETVGAKK	1	4835
LQTTDAKK	1	6182
KVSTASKL	0	15866
LDPRASTK	0	14412
YNIPAPKK	0	10599
RVSHASQK	0	8998
RETLAIKK	1	7696
EDVRATKK	0	13244
EETAASNS	0	10311
QGTTASKS	0	13702
KHTPACKN	1	5055
KRTTAAKY	0	15847
KGSIAAKM	1	4912
KQSVAVKL	1	5479
EETTASNI	0	13526
SENMASCI	0	9398
KEASASYD	0	15676
LQTDAADL	1	6171
GETRGSKK	0	9871
RETTASKS	0	8861
LEPTASAQ	0	12870
EETHESKL	1	1236
RETTGSYK	0	14530
KDGYGSLK	0	14688
KVTNASRK	0	13989
EQSTAADK	1	1877
KRTTASYI	0	16603
RESIASKK	0	8763
YESTAVKL	1	8449
RAAVGSKL	0	10783
EETIAAVT	1	1274
RETNASKI	0	12713
QQTTASRK	0	12509
QETSAANK	0	11430
KQSVAAKS	1	5472
NETIASKL	1	6339
KESSASKL	1	3737
KGTIGSKI	1	4982
PTATVEKK	0	14887
VEATASKK	0	12179
QQSRAAKL	1	7033
KQTDAVEL	1	5526
KPTTASNK	0	11400
RETIAAKM	1	7656
KEPSVSVE	0	14725
RESNASKL	1	7428
RQTVAAKL	1	8056
QDTTASKL	0	10925
KQTRSTKK	1	5650
RGTRASKK	0	11249
EETAASTK	0	12757
QATTASVK	0	13163
REWTAANT	0	16198
KVTSASKI	0	12867
NEASASKL	1	6265
LETSASTQ	0	11907
AETVAAKK	1	159
KGTTASQK	0	9940
PGTTASRT	0	14468
EASKASKL	1	291
KQTDAAKR	1	5501
LETSASKK	0	8995
EETHAAKL	1	1229
HATTAVKL	1	2181
KESTAVDL	1	3847
KESLGSKI	1	3443
QETLAVKK	1	6823
KGTTVSEQ	0	12852
RDTTDSKI	1	7224
KESPASIN	0	13570
KSVLAANK	0	13351
RETAASDK	0	14141
IEATTAQK	0	16417
VETIASKL	1	8409
NQTTAAKL	1	6394
EETTAEKL	1	1511
KQTDAVLT	1	5543
KKTRASKK	0	15807
GESWGSKK	1	2139
PEAAASNK	0	9788
RGTLASKK	0	16207
EETDASKI	1	1188
PDPTASKK	0	11691
EETAAAKL	1	1163
KETSGTKL	1	4649
RATTASYK	0	16132
WETRGSKK	0	13778
KETTASSK	0	8860
DATTASKK	0	14602
KETVATKL	1	4820
KASRAAKI	1	2601
RETTASEK	0	8782
TQTDAVKK	1	8370
QETIASKT	0	14915
QESSATKL	1	6689
LETSDVKK	1	6103
KEAYAAKK	1	2966
TEPTGTAS	0	13218
KESSPSKL	1	3801
EGPMASEK	0	10042
KETKAAKK	1	4295
QENTGVKK	1	6557
KETRAVKV	1	4496
KETRAIKI	1	4462
EESTAADL	1	1023
LRASASER	0	9969
KATIAAKE	0	11282
QGTLASQP	0	16784
EEDTASKL	1	492
EETIAAKR	1	1260
RETFRAKK	0	16176
RQTTDAKL	1	8052
NAASASTN	0	12294
IEANGSRI	1	2422
RETSASVR	0	16186
SETTGSKK	0	9737
KVTAASEN	0	10021
PESTGAKK	0	12304
KETVAVKK	1	4824
QESTATKL	1	6713
QETYAAKL	1	6908
KESIAAKQ	1	3363
RETEAADL	1	7625
EETTDAKK	1	1543
KESRPAKL	1	3706
PPATASKT	1	6444
KESIAASL	1	3369
KASWGSKL	1	2648
EGTRASKL	1	1663
QEKSAVKK	1	6550
KETTASQN	0	9938
KESVASVI	1	3945
EEPAASKK	0	11361
KEATASGK	0	11288
RETYASKL	1	7851
EEPIASKK	0	13248
TETNGAKL	0	9717
TETTASKI	0	9504
KEPIASKK	0	9492
EENTASKK	0	10957
HGTTASKK	0	9682
EDSEGTKR	1	389
RPTTGSNK	0	13738
RETAATKK	1	7606
LEPTASKK	0	9591
DETSASQK	0	11844
EESNAVKQ	1	797
NEATASGK	0	11411
EESTAVVL	1	1074
RETIASDL	1	7665
PESTASVK	0	12899
HDPAASNK	0	12776
PQTDAVKK	1	6453
MESAVVKK	1	6201
KPTGGVDL	1	5269
EESSTSKK	1	1016
HESRAAKL	1	2241
KGTTASYN	0	16558
LETTGARI	0	16633
KESTAAIE	0	13901
METTAAKL	0	11119
HATTASRE	1	2178
TEATASEK	0	16265
NESNGSKK	1	6289
RQTSASIK	0	11953
QSPTASVI	0	14116
YELTASEY	1	8439
RETAASLK	0	14525
QKTTASKT	0	16099
RESFVVKK	1	7371
KETAATSN	0	13577
RETAASIA	0	12963
EGSMASKN	0	13806
KATPASSN	0	11632
TEPTASKT	0	16275
KETGAVKK	1	4155
KEMAASAK	0	15166
TETSASSY	0	12550
KESIASVK	0	8758
KQTSAVKI	1	5654
KEPLASKK	0	13086
KEIAASKK	0	10012
PEAAGSEK	0	10457
KPTMAAKK	0	8663
HESTASKK	0	9239
KETRESVK	0	12835
EESSASYK	0	15083
KVSPGVKK	1	5859
KETIAVKS	1	4261
RETIASTK	0	10941
TETTGAKI	0	11355
PETTASVK	0	9382
KASPPSKK	1	2596
KPTSAVKK	1	5289
KETSAPKK	0	11650
KQTIAAKK	1	5603
YDSTASRK	0	12385
KETIGSKH	1	4276
KEHSAAKK	1	2995
QETTASLK	0	9123
KGTQAAKL	1	4996
QETAAPQK	0	15340
ESTSAVKK	1	2044
PETTASKQ	0	9971
QESNAVKM	1	6648
VGTTASKK	0	13777
KDITVAYQ	1	2756
KDTLASKK	0	14695
PETTASKT	0	10067
RGTIGSKL	1	7879
KENTASKQ	0	10173
KQTDDVKK	1	5562
TGTTATGK	0	14218
KVSTASTI	0	15868
QEVTASKK	0	11938
KETRGSDL	1	4531
NVTAASKK	0	14040
KESFAVSK	1	3302
RQRAGSKQ	0	13467
HESWGLKK	1	2292
TETAASQK	0	13759
KESEAASK	1	3254
QESWGSKS	1	6748
KETPASEN	0	13322
RETAASRK	0	9977
QEATASKT	0	10776
QQHAAYMS	0	14940
NETTDSKK	0	11316
KQSVAADL	1	5468
KESSDTKL	1	3782
KEITASKK	0	8856
NEPPASKK	0	13137
KEATASIR	0	15155
KDSTGSKQ	0	15655
HESWGSTK	1	2309
KEGSPSRK	0	16482
QESVASNL	1	6736
AGTSAEYK	0	11463
HETTASIK	0	10131
KQANASKK	0	15231
TETSASKN	0	13763
QGSTASQP	0	15360
QESKGPRN	0	16052
KETRASQK	0	12447
GGTSATKK	0	15547
EESGDAKK	1	671
KETAASRR	0	15735
QETTASVR	0	16771
QEDTASKK	0	12117
EGTNASNK	1	1660
QEATASSK	0	13687
KPNTAAKR	1	5213
KELAASKI	1	3051
ENTSVAIR	0	11847
RQSNAVKL	1	7981
RDSVAADL	1	7200
KQTTASKE	0	11671
REDAASKN	0	16150
NAASASKE	0	15911
KETVASKM	1	4804
SETRAVKL	1	8156
QGSIAVKI	1	6922
RETIASPK	0	16177
AETVASKI	1	161
PGTTGSEE	1	6439
KQTTASKK	0	8574
EVATASKK	0	16380
EESMAADL	1	749
KGSTAVKV	1	4948
QETTASTK	0	8911
HESWGSKS	1	2302
EESNGSKL	1	823
KESSASNK	0	10015
EETRAVRL	1	1420
QVNRARIE	0	12947
KETSASKQ	0	9024
KEDNAVKK	1	2974
LQSNASKL	1	6162
HESNASNT	1	2229
KGGAASKK	0	13101
QDTTASDT	0	9027
RESAASQK	0	11574
KETVASTK	0	9724
KESRAAKL	1	3630
RESSAVKL	1	7503
RGTAAVKK	1	7875
KGTSASKT	0	14779
EHSIAVKK	1	1690
TQTTASIK	0	15465
RETTAANL	1	7781
KGTTASIR	0	14376
EETAASLC	0	9870
LQTDAVKR	1	6176
KGSPASKK	0	10910
EDTPGSHN	0	15500
KESTASIQ	0	14342
KEPAASRK	0	11185
HETTGSRQ	0	12407
KETRDVKK	1	4520
KHTTAVKL	1	5057
QDAAASKK	0	11700
KDPGVSKA	0	8562
QETSAAEK	0	9183
CESTAAKK	1	192
CETIAAKK	1	194
TVARASEK	0	8736
KERSAVKK	1	3166
SKKVASNQ	0	16899
KQTPASYK	0	15836
KENNDVKK	1	3099
KDPGASIK	0	13861
PATPASKK	0	12101
EDSSAVKK	1	406
RETSAVKT	1	7767
MQITGSLK	0	13660
QERTGSKK	0	15329
QQTSAARK	0	16108
KQSYAADL	1	5485
KATSASDK	0	16449
QDANASNK	1	6491
KETAASYK	0	10691
NESHASDK	0	12676
KESWGVDL	1	4016
TATTASKT	0	14193
KEKIASHS	0	13306
KETRGVKI	1	4534
IQATASYK	0	12794
LQTAAVKK	1	6170
NETSASTK	0	15942
EEARVPLK	1	485
KGTTASRE	0	9257
NQRTASVL	0	14450
EDSKASKL	1	398
KQTRAVKL	1	5645
NDTTASLR	0	9053
EDSNAVKL	1	401
NESIASKL	1	6278
YESAASKK	0	14235
CEATASKK	0	16354
QVTTASKR	0	12708
QQTIAVKK	1	7063
KESGGVKK	1	3330
KETIGSKA	1	4275
KETRAFKL	1	4461
QESTASDK	0	8988
VDTTAAKK	0	12743
EETLAAKI	1	1326
EGIVAAYK	0	15514
AGGLASKD	0	9301
RESTGATL	1	7558
QETTGSRK	0	16083
KAASAVKL	1	2558
KPGSGVKK	1	5206
HLTTAPEI	0	14649
KDSCASTA	0	10971
LPKLASKE	0	10635
RETTASNR	0	11342
LETFASAI	0	13646
EQTVASKL	1	2007
QEKTGVKK	1	6551
RETTASKV	0	9896
EVTTASKK	0	8953
RESSAAKS	1	7484
KESRASNK	0	10358
TGVTASKK	0	16300
KETIASKI	0	13924
KENTASQK	0	15702
IGTNASIK	0	12413
AESSAVKK	1	77
PGPPASKK	0	16001
KKTTVSGK	0	10826
HEAIASKK	0	10422
KRTDAVKI	0	8594
RETTASWK	0	16850
IESHASDK	0	13057
QESRASKL	1	6665
QETRASIK	0	15348
PATTASHE	0	14867
PESRDSVV	0	14051
HPTTASKK	0	14651
HGSNASKK	0	14276
TEMAASSK	0	15446
RNSIAAKL	1	7921
HDPSASEN	0	15107
PDATASKK	0	11126
RESSASEK	0	15381
IEPSASNK	0	9926
EEKNAVKK	1	517
EQSTAAKS	1	1885
GETWGSKL	1	2156
PGTDGDQT	0	12108
KERAVSRW	0	10433
RESRDTKL	1	7478
KETGGVKR	1	4161
EETAAVRS	1	1176
LESTAAKL	0	15259
RETTAVDI	1	7791
KGASGSKK	0	13602
KETTGSKK	0	8480
RESRASVT	1	7467
KETNSSKI	1	4414
TKTTAETK	0	11837
KETTGAKL	1	4754
KPNTGVKK	1	5216
REPTASNK	0	11440
KQSTAAKS	1	5448
TESSASKK	0	10343
EVTNAVKK	1	2092
TETTGSKS	1	8330
LQTTASKR	0	15897
SDTPACKK	0	15424
RGTNGTKK	1	7881
KETRGSIE	0	12263
KETNAADI	0	8951
NETVASNR	0	9454
QDTPASTK	0	14076
IETNGAKL	0	10968
KATQGVKL	1	2696
EETSASVK	0	15509
RESEATKK	1	7317
EQTSAAKK	0	14264
QSSSASKL	1	7091
SETTASIQ	0	15012
RETSASKN	0	11579
KSTLAADL	1	5765
EESFASKK	1	644
HGTTRSDQ	0	15562
TQTSAVKL	1	8373
RVTIAAKL	1	8090
PQTTASKK	0	9055
RAATASQK	0	16122
SETVASKL	1	8171
PKTPGSIK	0	11422
WEMPGSRI	0	15479
TESTAAKQ	0	10591
KEIAASRK	0	13563
EETTASGD	1	1514
QESGASKL	1	6592
KEITASKL	0	16484
KETTPSQT	0	14764
KHSRAAKL	1	5041
QETTDSTK	0	16082
RQTTASQD	0	16877
PEASASNK	0	15981
EETNDAKL	1	1366
EGTNASKK	0	14625
KDPTASKQ	0	15646
RETRAVKL	1	7740
YESTGAKL	0	9194
METAASKK	0	12089
KESSAAKI	1	3715
KNRTAVKK	1	5167
LQSTAVKK	1	6168
RGPTASRK	0	16204
ELGTGSKL	1	1720
EASTASKK	0	11466
EESNAVNL	1	804
LETSAAKL	1	6091
EETTATKK	1	1520
KETTGSKE	0	8655
HETISSKL	1	2333
IESIAVKP	1	2456
EQTSDSKL	1	1983
KESNASRL	1	3501
IQKTASKQ	0	12013
PGTVAAKK	1	6440
KQTSAANK	0	11669
KESLAVKL	1	3440
KDPTASTN	0	11483
KGTTASNE	0	11521
KATTASAK	0	16452
TETTAVKL	1	8328
LVTAASKK	0	12087
CQTTASEK	0	15488
PATTASYN	0	15975
TNSSASKK	0	11602
SNTKASKK	0	15016
KQSWGTKL	1	5484
KESKAVKL	1	3419
IATTASKK	0	9113
HETTAAKS	0	16405
EKNSGSKL	1	1703
KETVASVT	1	4818
QGPIASQQ	0	16779
KEATASKS	0	12603
KQSSAAKP	1	5431
QPSSASKL	1	6978
HETRASNL	1	2346
KVSNAVKR	1	5856
EESRGSKQ	1	878
QDTPASKK	0	10092
KNSIAAKL	1	5169
QNTVASKL	1	6968
MENSGVKK	1	6200
SDTSASKK	0	12728
KESHDSKK	1	3347
QVSRAAKK	1	7113
RQTDAVKR	1	8029
ESSRAAKL	1	2029
KQTAASIK	0	12069
KEGTKSQK	0	8770
KETPATKR	1	4435
EETWAVKK	1	1600
KETVASIK	0	12453
QQSIAAKL	1	7022
KATTASQT	0	15132
LGSSASNA	0	11117
TASTASKK	0	11256
PGTSASEK	0	16005
KETVDAKR	1	4833
PETTAANK	0	11016
TAPTASKK	0	12992
HESNGVKK	1	2238
QGDIAETM	0	9952
KQPTASKK	0	9725
NETAASIK	0	11920
EVTYAAKL	1	2106
KEIRASIK	0	9641
HETTASKN	0	11177
EESTGAKN	1	1092
TGPTASNR	1	8337
QEPAASRK	0	16046
HETAASKR	0	14647
KVSNAKLK	0	13988
KESWGVKL	1	4019
SESNAAKL	1	8118
RESTASVR	0	13719
KVTHDAKL	1	5882
PEGTASKK	0	13672
REGPSSKT	0	16152
PETSASKK	0	8846
KVTTATKN	1	5907
KESNAVIK	1	3523
HEASASKK	0	14642
NVSAASKK	0	16684
TEKTASRK	1	8212
KETTRSRK	0	13599
KESTAAKF	1	3813
IETVAAKK	1	2520
NHTAASKT	0	12481
KDSAASNK	0	11484
PPTTASKK	0	13410
KETEGSKK	1	4121
NVPSAPMQ	0	15971
RGSIAVKK	1	7863
EESTGSDL	1	1099
RETSASNT	0	13459
RETMAVKI	1	7705
IESFAVKK	1	2436
KPSSGVKK	1	5238
CESTASKL	1	193
KETIESKK	1	4270
KEASGVKL	1	2958
SESAASKK	0	11348
PGGTASVK	1	6438
QDSVAVKK	1	6517
KQTHAVKK	1	5596
RDTSASCK	1	7218
KETEASRK	0	16514
KKIPASHK	0	16564
RENSGAKR	0	16159
TGTSAEYK	0	8832
KGTTASTR	0	15800
KETRVVKK	1	4547
QQSQAADL	1	7027
QERSASKK	0	11232
RETAATKL	1	7607
EATTAAQK	0	12392
KDTIAVKL	1	2878
HETVAADL	1	2369
IETTGAKI	0	12213
EETKDSKK	1	1322
KDSAASIK	0	15650
KGPPASKQ	0	13947
PESNAVKL	1	6422
AETTASDM	1	147
KESIAVDL	1	3388
SATTGSLE	0	16888
KGSPPSLK	0	9513
HETNATKK	1	2337
GETTASNK	0	11993
LKSAASKK	0	11912
EASTAPTH	1	308
RTTTATKK	0	13468
EQSIASKL	1	1837
KETVGVKK	1	4841
KVTPASQK	0	16609
KGTLASYK	0	14776
KDTSASQK	0	13558
QETNSTKK	1	6843
RESSASLT	1	7492
EPTTAVKR	1	1807
TESDASKL	1	8218
KEKIAAKK	1	3031
KETSAANL	1	4555
KLASAVKK	1	5109
QEPTASIK	0	10517
TETSAADL	1	8306
KESAAVKR	1	3204
EETISSKL	1	1311
KLNTASRK	1	5116
RGSNDSKL	1	7866
QRNPASAK	0	13444
QETTASMS	0	14094
NVTTASKK	0	9000
RASSASRS	0	15373
QGPTASKK	0	9762
RQSTASIE	0	14546
AESNAAKL	1	48
NASTAVKK	1	6249
RQSWGSKK	1	8013
HETSAVKL	1	2356
LNIGGSIK	0	10837
EEPTASEQ	1	555
PPTTATSQ	0	9543
TDTPVSQR	0	11825
RQTDAVKN	1	8027
PQDTASKK	0	12907
RKTTASNK	0	10730
TETIASKK	0	9844
RDSRASQK	0	16814
PEITAATR	0	9317
RDSAAAKL	1	7177
WETDGSLQ	0	9548
EGTTDPKK	1	1676
RDTHAAKK	1	7209
KEHHASKK	1	2989
EESEAADL	1	620
EQTDGAKL	1	1951
QESIASKK	0	13171
QETFAVKK	1	6777
KETTASQT	0	9852
QESAASKQ	0	16049
EETAAVKR	1	1172
RATTAVKL	1	7162
EDSRASKL	1	402
ADTSAVKK	1	20
RETTDAKK	1	7821
SETTASKN	0	9281
KEPAASNK	0	11642
RGTTRSDQ	0	9290
KESKGVKK	1	3429
KETVAVKI	1	4823
TETVASDK	1	8332
EQTVAVKK	1	2010
KETTGSKI	0	10394
TETAASYK	0	16281
KETFDAKR	1	4148
EESTGAKI	1	1088
PETTASIR	0	12307
PEDTASGM	0	11014
KGTPASKI	0	15791
RGTTASKL	0	11343
QGTSASIK	0	14106
EESSASKN	0	11617
KESSDAKS	1	3773
KETIVADL	1	4289
EETVASLK	1	1584
KQGTGVKR	1	5326
IGATASTT	0	14668
KESTGANN	0	15730
KESEASKL	1	3260
KASHASKK	0	13066
RDTPASNQ	1	7214
VESNASKL	1	8394
KETTASNL	0	12052
QASVAVKK	1	6475
QEDGASEI	0	10777
KGSAASTK	0	15788
EESEGADL	1	633
KSSRGSKK	1	5740
KPSIGAKS	1	5226
KETIASGK	0	10017
RGSTASQC	0	13463
KETSASNE	0	13324
QQTTASEK	0	16795
KAVAASKK	0	15637
GETAASKL	0	12202
HEMTASEK	0	13819
NETAAVRK	1	6332
EATIAANL	1	335
KESRAVKA	1	3666
KESAASRK	0	10981
EPQAASKV	0	10348
KATTASGK	0	12020
HESWSSKK	1	2312
EESTAAQL	1	1033
HESWGSRK	1	2307
RESSASQL	1	7495
TNIPAPTK	0	12552
KQTSASIK	0	11670
IEPTASEI	0	14657
KESHAAKK	1	3335
KQGTGVKK	1	5325
KESMAVKK	1	3457
EETSASKI	0	10887
EQTDATKK	1	1932
KESGDAKL	1	3326
RESFASKI	1	7329
NEIPASMR	0	16661
RETAASYK	0	13199
GETTAVKL	1	2154
KETNEAKL	1	4387
QQPAASHK	1	7012
AETTAAKK	1	142
KETTASQK	0	8641
IETTASIK	0	9531
KETMATKR	1	4346
KQTRETKQ	1	5649
DETTAAKL	1	252
EQTTAAKL	1	1985
TEPSASKK	0	13002
KETYASKK	0	13941
HETAASTK	0	16402
RETVASKE	0	15400
EESFAVKM	1	653
QATSASNK	0	15319
KEASASKK	0	8800
KLSVASKQ	0	13623
RETNASKK	0	8821
EATAAVKK	1	323
QDTTASIK	0	10569
QETDGSKK	0	8820
KESEAAKI	1	3250
EESSAAKV	1	897
TVTAASKK	0	13503
PEAIASKK	0	14047
EQTTDAKS	1	1999
KRTIASDN	0	13979
RETTAVVL	1	7817
KETIASDL	1	4241
PETSASVR	0	10460
PGPPASKQ	0	8888
QRLTAPNI	0	12941
HEVSAAKL	1	2376
RESNAAKL	1	7421
HESSASKS	1	2254
TGSMASKR	0	9186
NETTASRQ	0	15948
EQSIAAKI	1	1833
KETTGVKL	1	4765
KRTAASIQ	1	5707
KESNAADK	1	3465
LESTAVKI	1	6034
LESAAVKK	1	5959
KETGDAKL	1	4159
GENAASKH	0	15541
RESSASKM	1	7490
ESTTAAKL	1	2045
KESRGAKK	1	3695
KETTGTKI	1	4761
RVTMAVKK	1	8091
PETNASKK	0	9410
KQRTASKK	0	14797
RETRESKK	1	7746
KESNTVKK	1	3602
LGNTASKK	0	13649
QENWGVKK	1	6558
HGTTAVKK	1	2382
KETHASKK	1	4173
EQSAVVKI	1	1824
EETNAVKS	1	1363
KQSSAVKK	1	5438
RESSASKL	1	7489
NETPASKA	1	6341
NVSIAAKL	1	6399
RETNSSKI	1	7721
EESEAVKK	1	630
SETIAADL	0	10659
GETSASNK	0	15103
EESFDVKK	1	660
AEPTASKK	0	11977
KDSNAVKK	1	2804
KYTHAADL	1	5924
KASTASKK	0	8900
REASASNK	0	16143
NQGTASKT	0	9353
VETIAVKL	1	8411
RQSSGSKK	0	9385
RETGASTK	0	10472
KESNAAKK	1	3470
IETIASQI	1	2501
QQDTASII	0	12507
QGTTASKL	0	11026
PETTAPKK	0	12902
KEARVPLK	0	13559
PEINGSKK	1	6415
KHSVASKL	1	5049
TRATASKK	0	16316
KETRAVNI	1	4499
QLNTAVKL	1	6950
KEAPASKR	0	13301
EQTKDSKK	0	11848
KRAAASKK	0	16598
TETTAAKL	1	8317
TNIPAPKR	0	10238
KECSASRK	1	2970
LESWGVKK	1	6052
EESSSSKK	1	1013
KETSDAKL	1	4627
SDSVAAKI	1	8102
EESNATKL	1	783
TESVAAKL	1	8262
EETSASDL	1	1445
RETIASNK	0	13724
LESTASKN	0	13370
EGTTASKM	1	1673
KETASSIK	0	15187
RYTSASSQ	0	11955
KVTQAVKK	1	5899
TGTIAANK	0	13499
GESVAVKK	1	2138
HEPTASVK	0	14644
KATIAADL	1	2658
QEVTAANQ	1	6911
NPTTAVKK	1	6382
THSIAAKI	0	10950
KQSAAVKK	1	5355
KESKESKK	1	3422
QESIAAKQ	1	6608
RETIAADL	1	7649
KETIATKA	1	4249
AETIGSKK	1	114
REIAASKK	0	13714
NETSASEK	0	12679
KETASAKL	1	4072
QDTGASKN	0	12112
QESWGSKR	1	6747
KEATASNE	0	16474
QESNAADL	1	6637
KGTTATGK	0	9424
NESTASKL	0	12883
KESWGTDL	1	4012
YEQTASKK	0	9579
ETTRAAKK	1	2059
VENNAVKK	1	8387
KESWGPKK	1	3986
EESSDSKL	1	993
RERSASKL	1	7285
REAAASKK	0	10070
HEAAGSEK	0	12778
KQSIAAKK	1	5389
EESTASIK	0	11985
QSTIAVKR	1	7093
KESDGSKR	1	3244
WQTDAVKK	1	8434
KETGASKK	0	8600
RVSNAAKI	1	8085
EQSSAAKS	1	1862
KSTTALET	0	9993
QESMAVKL	1	6635
EPAIGVKK	1	1758
KETAASHT	0	15731
RATNAVKL	1	7159
LETRGSKK	0	9036
QEITASNQ	1	6548
VESTAAKL	0	13776
KENIAAKL	1	3064
KESWASKL	1	3975
KSTIAAKL	1	5761
KGTTATKK	0	10630
HESIAAKL	1	2219
KESEAAKL	1	3252
HETIASKL	1	2330
KETAATKK	1	4040
EQTDAVKQ	1	1941
LESEGAKK	1	5963
KETAAVKK	1	4047
QESAAVKL	1	6572
KEPTASNK	0	9158
AESSAAKL	1	70
KQTTASLK	0	11781
SEPIASTK	0	9310
KESIAAKS	1	3364
KQTRDVKK	1	5648
HETTASYK	0	15560
RETRASKQ	0	12967
QESIASVT	1	6614
RESNAVKT	1	7437
KEANASKR	0	16472
LGTTRSDQ	0	13379
KESDSAKK	1	3245
RQTTHSKK	0	12152
KETTAAEL	1	4663
PETSASKL	0	12901
EETTASTT	0	15513
KDTTASKR	0	9421
QEHFASIV	0	16040
AQSKAVKI	1	174
QETIAVKR	1	6808
METNAVKK	1	6229
KEKAASKK	0	13564
EETSATKR	1	1450
KEAFAAKL	1	2939
KRSAAPNK	0	9590
KESRAAKR	1	3634
KESKVSVK	0	11764
QESSASEK	0	16053
KGTSASIK	0	11774
RETKAAKL	1	7684
IGTTRSKK	1	2532
TATTASKN	0	15440
LESIAAKI	1	5975
KESAAARL	1	3188
QATTASKR	0	11699
EETSASNL	1	1447
METSAVKK	1	6233
TQSTASKL	1	8364
EETTASEK	0	9565
EQSTAAKL	1	1881
TLTTAAKD	0	13016
KQTHAVKL	1	5597
TGTRASKK	0	13771
KETRASNK	0	10110
NENPASNK	1	6270
EDTSASKK	0	10802
IITAASRI	0	15120
HPPKASWQ	0	11278
GESTAAKK	0	12201
KGNNAVKK	1	4891
KDTTDSKK	0	10896
KQSISAKL	1	5395
RETTASNL	0	16847
RVSRAAKL	1	8086
KESTEAKK	1	3874
KESFAVVT	1	3304
EESSASKM	1	934
KQSRAAKK	1	5415
PESTASKL	0	12487
TGTTGSKK	0	14219
TDSTASRN	0	14195
KETRATDL	1	4472
QGNAGSKG	0	16778
KGTTASVQ	0	13108
RETYSEKK	0	12972
KESRDVKI	1	3685
KKTTASKK	0	9098
KESGAAKL	1	3313
KQGTVTQL	0	15825
EESIGSKK	1	721
QDTHAAKK	1	6521
LETTAVKM	1	6116
RESAASET	1	7293
KETIAAHK	1	4208
IEPTGSQK	0	12409
KETTASGK	0	9233
KQSPGSVQ	0	11402
KATTAAKI	0	15131
QGTPASYK	0	13438
KTTHDVKR	1	5802
VEPTGSIE	0	11264
EETTAVRK	1	1537
PETSASHK	0	14874
RVTPGSKK	0	16230
AETNSSKL	1	123
KETSAVQK	1	4610
KESDAVKL	1	3241
KESTASQK	0	9751
CETTAVKK	1	198
RESFAVNK	1	7355
QGRFAPIR	0	16781
NASVAAKL	1	6250
KETPAPRK	0	11389
TVTTASLK	0	15474
AATAASEK	1	5
EESIASRK	1	705
KDTTASYK	0	9654
HGTSASKK	0	16409
KEVTGSEK	1	4875
KEPPGSKK	0	14722
KHSIAVKK	1	5037
QESIAADA	1	6603
EDSVAANK	1	427
KGPTSSKM	0	9608
KEPTGSEK	0	10432
IVTPASKK	0	12416
KETPASYK	0	10393
EETASAKL	1	1179
KETGGSKL	1	4160
IDAIGSKL	0	16413
KDATASVK	0	12803
PETSASSY	0	14876
SGAAAAKK	0	12536
EQTTDAKL	1	1998
KVTVAAKK	1	5916
EETTASKD	0	15511
IDTTASQK	0	14654
PEATASEK	0	16692
KETNSSDM	1	4411
REKIAADL	1	7258
LETTSSGT	0	14420
LGTPASRK	0	11215
REATASDK	0	16144
EESNAVTL	1	812
IESSAVKK	1	2474
RESNAAKI	1	7419
TETTASRT	0	11061
EESRASNL	1	851
KESNAVHG	1	3518
KESPASKQ	0	14736
KASIAADL	1	2577
KEGTASKK	0	9510
KQTTASQK	0	11672
EQTHAAKK	1	1954
EETEAAKL	1	1201
KDTTASMK	0	14315
KDSVAADL	1	2836
KESGAVKL	1	3322
KETVAVKS	1	4829
ESTIAAKS	1	2040
LETTAVKK	1	6114
LESWGSKK	1	6048
QPTCGVKK	1	6983
KVRTASKK	0	11900
EESSAAKR	1	894
KESNAVDM	1	3514
IATIAAKK	0	13830
RETTASQN	0	11043
NRPTASKK	0	13145
EHSRAAKL	1	1692
GESFAVKL	1	2124
HEATASTM	0	10964
EDPSGPKK	1	379
EDTVAAVL	1	474
KESPASQQ	0	11500
KEAAASKG	1	2936
RDPTASKK	0	9863
KQTDAVKV	1	5542
KLTTGVKK	1	5155
KESTDAKL	1	3868
TEPTASKI	0	16273
QAPIGSKI	0	14068
EESIGSKI	1	720
RQRSAVKK	1	7966
KETDSSKK	1	4102
KPSSGVKL	1	5239
NAHNASNS	0	14015
EESSAVRK	1	980
RETIAVKR	1	7673
KETTASDP	1	4692
KQTIATQT	0	14386
QAATASIK	0	12688
CDAIATVA	0	9961
KQTTATTK	1	5666
QQTTAAKK	0	9917
LESRAANL	1	6004
PETSASNK	0	11547
RDSIASKI	1	7189
QEITASIK	0	14083
AESHESKR	1	40
EESTGAKK	1	1089
RGTSDAKL	1	7889
KEANASIK	0	16471
KESRGVKK	1	3703
EERVASKL	1	575
RDTGASKN	0	11713
KQSEASKK	1	5383
NEPTASEK	0	13138
KETSVVKL	1	4660
EESSAANS	1	901
SETTASSK	0	14178
EGDTASKK	0	13527
METTAVKS	1	6238
CETPASKK	0	14601
RAVLASKK	0	9527
EESFATKK	1	646
KYPSAPKH	0	13363
KESTAADL	1	3809
RETFAAKK	1	7635
SETTASKK	0	8484
PETTASEK	0	9523
KETRAVIK	1	4484
KETTASST	0	12053
KETRAVRK	1	4507
RDTDASSS	0	12139
SEASASKQ	0	10946
EQTHASKL	1	1957
EATIAVKR	1	345
REIPASMR	0	11438
IGTTASST	0	13843
KATIAAKK	1	2659
RETNAAKL	1	7710
KETYDSKK	1	4867
LETRASKK	0	10447
RGTTATKK	0	16213
NGTTASRK	0	15956
KENSGVKL	1	3112
KETKASIK	0	14746
AQSKAVKK	1	175
KEPTVAKK	1	3136
PSRPASIK	0	9947
QQTTASKE	0	14944
RDASASEK	0	9595
KEATASLK	0	9907
KEPAGSIK	0	9004
WETTAAKL	0	15056
KESNAVLR	1	3540
KESWGSKT	1	4000
KQSAVVVK	1	5375
KQTDAVKT	1	5541
IKATASYK	1	2536
QQSRAAKK	1	7032
EASIAAKI	1	283
KELAASKL	1	3052
RESSASNL	1	7494
KPTDARKL	1	5253
EESAGVKK	1	603
REPTASVK	0	16164
KETNVSKK	0	16524
RATTASKN	0	11034
TATIAAKS	0	8595
KKTAPSRK	0	12458
DDSVSSKL	1	208
KERVASDL	1	3177
KESSASND	1	3743
RETSASQK	0	14146
KPTTAVKS	1	5305
NPSSASKL	1	6380
QEIPEEKQ	0	11702
KDTIASKK	0	12597
TALAGSIQ	0	11959
KESMAVKR	1	3460
NETRATKK	1	6343
QESTASGK	0	15336
TATTASRK	0	16259
KEATASNK	0	8950
SEAAGSEK	0	12363
KVYSAPRR	0	12080
TVTRASKI	0	15472
RESTASKE	0	12144
NSTNGSEQ	0	11319
GESAASKK	0	12200
KETNSSKS	1	4420
KDTIAVKK	1	2877
KETQAAKK	1	4441
KGPAASKK	0	10762
PGTTGSLN	0	10774
DDSVAAKI	1	207
AETKASKL	1	117
KESIAAKL	1	3360
EETTASEI	0	12195
EETMAVKR	1	1350
PGPTASKK	0	12686
NQTTASKR	0	15966
KATTASRI	0	13852
KVTSASLK	0	16611
IESTGSKK	0	16422
TEKPASKK	0	16272
GAIASSLH	1	2113
KESKAVKI	1	3417
KGGPAPEK	0	13328
EETRGSDL	1	1432
EESTASKT	0	13250
TERTGSVK	1	8217
YESTASQK	0	16342
LETPASKK	0	10401
QESFAVKS	1	6589
GDSTAWKS	0	12771
QQSTAAKL	1	7042
KGTAASTK	0	13333
QETTAARL	1	6881
KENMASCI	0	15697
NIPTDSKI	0	14037
QDSTASNK	0	13165
TDTTASTK	0	14197
EESRTAKR	1	882
HESIASRL	0	12572
AETRAAVL	1	125
EESSAVKV	1	976
QESTASYK	0	12694
KETEASDL	1	4107
QDTTASNK	0	10406
THTSAAKK	1	8348
EETFASKK	1	1216
EETNGAKM	1	1371
QDPAGSTK	1	6496
KEAIASKK	0	9389
NESSASIK	0	12882
KLISATKK	0	12647
EDSVASKI	1	429
KKTIAADL	1	5096
VESTGAKL	0	9445
TQSTAAKL	1	8363
KETTAPGE	0	15207
PRTDAVKI	0	14470
RETTASQE	0	14147
RVSSDAKK	0	12360
QVTPGSKK	0	14119
KEGTASVK	0	14714
EKSRAAKL	1	1706
KETFSAKL	1	4150
RETDAVKK	1	7622
KQTTAVDL	1	5667
KEGAASVI	0	12605
KETTASDT	0	12840
REVGASIT	0	16197
NQSVAAKL	1	6390
EETVASNL	1	1585
KETTAPNK	0	13595
EETTAAVL	1	1509
KESNVVKL	1	3606
KDSTASTK	0	11485
TATNASIE	0	14191
TESNESKK	0	15450
RETTASQK	0	8997
KESSASKP	1	3739
KERKAVKI	1	3153
KETTASRQ	0	9987
AEPTASRS	0	8705
HESWGSKI	1	2295
QGTTASKT	0	11336
KESRGSKK	1	3699
IGTIASKK	0	16431
KVTTASSN	0	13992
RDTTAVKR	1	7223
KDTTAPYT	0	15662
KERTASIK	0	12248
AESIAVKL	1	46
TESSASKN	0	13006
KATPASKR	0	11284
KETSSVKK	1	4654
PETSAAKK	0	14055
KETVASNR	0	11887
QGTTASNK	0	9953
RESRAVKL	1	7474
KETSDTDL	1	4633
KETFASKE	1	4136
KEATASYK	0	10978
IATNPSKK	0	12783
NETTASSK	0	13392
RETLAAKL	1	7694
KQTLAAKL	1	5621
GETSAAKL	1	2150
GPTRASSI	0	10963
EETHAVKK	1	1232
TETKAAKL	1	8285
EGTTAAKL	1	1672
QMNIAADL	1	6958
EQTNAAKL	1	1970
VETTASTQ	1	8417
EESRAVKL	1	861
KSSVAAKK	1	5747
EETGAVKR	1	1222
RGTGASKK	0	16861
KGARASKK	0	12844
RETRGAKL	1	7749
REKTASKD	0	16155
TQRTASNK	1	8360
DRPVASKN	0	15495
KETTAADK	1	4661
KEVTASEK	0	11301
EASTGVKK	1	312
TETSASKK	0	8700
KETGRSKL	1	4162
KETSASMK	0	9986
EETTASIE	0	14257
EESIVVKK	1	724
KATVAAKK	1	2725
TETCASRT	0	10662
TPTAASKK	0	12379
QDTTGSKK	0	9116
NDTTASIK	0	14021
LGTTASKK	0	9209
IQTSASKK	0	12582
KETMASDL	1	4341
HEAWASKI	0	14643
EETNGSKT	0	12759
RGTTASSK	0	15407
KETIASLK	0	13925
PETAASIK	0	10714
KETTVSKK	0	9256
EETTAVRL	1	1538
EESDAAKL	1	610
EVSSASKL	1	2083
PQATASKK	0	13412
VESWGSKK	1	8403
RQNTASQI	1	7965
QETTAAKR	0	11235
DESNAAKL	1	217
KESSVAKL	1	3806
EESRAAKI	1	839
SETSGSIK	0	15431
QETSGTKR	1	6876
KESNAVKP	1	3533
EHSVAAKL	1	1695
PITAAAHG	0	12687
KESSASKT	0	12251
IESVAAKL	1	2483
AETRAAKL	1	124
KETPASHK	0	13585
KGPPASKK	0	11516
SGTTASKK	0	9766
RSTDAVKK	1	8070
NESRASLK	0	15932
RETTAAKM	1	7780
RDTMAVKL	1	7212
KESAASKQ	0	10818
RETSASCE	0	16184
KESLGSDL	1	3442
IEPSGSTK	0	10426
KETAASRN	0	14743
KQSTATKL	1	5457
KVPHATET	0	13986
EITAASKK	0	12767
KETAASDK	0	12042
KENSASTQ	0	11491
KPTTATKK	0	16580
KESVGTKL	1	3967
NETPASKK	0	9165
KETTASKR	0	8533
HATIAAKS	0	9021
KATTASKD	0	15629
AVTTASLK	0	14598
EQTSAVKL	1	1982
QESAASTK	0	11138
EGTTASKK	0	8734
TGNTASKR	0	9030
KESWGVKK	1	4018
EESSATKK	1	959
MESAASKK	0	13656
QGTSAEYK	0	8711
LESNASKL	1	5992
QEAAASKK	0	9949
PESIASRL	0	10458
HETRASKL	1	2345
RAPAASKK	0	12950
QETAASTK	0	11328
TESTAAKK	0	11829
EADTASKL	1	277
IETAASKR	0	13837
TETSAVKK	1	8309
EEHHASKL	1	501
LETTASDL	1	6109
KGTYASEK	1	5030
KETRSTKK	1	4540
QESVGSVL	1	6740
GETVASKL	1	2155
EERSAVKK	1	569
EETIASKK	0	11986
KESRATKR	1	3662
KAINASNK	0	9361
TETTAAKP	1	8318
SGTSAEYT	0	12989
IESIAAKL	1	2440
PSVTAAQI	0	12313
QETTGSKQ	0	14099
AETTASKI	0	13032
IESSAVKL	1	2475
HESWASKI	1	2281
TETTASLK	0	8752
RPTGGVKK	0	11721
RETTASPK	0	16193
KQNIASKK	1	5332
KVATASKN	0	13981
EESTAAKM	1	1029
EETIAADL	1	1243
PPTRASKK	1	6445
RDSDAAKK	1	7180
EESSNAKL	1	1010
KGTSASKR	0	14778
KESSDSKK	1	3777
QVTTASIK	0	12948
KESFGVKK	1	3310
DETTASIK	0	15491
KETTAPTQ	0	14755
PESTGAKL	0	8569
KESNASKH	0	14339
GKTSASGM	0	10275
KESIASNL	1	3381
HEPTASQK	0	13820
KETTASLE	0	11391
HGRAASKL	1	2377
EETIATKK	1	1294
KDSADAKK	1	2778
WETTASKK	0	9009
EETRGAKL	1	1431
KETPATKK	0	14750
KETVSSKL	1	4842
AETIAAKS	1	109
KATTASIE	0	10386
QESTGAKK	0	11560
QEGSASNK	0	16039
RERTGSKK	0	14973
KETIASNR	0	15192
VESDAVKK	1	8390
QQAARSDK	0	14939
KETNDAKI	1	4383
NESTAAKQ	0	10511
RGPTASKQ	0	16203
VETIAVKK	1	8410
KYTVAAKL	1	5931
QDTKAVKI	1	6523
MESNAVDL	1	6206
KESVASVK	1	3946
KKSRAAKQ	1	5078
RASSASVK	1	7137
NATTASKK	0	9122
IETSASKN	0	14662
SGTSAEYR	0	15434
KETHASRK	0	9244
KETSAVKA	1	4589
EESLATKR	1	745
NETVASKL	1	6364
KETGAADL	1	4152
PLTWAAQN	0	8788
ENTVAAKL	1	1752
KETSAVKQ	1	4599
KVAPASKK	0	11530
QEAPASDK	0	12316
KGSIAVKK	1	4917
KGNGASIK	0	11204
QVTTASQK	0	16805
KETTAEKL	1	4685
KETVASTL	1	4815
PGATASGI	0	14464
KSSAAVKK	1	5725
TETPASNK	0	11832
RETTPSKK	0	16195
REPSASNK	0	14521
RESTAAKF	1	7525
KGFPASIQ	0	9832
KDSTASKL	1	2823
QQATASTK	0	11812
KETTAVKR	1	4717
EGSIAATL	1	1622
LETSAVKI	1	6093
KEAPGSKK	0	14706
RETNAADK	0	14526
KESTVSKK	1	3915
KETHAVKK	1	4182
KETIASRL	1	4243
IESSASVN	0	10677
KATAASEN	0	12419
EESIDSKK	1	717
EVTTAVKI	1	2100
EETTASNK	0	9139
RQTMAAKL	1	8038
EDTTASVK	0	13522
REPGGSVK	0	16162
LQTPASQR	0	11683
RESSGTKL	1	7516
KETMAAKI	1	4336
EETDAADL	1	1182
RETAAVKL	1	7611
QPTDAVKK	1	6984
PDITASLK	1	6404
RESQAAKL	1	7455
AESDAVKK	1	30
PVPTASKK	0	13680
NESTAADL	1	6304
TESTAVKR	1	8259
QQSIAAKK	1	7021
KQTIAASK	1	5605
HENNAVKK	1	2198
KESWAADL	1	3970
NEPAASKK	0	12674
IETIAAKK	1	2498
KETSASIR	0	12448
TEARASKK	0	10588
KAASGSNK	0	12417
KETYDSDR	1	4866
KPTTAAYD	0	13343
LETWAAKL	1	6128
KQTSAAKR	0	8465
LKSPASIS	1	6146
KESNGSKL	1	3583
LHTAASKT	0	8524
KETIAADI	1	4198
TQTVASRV	1	8376
AESSGTKR	1	80
QQAPASKK	0	16793
KTTGAVKK	1	5801
KETHAAKK	1	4167
TETTASYK	0	11062
KATSASVK	0	13850
QESAASRK	0	16050
HETTASIE	0	15559
KETTAALK	0	14356
TETDAVKK	1	8273
TETTGSNK	0	13496
KDTSAVKL	1	2906
HESSAVKK	1	2259
KEINAVKK	1	3015
VQAIAGLQ	0	15054
KATVASDL	1	2728
REPNASLK	1	7281
RETAASEK	0	13720
KETTAAYK	0	15764
KLTSAADL	1	5138
RETAGSKK	0	9212
KENTASTG	0	15704
LESNAVKK	1	5996
QERSATKL	1	6566
IETMASKK	0	13267
VETTASKL	0	11461
EVSRASKL	1	2080
KETIAAQT	1	4222
QGTTDPKL	1	6938
IQPHASIK	1	2542
NESSASKK	0	8926
QTTGAVKK	1	7096
QGSSASKK	0	12935
KGTIGSKL	1	4984
REAIASTK	0	9614
KQATAVKK	1	5321
RDTAAVKL	1	7207
RETSAVDL	1	7758
KDTRAVKK	1	2895
QEAAGSEE	1	6535
LESTAAKK	1	6027
AQTTAVKK	1	183
KEASAVKK	1	2955
KDSHGTKK	1	2787
KATNAVKL	1	2691
KDTGASKN	0	9465
KETARSDL	0	10903
RQSEAAKK	1	7971
KETNGVKL	1	4403
TDSTALRE	0	9679
KVTSASKL	0	13991
KETAAVKL	1	4048
TESWGSKR	1	8266
VETTAVKK	1	8418
EQATAVKK	1	1813
QETRASRK	0	16068
LETTASQK	0	11538
KENIAAKK	1	3063
EETSDAKR	1	1470
PPASASKK	0	16012
KGTIGSKR	1	4985
RESAASKR	0	14974
KDPEASTH	0	12806
EESNGAKL	1	821
KVVSASKK	0	11313
KQTDAVKK	1	5533
KQSVAAKK	1	5470
KETTGSKR	0	10179
KETHAVKI	1	4181
KETNGSKT	0	13584
EEGTKSQK	0	11167
KQTSAATK	0	13973
KESGDADL	1	3323
RESTATKI	1	7537
KETEAVVK	1	4119
PAATASRK	0	11927
HDASASEK	0	12569
KENNSVKK	1	3101
RQTDAVRL	1	8032
KVAAASKK	0	13352
RESWGSKR	1	7589
KESTAVNK	1	3859
KPTTAVKN	1	5303
KATTASEK	0	8892
PETDASKK	0	10258
DSSSAAKL	1	266
TVTTGSDK	0	14225
YATAASIQ	0	13779
EETQASKL	1	1389
EVTRAAKL	1	2096
KQSDAAKK	1	5376
PVTTASKQ	0	12492
KESKATKL	1	3415
QESWASKL	1	6741
RESNAVVL	1	7446
QDRSASYN	0	9891
KQTSASKI	0	12860
KESRAADL	1	3623
QDTRGSER	0	14900
RETTASVE	0	12355
LGSTDAKK	1	6135
EDSVASNL	0	11467
EEAFAAKL	1	481
KETAASSK	0	11387
TEPTASRS	0	15447
RQTTASTK	0	11251
KETNSTKL	1	4431
KESTSAKL	1	3908
RPTTAAKK	0	13465
QETVAADL	1	6895
NETIASNK	0	16669
RESNAVTL	1	7445
KASEAVKK	1	2575
QTTTAVKK	1	7099
KESNDAKR	1	3569
TETPASYE	0	12737
KETSAVRK	1	4613
RETSDAKR	1	7768
EETEASRL	1	1205
REPPASKK	0	10471
REATGSKK	0	13193
KYTHAAKL	1	5926
EESTASKQ	0	15506
RESTGSKR	0	10578
EDTIAAKK	1	446
IENNAVKL	1	2431
VETNASKK	0	15477
KESSGAKL	1	3789
KATVASKK	1	2730
RETTASMQ	0	13201
SDPTARMN	0	12362
NETTGSKR	0	8932
KHTTASEN	1	5056
PESAASRK	0	13673
QMNIAAKS	1	6960
NGSMASKR	0	9787
KETTASRT	0	9469
HEAAASNK	0	10277
TESTGAKK	0	11964
EVSNAAKI	1	2075
KETNSSIL	1	4413
EETKASDL	1	1316
KEPPASNN	0	12609
DETTASKL	0	14606
KVTYAADL	1	5920
KETRESKI	1	4523
EETIAADR	1	1246
KDSIAAKK	1	2790
TETSASEK	0	11060
KETSPSKK	0	15205
RESSAVHK	1	7500
NETTAPKK	0	15943
KESCGSQK	1	3225
KESRAVDL	1	3665
RETTASVQ	0	10474
SESTASKQ	0	14562
QEMTASKK	0	16750
EETIAADP	1	1245
QDTVAANL	1	6532
KENNAVDM	1	3078
KESTAATL	1	3823
EESRHSKI	1	880
SQTTAAKK	0	15017
KETMDAKK	1	4354
TETTGSAN	0	8993
HETRGTKK	1	2350
TGSSGSIK	1	8344
QERTASTK	0	16048
RVPIASIK	0	14555
QQACASKK	0	11565
KENNAVQK	1	3093
EETTGVKK	1	1562
KKITASIK	0	10221
KGTPASKE	0	13953
KQNDAVKL	1	5331
KDSSAAKI	1	2813
KETPASLR	0	11770
RETSASTK	0	10033
PETTASNT	0	15996
KQNLAVKK	1	5333
KETPSAKK	1	4437
QDPGVSKA	0	10775
TETIAVKK	1	8283
KEDTASKK	0	10387
KGTTASTI	0	13958
KETSDVKK	1	4636
EESTCAKL	1	1075
TETTASRQ	0	16292
HESWVSKK	1	2313
QGTAGSKK	0	13701
KDHMGVKK	1	2754
VGTTASRI	1	8423
MGTTASKK	0	10368
KATIASIK	0	15625
QENSAPEK	0	11137
LVTTASKI	0	14003
KESVAANL	1	3926
KESNASKK	1	3495
KQTTDTKK	1	5676
TESWGSKL	1	8265
KCANAANN	0	13292
RAVLASKL	1	7168
EETWAAKL	1	1598
EQTDAVKM	1	1939
LETTDADL	1	6118
RESTVAKL	1	7565
EESREAKL	1	870
LAATASKK	0	11903
KVTMASIK	0	13359
MGTSAPTK	0	11003
SETSASVK	0	16897
KEPNASTK	0	16491
KLRTDVKR	1	5125
KETNATKR	1	4371
KLTSASKK	0	12648
KQSIAVKK	1	5392
KETSESKL	1	4642
QETAASRK	0	10640
PEATASIK	0	14869
EETAAVDL	1	1168
HQTVAAKL	1	2405
QETRGSKK	0	8621
KECTASQK	0	13083
EESDASIK	1	612
RESTASYK	0	16835
HETTASLK	0	13049
KEAAASYK	0	15671
RVAWGVNN	0	12153
KETFASSK	1	4139
KDTHESKR	1	2871
REGTASNT	0	13194
SVTKATNK	0	14186
KETNEAKR	1	4388
QDTNGSYE	0	9109
RESDASKK	0	16830
NKTTASKK	0	12482
GATIAAKS	0	9253
RETTAVDM	1	7794
KGSIAVKI	1	4916
IESIASNL	1	2451
KEARASKK	0	8881
TSAIASQR	0	15047
RESRAANL	1	7462
KESNEVKK	1	3575
KESNAADL	1	3466
KESIASVN	1	3383
KQTVAAKI	1	5686
KETNASKN	0	10249
NQTDASVR	0	14862
QAATASIE	0	14067
YETTASNK	0	13236
KASIAAKR	1	2582
KAASASKK	0	11370
KQITAPKL	1	5329
QWPTASKK	0	14950
LETSASNK	0	11788
SETTAVKK	1	8167
KESNSVKK	1	3600
KETVASRL	1	4813
EATTAVKK	1	358
IELAASKL	0	15117
RLTTAADK	0	11720
KESNASNL	1	3499
WDQAASLQ	0	12384
KECPASNS	0	12604
RATKSAKQ	1	7157
PPSQAPKK	0	11017
KEINAVKI	1	3014
RESAGSKL	1	7307
KLQTPSIK	0	13110
KEKTASKD	0	8735
QDLTAAKG	1	6493
KESTASVR	0	9934
EESTTSKL	1	1107
NVTTASKQ	0	12099
RQISASDR	0	14164
EETRAAKR	1	1393
KESTASRR	0	12040
KVKTASNK	0	10225
KETSGVKL	1	4652
DGATASEE	0	16359
KESIDSKR	1	3396
KGHSASTE	0	13329
TDLTASEI	0	16260
KETSGTKK	0	11095
KTTGATKL	1	5800
MESSASKK	0	14829
NGSTASKK	0	10769
KETNAVKK	1	4374
EDTTAAKL	1	463
KGATASKI	0	11103
ETTTAAKL	1	2062
YESWGSKK	1	8450
KETPCSKK	0	8803
EATSAAKK	1	355
KPTNASKK	0	12065
KYDTAATS	0	16616
PATTASKN	0	14868
HETTASYE	0	13827
QESNDAKK	1	6653
KETTASMQ	0	13936
TATTGSRN	0	9230
LESIASDL	1	5977
KESVASKM	1	3939
RQAAASVK	0	16868
KASTASKE	0	14678
IVTAASKK	0	15123
HETRAVKK	1	2348
KESEAVVK	1	3267
IQANASKK	0	10753
RETNSTKK	1	7726
RETMAAKL	1	7702
KESGASKI	1	3315
KESCGAKK	1	3222
EETTAATL	1	1506
LATIAAKL	1	5938
PVTTASKK	0	8883
TETTATKR	1	8324
KEHSAVKI	1	3001
KESIASKL	1	3378
KETTAARL	1	4676
KATIAAKT	0	10316
KQTVAVKI	1	5696
RESTAVRK	1	7548
QPTGSVKK	1	7002
EENSAVKK	1	540
KGALASKK	0	16546
RESAGSLK	1	7308
QDRTASKK	0	16741
EESNALKK	1	774
EEHEASKK	1	500
KENGASKT	1	3059
WESSASKL	0	11606
EESTAEKL	1	1040
KETPASKE	0	11880
KDTRESKK	1	2897
KQTTASVK	0	10286
TESAASRR	0	12167
KREAGSIQ	0	11782
KESCAAKL	1	3219
TVASGSHT	0	16319
KETTGTKK	1	4762
EATNAVKL	1	351
VNIPAPKK	0	11358
KESAAAKI	1	3185
QGTTASSR	0	14492
LRTTVAVK	0	8542
RETTASDL	1	7786
RESLAAKL	1	7406
KETDAVKK	1	4096
KETTGTKL	1	4763
TETTASKT	0	9616
LPTGGSKK	1	6154
HEARASKK	0	15554
SETNASKK	0	10303
KEPPASHN	1	3126
KLRTAVKK	1	5121
KQSKAAKL	1	5396
NGTTASKK	0	8971
KESDAVDL	1	3238
KDSFAVKK	1	2785
KEVSASDL	1	4872
TGSIAVKK	1	8343
KLTTDVKK	1	5153
RGTGAVKK	1	7877
KQSTATDL	1	5455
GATTASYK	0	9175
KETRAVKL	1	4488
GETSASKI	0	11991
KQASASRK	0	14792
KETTASEK	0	8646
GETTGSKK	0	10962
KASVAADL	1	2626
KDSVAVKK	1	2847
RERTAVKK	1	7287
EKSSASKL	1	1708
KESLGSKQ	1	3446
QETVAKQK	0	9017
KEASESKN	0	15677
KGTIGSKK	1	4983
NETTASSL	0	15949
KEAPASNK	0	13081
IETTAAKK	0	10751
SDRSASYN	0	13473
RESSASTL	1	7496
PEATASKK	0	8879
KESFGAKL	1	3307
QMNIAVKK	1	6962
QETRASHK	0	11429
RETTASKP	0	10338
EESTATKS	0	16368
QDNAASYP	0	15323
EETTASEE	0	16372
IETVASKL	1	2522
EENNGSKK	1	532
KETSAAKM	1	4552
PATSASKQ	0	15288
KGTTASIT	0	13616
IATKASSN	0	11853
NETSAAEK	0	10121
RGTSASIT	1	7884
EASEAVKK	1	281
KASIAPKK	1	2583
KEAHASKL	1	2940
SGTVASTK	0	15015
EATTASKK	0	9231
EETTAAQL	1	1501
KQATASEK	0	13967
TETTASRL	0	9899
RATTAAKK	0	14505
RATTASQK	0	12512
KEASASER	0	10216
EEAIGPYK	0	13246
KDSSAADK	0	12808
KLASDVKK	1	5110
IGSEASKK	1	2525
AETAAVKK	1	95
KESTGAMK	0	16509
KETNATKI	1	4368
KESNAVNK	1	3543
IETNAADI	0	13268
EESMATKK	1	754
KEATASNT	0	13877
KGTTASMK	0	15222
KESNAVKI	1	3528
EAVNAVKK	1	372
RETTATDL	1	7788
QSSIAAKL	1	7088
EESWGSVK	1	1152
YATAASKK	0	11609
KERYAAKL	1	3183
RETSAVKI	1	7759
NQSTGSTT	0	13669
KESTGAGK	0	15180
YGSAASNT	0	11267
QAAVGSKK	0	11324
AATAASKT	1	6
KETTASDK	0	9025
MANAASNK	0	9914
KGSTAAKL	1	4935
SESSASDL	1	8127
EQTEAVKK	1	1953
EESRAAKQ	1	843
QESSNAKL	1	6700
KESGAVKK	1	3321
EKTAAVKL	1	1712
EATIAAKK	1	330
KASIGSKK	1	2587
TESTASTK	0	10592
TGRTASWA	0	13227
SPSSAPKK	0	12538
KESTAAIL	1	3812
KETLAAKK	1	4319
HETTAVKS	1	2367
LETTASTK	0	10506
EATIAADL	1	327
EESFASKL	1	645
RETTAAIK	0	11040
EESNAVTK	1	811
RGTTASKN	0	11948
KETVESKL	1	4834
KEATASEI	0	13303
KDTNAAKL	1	2887
KESNAVQK	1	3549
KEPSASKT	0	15709
KETRASKQ	0	9282
KQNNAVKK	1	5335
HETIAAKK	1	2328
EESVASVL	1	1125
QETAGSLK	1	6759
KATTGSKK	0	10168
KPTTGSIQ	1	5310
QETVASKL	1	6900
KPSRAVKR	1	5232
QETTDSIK	0	8964
EQSRAVKK	1	1853
LQTTAAKK	0	13652
TQSVAAKL	1	8366
KCSFAAKK	0	11753
RETNAAKK	0	12145
VQTSAAKR	0	15055
KVTPGSDL	1	5892
QGTTGSKK	0	11027
QETRAVKL	1	6855
KGVYGAIT	0	13619
QQSAVVKL	1	7018
KETAASVK	0	9567
NENSASKK	0	10559
RETLASKK	0	10522
PECGASVK	0	10145
KEATASEQ	0	16473
QEATASKK	0	8714
RETTASQR	0	11245
KEASASTE	0	15152
KDSAAAKM	1	2770
QESSGSKL	1	6699
HETTAVKI	1	2364
KESMAAKI	1	3448
KQSEASKL	1	5384
EETIASIA	1	1282
EGSSAAKK	1	1631
KEARASIK	0	12429
LEPSASIT	0	9016
EERSAVKL	1	570
IDPTASKV	1	2417
RESAAAKL	1	7292
RETTTSKK	0	16854
KVPTAAKK	0	13123
VETTGSEK	0	16332
EESSVSKK	1	1019
REARASIK	0	16142
EETVASKM	1	1581
AELTASKS	0	13783
KESWGVKR	1	4020
KETSASTN	0	13593
TVDTASQT	1	8381
STSTASAT	0	8582
KETVAIKK	1	4791
NQTTASRK	0	14863
KESRAVKR	1	3672
KGTTASKT	0	9672
KETTVAKL	1	4772
EESSASWK	1	955
PETSASKI	0	9627
EDSTASKK	0	10078
LKNSGSKR	0	15893
NEPTASVK	0	9755
KEASGVKK	1	2957
PETIAAKL	0	15299
RESFAVKQ	1	7348
PEATASNN	0	11796
KDTTASYN	0	11183
KDATAVKR	1	2745
KQNDAVKK	1	5330
KESAGTKK	1	3210
PETTVSDQ	0	10331
KESIAVKL	1	3392
KETTGSNL	1	4758
EETYASKL	1	1606
GDPSASKH	0	13810
QQTHAAKL	1	7059
KPSAASPN	0	10995
EETSASNN	0	12760
KEITGSKK	0	11090
TATSASNK	0	16905
TVATASKK	0	12381
RHTTASKK	0	14541
KETTAAKR	1	4672
AVTTASKK	0	11979
KETPVSKK	0	14751
EETEASKL	1	1204
KETNARIR	0	14747
KAPTGSTN	0	8717
QETAAVKL	1	6757
KETTTVKK	1	4771
KQTKAVKL	1	5617
EETTASSK	0	11168
RDVNASLK	0	14963
RPSIGAKK	1	7934
KETFATKL	1	4142
KETRAVDM	1	4480
KESTATKR	1	3846
KVVAASGT	0	10831
ENSRAVKK	1	1745
KGACGSYK	0	9511
RETNASMV	0	16179
KETRDAKK	1	4514
HGSIAAKL	1	2378
IETNASKK	0	9508
QDHTASKK	0	13685
KATPATKK	0	9747
YEPIASTK	0	12557
KENNAVKI	1	3082
QESIASKI	1	6610
KESTAEKL	1	3828
RETTASAI	0	15397
QETTASRK	0	8547
QDTGASRK	1	6520
KERTASKL	0	12826
RPTGGSKK	1	7945
KETTVVKK	1	4773
KETHASVL	1	4177
PEATASKN	0	12302
QGCSGSKS	0	16776
KETTASTT	0	9048
DELAASRE	0	13515
EETLASKV	1	1334
RETIASIT	1	7666
KDSAASRT	1	2775
AESRASDL	1	58
KENSAVKR	1	3109
KDSPASNK	0	16461
TETTASKA	0	16289
VATSASKK	0	10271
EESGASKL	1	667
KDTAASEK	0	13076
EETVASVL	1	1587
RESVGAKL	1	7578
TESTASKQ	0	10380
KETMATKK	1	4344
KETIAPLK	1	4239
RGTPGSKL	1	7882
EESKASKL	1	730
RDSIASKN	1	7190
KESSASTK	0	13572
KGPTASKN	0	14368
EEHSAVKK	1	505
KESWGSKI	1	3992
EHTIAAKL	1	1697
YETTASKI	0	16344
KEKTASKL	1	3043
KQSKAVKI	1	5397
KASVGAKL	1	2640
KESIAAKE	1	3357
NETTASTK	0	9714
RETVASKM	1	7841
KESAASDQ	0	8650
KPARGVKK	1	5201
PENTASKK	0	10257
KQTTASKM	0	13116
KEIPASYK	0	14715
NGRTASNS	0	11317
QETPASTK	0	10857
KETTASVR	0	12842
KESTGAEL	1	3885
KDNAAIKK	1	2759
ENIPAPKK	0	8778
EHNTAAIE	0	11362
NQAPGSKD	0	11011
EESRAVKK	1	860
KETTASMT	0	14761
HESWGSRL	1	2308
EESIAVKL	1	713
RETIAANL	1	7657
KGRTAVKL	1	4903
KETIAADM	1	4201
QETDASKR	0	12925
KETTASLN	0	13935
LESDASKK	1	5962
KETNASQD	1	4365
QDATASLR	1	6492
KQIDAVKK	1	5328
EESAAVKK	1	595
KGTPASYK	0	8635
RATIAVKV	1	7155
KESWGSNK	1	4001
QQSTAVKK	1	7044
TAAVGSKL	0	15018
QETAASSK	0	16759
KETIAAKM	1	4214
QEIRGSKK	1	6547
RQSFAVKK	1	7973
KQTTGSMK	0	11528
IQSWASKL	1	2545
NETVAVKK	1	6365
PEAAASNQ	0	10143
KETTAAKL	1	4669
SETTAAKK	0	12534
EESSSSKL	1	1014
REMTASKK	0	16156
RECTASKK	0	11241
QVPTASKK	0	10723
IESTAAKQ	0	12787
EVSVASKL	1	2087
KDNSASKK	0	15136
KESVAAVV	1	3933
PGTTGSIK	0	16008
KEDSASKK	0	12235
EESSATKI	1	958
KLTTAVKI	1	5150
KVANASNQ	0	10118
KESPASLK	0	12441
SEHPGSAY	0	16241
KQSTASKN	0	15833
RGNTAVKM	1	7856
KETASSKQ	1	4073
KESVATKI	1	3949
QEGSASLK	0	12918
QETTAANK	0	9413
KETIAANA	1	4219
KESTASIK	0	8826
HRANGATK	0	10279
RESFAVLK	1	7353
KDPTASNK	0	10614
KDSIAVKK	1	2793
KNTTASKK	0	11778
KGSVAAKK	1	4956
QDTRASTQ	0	12113
EESIAAKV	1	692
EETTAAKN	1	1497
PETTASIE	0	15303
KPSSAWYE	0	9111
NPATGSKM	0	10710
EESNGAKK	1	820
EESTASSL	1	1054
PDSTASKK	0	13150
LGVVAPKR	0	9644
AESEAAKK	1	32
RVTTASKK	0	8643
HASWGSKK	1	2172
RETTAPIK	0	15396
KNTVAVKK	1	5190
NESSAVDM	0	14840
METTASKL	0	9859
LQTTASIQ	0	14825
EESFAVKK	1	651
KETRASKM	0	13587
HATTASKK	0	9651
KATPGSKT	1	2694
NETDGSKK	0	13390
KQTNSSKL	1	5637
SESYAAKL	1	8142
EHATAANK	0	12565
KEISAEKK	1	3019
TETIASKI	0	16282
SETNAADI	0	15430
NETHASSK	0	14028
KKTTASKI	0	16566
AEPIASDR	0	14594
NQPTASKK	0	14861
KEVSASKK	0	11657
PEATASKE	0	14049
QVGEASKR	0	14118
KETDASKR	0	9534
KHRTASNK	0	10361
KEITAVKK	1	3023
KLRTAVKL	1	5122
KESNAVKM	1	3531
PPSSAPKK	0	11551
RETTAVEK	1	7795
QQTVAVKK	1	7084
KQTHAAKI	1	5591
NESNCSIK	0	15930
KETSAVIK	1	4587
KVTRASKK	0	13639
DESSAVKL	1	227
QESTASKE	0	13431
QASKAVKV	1	6466
YGTVASTK	0	16347
QGTGAVKK	1	6928
HETSASVK	0	16404
DETSAVKK	1	250
KEPPASNK	0	13566
QETTASVT	0	12699
RATGASKQ	0	11568
QDAIGSKL	0	9715
LESTAVKR	1	6037
AESSAAKK	1	69
KESVGSKH	1	3962
HETQASKK	1	2341
KEGHASIR	0	9875
RETPATKK	0	15393
IEATASKK	0	9196
KVSTASTK	0	14403
SESPASKK	0	15428
KESVAANI	1	3925
TESTSARL	0	14206
KKSNAVDI	1	5071
KQPSASNK	0	15829
RETAASNQ	0	14142
LATNASET	0	10254
KETKATKL	1	4304
SDTTAVKK	1	8104
EQYSAAKL	1	2014
KQSRAADL	1	5413
EESTVSKK	1	1108
DDTIAAKL	1	209
KETRTVKK	1	4544
RQVTASKK	0	12981
KESGATKK	1	3319
LETNSSKL	1	6080
KETEASKK	1	4108
SETSAVKK	1	8161
KEPTASMK	0	12820
ETSIAAKL	1	2052
EETAASNK	0	11620
KPTLAVKL	1	5278
AETTASKN	0	11612
HEPIASTK	0	9371
KEPTASKK	0	8598
QETTGSEK	0	15354
QESTGSKV	1	6727
ELAAASKK	0	10670
TETTGSKE	0	14214
KEPTASEG	1	3135
QVVAASGT	0	8840
VEPTGSKI	0	15052
KETTASKG	0	10544
RESMATKR	1	7413
PATTGSKK	0	12895
KEPSAPKK	0	11186
EETEGSKK	1	1209
PEVAASST	0	12685
EDSVAVKL	1	434
RANTASGK	1	7126
RESAAVKK	1	7298
EQTDAVKT	1	1944
KETTASGR	0	14759
RQTPASQR	0	9460
KEIPASKK	0	9776
KETTGSKN	0	9939
KATTASEN	0	12221
QVSSAVKL	1	7115
RQSIAVKK	1	7976
QETRAAKL	1	6848
RQSRASKL	1	7986
KETNGAVL	1	4395
KDSTAVKL	1	2828
KEVTASKN	0	15772
KETEAAKR	1	4106
EQSTAPKK	1	1891
KPTGGSKL	1	5268
QGPPASKK	0	11809
TNIPAPKT	0	10160
PRTTVAVK	0	13414
PESFAVKL	1	6419
KDTTASAL	0	15144
REPTGSSK	0	9815
QETTGAKK	0	15353
EGNTAVKK	1	1617
QETKATKK	1	6817
IETSAAEK	0	10679
TEITVAYK	0	16271
EVSPGVKK	1	2077
RDTAASNK	0	14960
KETIAAVI	1	4228
KESTTVKK	1	3913
KETSAVNL	1	4607
RETDASKR	0	8583
RDTTASKT	0	13712
KQTSAAKS	0	11527
KESTASSL	0	10822
EETVASKL	1	1580
RETTAAVT	1	7782
REPAASTK	0	14519
KETSASNR	0	13591
REPTASKQ	0	12522
RATTASAK	0	14957
EESVASTL	1	1124
KEAAASQK	0	13871
KETRSVKI	1	4541
RDPRGSQK	1	7174
KETGASIK	0	15740
KATIAANK	0	10428
RESSASQT	0	10298
QEPTASTK	0	11934
HEGPASNV	0	14272
KQSPASKK	0	12461
EEIPASMR	0	13796
EESSAPMQ	1	918
KETFDAKL	1	4147
RESSASLK	0	16171
KERSAVKL	1	3167
KETRSSKL	1	4539
RGTVAAKL	1	7896
YEPRASIK	0	9041
NDTTASKR	0	16658
PGTNASKK	0	15306
PQTKDSKK	0	10716
RETTAVRL	1	7813
KYIASAEK	0	12664
QGTTAAKK	0	11335
KDPAGSHK	0	11635
DESTAVKL	1	237
TESTATKK	0	12373
KESRASKM	1	3656
LETNASKI	0	14419
RPTSASKK	0	15412
QGSKAVKI	1	6923
WQTSAAKR	0	12556
LGTTASEK	0	14423
HESRAVKK	1	2243
KEPGASKK	0	12031
QETPASKR	0	13433
KETTAANL	1	4674
EETTDSKK	0	12196
KGAAASKQ	0	14767
KYTTAVKK	1	5930
KRTRAVKL	1	5713
KQTAASNK	0	12655
KESSAADK	1	3713
PEPTGSIE	0	8720
IEATASTK	0	15116
EETLAVKQ	1	1338
EETKAAKL	1	1315
KEPSASNK	0	10898
RPTVGVKL	1	7958
RVITASEK	0	16227
RDSDAVKK	1	7182
KATTASEQ	0	13071
EDASASEK	0	10530
KEASRSMQ	0	10319
RESNAVKM	1	7433
NKTTASNK	0	14859
KDHTESVN	0	12805
KESNAARK	1	3479
KESSASQS	1	3746
RATIAAKK	0	12340
TAGTATYK	0	9546
QVTAASKK	0	10294
KGTGGSEK	0	10324
KETVGSKK	1	4837
TETEASKN	0	13493
KETVAVKL	1	4825
QETTGSKK	0	8710
MATAASQK	0	10450
QKNSGSKR	0	12132
KETTAVRI	1	4723
PEVTASWA	0	14463
QHSRAAKL	1	6941
LESNAAKI	1	5988
KATPASTE	0	12590
EETTGSKE	0	14260
NDSKASKL	1	6256
RARTASEK	0	13710
EESKGSKK	1	738
KEDAASRK	1	2973
KVTYAAKK	1	5921
KESHGSKK	1	3351
LESRATKK	1	6007
EETRAVKI	1	1409
KKIADPKK	0	16563
PETTASNI	0	14462
ELTTPSES	0	14263
KQTIAVKK	1	5611
KESSGAKI	1	3788
PVPTASEE	0	8963
EGSTAVKS	1	1642
KETSASEE	0	13590
LQITAAIE	0	9809
KSPAASYT	1	5723
RQTRAAKL	1	8041
LVASASIK	1	6187
KTATASKK	0	14805
KEGTASIK	0	15160
HDTTAAKL	1	2189
GANVASEK	0	16383
EETNASKL	1	1356
LESRAADL	1	5999
KESWGSKN	1	3996
GDTLASKK	0	13258
GEATASEQ	1	2119
IPSSASKK	1	2539
RESTASIK	0	9696
RGPTAADK	0	14533
EDTVASKL	1	475
KKNSGSKR	0	9514
EENVAVKK	1	548
KVTPASNK	0	11311
IELAASKK	0	9254
QDSAASKK	0	16742
KESHESKK	1	3349
SETTAAKL	0	10304
EESVAADL	1	1111
KGTPASEK	0	14373
KETSVVKK	1	4659
KATTASMK	0	13851
TLTSASKK	0	11838
EGPMASKL	1	1619
EKTTAVKL	1	1717
RQTTTSTK	0	16222
KECNAVKK	1	2968
HETTAVDL	1	2363
LVSPASNK	0	14002
KDSEGTKR	1	2784
KESTGSNK	0	10621
KESTAVQK	1	3861
QNTVAVKK	1	6971
KETTASNH	0	13937
KQSQAVKL	1	5412
KPKGAVKK	1	5209
PETSASVK	0	12683
RKSSAVKK	1	7910
KESTAPKK	0	12442
TASEAVKL	1	8197
KESMASGK	1	3451
IESRGSKK	1	2470
KQTTATDL	1	5663
AETTAEKL	1	145
IETKASKI	0	14286
RGSRPAKQ	0	10156
KVTVAAKL	1	5917
KASTAVKI	1	2619
PQSTASKK	0	10923
EETTASYK	0	10163
VESSASKK	0	8960
QQTTASKR	0	10782
KESNAVKV	1	3538
EETRATKK	1	1405
KESRAAKI	1	3628
RATTGSKK	0	11817
NPSSAPKN	0	15960
KDSTASKQ	0	13863
TNIPAPKV	0	16304
KETNGAKK	1	4392
NETTASLE	0	15947
KVTTGAKS	0	12079
EENAAAKK	1	521
KAKTGSKK	0	13280
NATTASKL	0	16654
SDTLASLE	0	13744
EETDAVKK	1	1197
KQSTAVKI	1	5459
QASSASRS	0	14891
YELAASRE	0	12746
REKRAVKI	1	7259
KESNASRE	1	3500
NLTTASVK	1	6376
REHSAAKK	1	7242
NESTASKR	0	10190
KESSGSKL	1	3793
QETIGTIS	0	8601
KETRASKK	1	4467
NESSASKR	0	15933
EPTGGVKN	1	1792
SEITASKK	0	13746
KESREAKL	1	3690
KDSNAAKL	1	2800
KGPTAPEK	0	15786
TNIPAPVK	0	13501
QESNAVRL	1	6652
QQSTAADL	1	7041
KSTIAAKS	1	5762
QETRASKN	0	14091
KETTASHT	0	10990
KQSSASKL	1	5436
RETTAIKK	1	7784
PNIPAPKK	0	8693
KESPGAKK	1	3612
EDSAAAKL	1	382
LESNAVKS	1	5998
EQSVAAKL	1	1913
EQTRAAKL	1	1977
KESFAVKI	1	3290
QPSTASTE	1	6982
KATAASDL	1	2650
QESTDSKS	1	6723
METTASKK	0	8591
EESQAVKK	1	836
RETTASYK	0	9012
QENAASKK	0	16043
LETFAEVT	0	15261
QESRAAKI	1	6659
RPTGAADL	1	7941
KKTTASIK	0	13621
RENTASVK	0	16160
SETKASQQ	0	16894
QESTAVKL	1	6717
IEPTASNK	0	13835
KATIATKR	1	2668
KESIAVDM	1	3389
GETTVSKE	0	11275
EEPTAVKK	1	556
KDCVGSKC	1	2749
KERTASRK	0	13315
PVTTVGTS	1	6459
KETIAASL	1	4225
HETTAAKL	1	2360
NESTGSKK	0	12479
EQSRASKL	1	1852
HGTTASNK	0	9490
QETPASKN	0	9133
IETSASIK	0	13270
EESVATKI	1	1126
KGGLASKD	0	15783
QPTSVPRK	0	16103
REGAGVKL	1	7237
QPSSGVKL	1	6980
GQAPGSKD	0	16393
RETSAVKN	1	7763
RESRATKK	1	7468
KEAIAAKL	1	2944
QETRASLR	0	14484
EETLAAKL	1	1328
KESVASKR	1	3940
CETIAAKL	1	195
RNSSASKK	0	10096
KETSAVKT	1	4602
KGTTASKQ	0	9177
IETTASKK	0	8493
AESIASKL	1	43
KETLAVKK	1	4329
TQTYASKK	0	15466
KQTAAADL	1	5490
EETCGSNK	1	1181
KATSGAKK	0	14300
KESSGVKL	1	3798
RATKASKS	0	16131
KETEATKS	1	4115
KETTASRE	0	9670
KQSIASDL	1	5391
KRTKASQK	1	5710
RERSAVKK	1	7286
KECSASND	0	16481
QRTNASKK	0	12706
RQTAAPNK	0	14167
KETTASYS	0	16538
KEATASQI	0	16476
RESTESKL	1	7554
KEATASET	0	11866
EASTASKL	1	309
RATTTSHK	0	13186
KVATASNK	0	9856
LESISSRL	1	5983
EESTAANL	1	1032
KETIAADS	1	4203
RHPPASIK	0	16865
RESIASKM	1	7392
RESSDVKK	1	7511
TQAARSDK	0	8692
LAGSASNR	0	11114
EETKAADL	1	1313
RETIGTIS	0	14145
QEVTASYK	1	6912
KETTASYE	0	10625
TERPASEK	0	9167
KESTATKS	0	9325
EEASAVKK	1	487
KETIGSIK	0	16518
EESSDAKR	1	989
EESTASDM	1	1044
LVTNDAQQ	0	13654
KATTGSEK	0	10815
KGVTASKK	0	11522
TETAAVDL	1	8268
PEPTASKQ	0	15295
KESTASEK	0	9013
QETIAAKS	1	6794
TEATASKK	0	8841
QESSDAKK	1	6695
KASVAAKR	1	2630
SETWASKK	1	8172
RETTAVKT	1	7806
KETSASQK	0	9434
ADSVAAKI	1	19
KETNGAKQ	0	13583
KPTGAAKS	1	5261
QNTVAVKS	1	6973
EESIAANI	1	693
LQSRAAKL	1	6163
KLPAASKN	1	5118
KDTTASRN	0	15146
KETAASKS	0	10053
DESIASKL	1	216
NDTRASKK	0	15922
KTSSAVKL	1	5793
ESSSAVKK	1	2033
AETTAVKL	1	154
KESVAVKI	1	3953
RESIASQN	0	16169
QETAGSKK	0	11329
RQSGAVKK	1	7974
RESFAAKI	1	7323
EESFAVKR	1	655
IETSASRS	0	9551
KESRAAKE	1	3626
KASRAVKK	1	2605
LENAASSN	0	14820
KLTTAVKL	1	5152
KESSATKL	1	3754
LESVAAKK	1	6042
QGQTASRK	0	14929
KQSLAVKK	1	5398
KQTDATKL	1	5520
IQTTVPHH	0	14672
EETIAVKL	1	1299
KESAASTK	1	3195
KESNAVHR	1	3522
EESPVSKQ	0	10485
GSNSASND	0	9417
NESTATKK	0	13664
RESAASNK	0	16829
RESTAVKM	1	7543
REPAASNK	0	16161
KATSASLK	0	13290
LGPTVSKH	0	16635
LETTASYK	0	11909
EESIAVDL	1	710
IGTAASKK	0	15590
LKSTGVKK	1	6147
RESRAVDL	1	7471
TGTPASKK	0	12377
EVSTDSKK	1	2086
RDSTASKK	0	9396
KESNAVNV	1	3546
RESTASEK	0	11576
QESGAVKK	1	6593
EETDASKL	1	1190
IEATASIK	0	11365
EPTGGVDL	1	1788
QESSASVK	0	15335
EDTRESKL	1	456
QETTASRR	0	12931
RGTSASKK	0	9867
KESWGSDK	1	3987
EQTTAVKK	1	1993
KETSTVKL	1	4658
RESNAVKI	1	7430
KEATASMN	1	2960
KETEATKR	1	4114
KADTASKK	0	10812
RESDASNK	0	14137
KTSSDAKK	1	5794
KETNALKK	1	4360
KQADAVKK	1	5316
EETNSSKK	1	1378
MENTASKI	0	14827
AESEGAKK	1	35
RATHASKK	0	14956
PATNPSKK	0	10841
KETKAVKL	1	4308
HESFAADL	1	2213
TESPASKS	0	9006
EESMAAKK	1	750
KRTRAAKL	1	5711
KVARASEK	0	11674
EETHHSKL	1	1238
METPASKK	0	14009
NDPGVSKA	0	14018
KETTAVHK	1	4709
KLTTAVKK	1	5151
IESTVVKK	1	2482
NPRAASEK	0	15959
QIATASKK	0	12936
TNIPAPRK	0	14582
EESTATKL	1	1061
IEATASTQ	1	2423
KETIAAKP	1	4215
EETVASTL	1	1586
LETHAVKK	1	6062
PVTIAAKI	0	16721
KDTSASKL	0	12426
LATTASKK	0	9277
KQTDAVRI	1	5549
KETTASAL	0	10692
KQTLAAKK	1	5620
MDTTASKK	0	10636
EESADSKK	1	597
KPTGGVVL	1	5275
RDSSASKK	0	11945
KETAASAK	0	13910
RDSTAAKL	1	7197
KATPASIK	0	11631
LETHAAKL	1	6061
ESSSASKL	1	2032
ESSIAAKK	1	2025
TLPGASLQ	0	11457
KGSTASYK	0	14773
EATNASNI	0	13789
TVPTASKK	0	15049
TETTGSTK	0	13769
EATPATKL	1	352
KETHGVKK	1	4192
KQPSGSIE	0	11667
EVTAAVKK	1	2088
METSASKK	0	9995
MQVSAAKK	0	8902
RRTNAQTK	0	11050
DVGTASKT	1	268
EETTAVVK	1	1540
KGTAASDL	1	4963
DNIPAPKK	0	11465
RESGAVKK	1	7374
TEATASKI	0	13752
EETAASDL	1	1165
KESEGADL	1	3269
KASVAAKS	1	2631
QGTTATGK	0	12701
RPTTAVKI	1	7952
AKSSASML	0	9096
QGAPASNQ	0	16775
LEAIASTK	0	11905
KGSIAAKL	1	4911
THAIALNK	0	16301
QETKATKL	1	6818
METTASYK	0	14011
QESGDAVL	1	6599
PQATATKK	1	6449
KETTASAN	0	14358
IRATASRK	0	13277
KATGGSKI	0	15623
KETADAKR	1	4062
KETTASIE	0	9151
KESNGVKS	1	3591
VETTASIK	0	13507
VESTASKK	0	9960
EESMASKL	1	753
KVPTASNK	0	15864
KAVTHAEI	0	9324
QWTIASKN	0	11337
KETQASKL	1	4442
RETTASQQ	0	13461
AESDAVLK	1	31
RETAASIK	0	9734
WQPPASLK	0	15059
RESNAVKL	1	7432
EETVAATL	1	1576
KESIATKI	1	3386
KPTTAAKT	1	5296
EESAATKK	1	590
QDTTASRE	0	12692
KASVAAKL	1	2629
NHTRASKK	0	14858
ELNTAVKK	1	1721
KAATSSIN	1	2566
EESEGAKK	1	635
KESDAADL	1	3226
IETTASQE	0	10491
TETSASKR	0	13764
MESSAVKL	1	6215
EETIAVKI	1	1297
KQTIAVKL	1	5612
KQTTGVKL	1	5682
KGATASKL	0	13944
KETSASTI	0	15756
KESSGVKK	1	3797
KETSAVDK	1	4580
SEPNASTK	0	10657
EETNAVKK	1	1360
EQRVAPYK	0	8757
QQSRAVKI	1	7038
NESKASLK	0	12677
AETRAVKI	1	128
KVTSASKT	0	16610
KETRGSNK	0	10542
EETDARKR	1	1185
EEPRASKL	1	553
QESTASSK	0	15338
PETTGSNK	0	14063
KGTPASYE	0	12274
IEAAASNK	0	10425
EKSNAVKK	1	1704
KVSSAPKK	1	5866
RVSTAVKK	1	8087
ELTTATKR	1	1733
RSSIAAKL	1	8066
KESTAARL	1	3821
REPTASRS	0	13197
RVSRASQK	0	16884
KVTTASKG	0	15249
TETTASSK	0	12172
QGTRAVKK	0	14490
KETTASQQ	0	11299
NETIAAKL	1	6337
KETTAARK	0	11199
KETLASKV	1	4325
EESMAVKK	1	756
KRTNAQTK	0	9333
EPTGGAKL	1	1786
EESWGSDL	1	1142
EDSVAANI	1	426
KVTAGSAS	0	15244
KPPAASIN	0	9808
KVSSSTKK	1	5868
QQTSAAKR	0	8694
KESDASKK	0	12438
VETTASSE	0	8560
NETPASKQ	0	15939
KVSTASNK	0	15867
RESIAAKI	1	7383
TETTAVKI	1	8326
KERVAAKL	1	3176
QETAASEK	0	11561
KKTPAVKK	1	5100
RVHAAPSK	0	10267
LGPTGSKT	0	15892
EETVTSKI	1	1597
KWTHASKK	0	14815
RGALVSKK	0	16200
RETIAAVL	1	7661
KESTGSKK	1	3894
KQSEAAKK	1	5381
KVLPASNK	0	13634
KGPTASKL	0	13948
KLTWAAQN	0	12650
LESTASIK	0	12082
EESGAADL	1	663
TGTSASKK	0	10005
RGTTATGK	0	11719
QASVAADL	1	6470
HGTTAPEI	0	12575
KETTAADL	1	4662
AESEASNK	1	34
EPSSAVKR	1	1771
QETIAADI	1	6788
IESTDSNK	0	13836
SETDASDL	1	8145
RETAATDL	1	7604
KPTTASRK	0	13966
QTSSDADL	1	7094
NETTASQR	0	16675
TGTYASVK	0	10100
IDTTASIK	0	16416
RQSSASKK	0	14165
KESNDAKK	1	3567
IVATASKK	0	13278
KEATASKN	0	9097
REGIASNT	0	14517
QETSASLK	0	11935
HGTNGTKK	1	2381
KESVAVKL	1	3955
AESSASKS	1	74
RESTAVKR	1	7545
QDTVAAKL	1	6531
KGTTTSKN	0	13337
KPTTAAKL	1	5295
EETTAVKK	1	1526
KESKAAKI	1	3408
KLTPASKK	0	16568
RTTTASKK	0	15004
IETPASKK	0	9800
KGPTASKI	0	15787
RQTVAARL	1	8058
QISIAAKK	1	6944
HEATASEK	0	16398
PETTASNN	0	15304
KETHATKR	1	4180
EESFAVDL	1	649
KERPASEK	0	13893
AESAATKL	1	28
NPTGGVKK	0	14860
KGPSASTI	1	4899
NEATASKT	0	14439
EVTSAVKK	1	2098
KDTTASKT	0	9929
RGANASTI	0	12150
RATPATKK	0	8634
KEAHATKR	1	2941
RQSVAVKL	1	8012
RETAASDL	1	7601
MESTAEKR	0	10705
KETTAVGT	1	4708
KETTASRS	0	11202
KETTGSKL	0	16542
KETNSAKL	1	4408
KDASGSKK	0	12022
QATRASRK	0	14894
QVSAGSCN	0	12135
RETSAVKK	1	7760
KETVAAVK	1	4789
KQTLVVKK	1	5624
TETGASKK	0	10415
KQTSAAKI	0	10696
RESIASKL	1	7391
EESEASKI	1	626
QLTRATKK	1	6953
KVATDSNK	1	5819
TQSRAAKL	1	8362
AQSTAVKK	1	180
RETRGSKL	1	7751
DATRASKK	0	15069
KESHAVKL	1	3346
QQTSASKK	0	10031
NEPLASKK	0	9997
TQPTATYQ	0	10040
KETTASKN	0	8597
LATAASKK	0	13364
LETVASVL	1	6124
RQSTAAKL	1	7996
QESTASKI	0	12324
KETNSTKK	1	4430
SESTASKK	0	8753
IDTTASNK	0	14653
TETIASQN	0	14576
SETSASKQ	0	15010
KATTASQQ	0	16454
KEPPASYR	0	10690
YETTASRK	0	13237
KQTDAVKL	1	5534
RETPASTK	0	10652
IDTSAAIK	1	2420
EEKRAVKI	1	518
KENAGVKL	1	3058
IENNAVKK	1	2430
KESAASKT	0	11498
TETTAAVL	1	8322
KATIASKL	1	2665
KNTVAADL	1	5183
RGTTAPKK	0	10872
KGSIAVKL	1	4918
KDTTASHK	0	16466
RASVGAKL	1	7144
EETKDSKR	1	1323
KDTRAVKL	1	2896
RETRASKI	0	12714
NESTAVKR	1	6313
KVCAGSKG	0	9407
EESTDAKK	1	1076
LEITASKK	0	13996
NETTASDL	1	6358
EETRASRL	1	1403
KEASASVK	0	13082
KVPTALEK	0	15863
EETSASSY	0	12563
KQATASKK	0	9519
IPTGGVKK	0	11079
QERTASIK	0	16753
KISHAAKL	1	5058
VESTASTK	0	11605
EVPTALEN	0	15533
QGPAASYK	0	12503
KETTAAEK	0	12630
HDTAASKK	0	14641
KETTASFK	0	12841
KPTGAVKL	1	5265
EESTASTK	0	14623
SQSPASEK	0	11255
KQTDAADL	1	5495
MESRAAKL	1	6210
EESSAAKK	1	889
PKNSGSKK	0	10922
RETTAVIK	1	7796
KDPAGSTW	0	14690
KETRASKT	0	9535
KATTLADK	0	15636
PGTTATGK	0	16007
RDSAASKL	1	7179
NETNAADI	0	12884
EESIAADL	1	686
KNIPAPKK	0	8497
KSSSAAKL	1	5741
KESRDTKL	1	3684
QDTTAVKL	1	6530
QESAAAKL	1	6570
KETSAVLK	1	4604
EGTTRSDL	1	1678
LVKTESNT	0	9885
KETRGSRK	0	15200
EGSRPAKQ	0	12764
EETSDSKL	1	1473
EETVGSKL	1	1596
KQTPGVKK	1	5638
KESTAARK	0	14738
TETTASNT	0	9634
IETTAVKK	1	2518
RGATASKR	0	14150
EDPGVSKA	0	14617
EESTASKI	1	1046
KESRAAVK	1	3647
ELTSAVKK	1	1729
KESNGSKK	1	3582
EQTDAVKI	1	1936
EETDATKL	1	1195
MLSPAAKK	0	16646
KETTASVQ	0	9307
RETLASKL	1	7698
QETKASKL	1	6816
KETKSSKL	1	4316
KATAAVKI	1	2651
RQPTAVKK	0	9649
QETSDAKL	1	6871
QESNAVDL	1	6644
KETVASKN	0	13600
YSSHASSE	0	9206
KHTNASKQ	0	15803
KESNAVDR	1	3515
HESRAAKK	1	2240
KETSASDL	1	4568
EEATAVKK	1	488
QETTGARI	0	12126
RHSIAAKI	0	11159
QKTSARTK	0	16098
EETVAAKR	1	1573
RAATASNK	0	16806
NQTAASKK	0	13395
EEHTATKK	1	508
KGPIASNH	0	15212
NETSASSY	0	12680
IESTGSKR	0	15581
KDTPASKR	0	15660
EQSEASKK	1	1830
KVTTASTK	0	9575
MVNRARIE	0	8662
QETTASKK	0	8467
LQTLASKQ	0	11682
NETHAAKL	1	6335
EESVASKT	1	1122
QETEASKL	1	6773
REVPVAKK	0	12720
KQSTVVKK	1	5467
PEPSASKK	0	12103
KEIRASKK	0	11868
KGTTASKL	0	9423
KETTASSI	0	9879
QEHSASKL	1	6544
KANTPSVT	0	12798
IESRAAKS	1	2468
KVTAASRK	0	13124
LESHAAKL	1	5973
QETDASKI	1	6764
QGTTASLE	0	14933
TEASASLK	0	12165
LETTGSKK	0	9727
RQSTAADL	1	7994
KQSNAAKK	1	5403
EESSAAKS	1	895
QPRCASKE	0	16101
PAASASKK	0	16687
RGPSASEK	0	12974
EETRAVKQ	1	1414
NDSTASRN	0	14436
EETVAAKK	1	1570
KVTTAANE	1	5904
EETSATKL	1	1449
TDTTASRK	0	14196
KETRDSKK	0	12261
IHPTASEH	0	11749
KDSTGSKK	0	10972
KKDTASKV	1	5062
KDSAASKL	1	2774
LETTASKQ	0	10402
NESAASVK	0	16665
KESFAAKI	1	3274
KGATGVKR	1	4884
EQNDAVKK	1	1815
KEHSAAKL	1	2996
RVTQAIKK	1	8092
KESTGAKR	0	9667
RGTTASRK	0	11589
MVSTASNK	0	14014
FDSIAAYE	0	13043
KETKDAKK	1	4310
TATTASVE	0	9486
KAGTASKK	0	16439
KQTVAVKK	1	5697
QATTASRY	1	6487
LETSASYV	0	15262
EQSTASRK	1	1895
EETTGAKI	1	1553
KQTKDSKK	0	8504
SQSSGAKK	0	10481
RQSSDSSK	1	7993
QEGTASKK	0	11135
LGRSASTE	0	11911
KVTTAVKR	1	5913
QETDAVKL	1	6769
LGTPASKK	0	12668
KETTAVTK	1	4725
EAAPASKR	1	271
NGTTASIK	0	11123
EGNTAVKL	1	1618
EQTDDVKK	1	1950
NDHIASYT	0	9970
RETTSSKL	1	7830
KQTTGAKI	1	5679
QDTTASTK	0	12496
MQVSAAKL	0	10706
KDSNASKK	0	14309
LEARASKK	0	14415
RETSASAK	0	10943
IESIASKP	1	2447
LESTGADL	1	6038
KEHTGTKL	1	3009
NETTGSRN	0	11924
NETTASKS	0	14030
KGTPASNI	0	12059
LHSIAVKL	1	6144
KETVAAEL	1	4777
QKTAASLK	0	14936
KESSASKN	0	11190
KESTESKK	1	3878
HVSRAAKL	1	2410
EESRESIR	1	871
KDTAGSIG	0	15657
MATSASKK	0	9152
KHATASTN	0	13959
MATIAAKS	0	9188
KVANAVKK	1	5816
QESPASEK	0	14909
RESFTVKK	1	7370
RDPDASKI	0	14509
YENVASTK	0	13780
KATIAAKR	0	9746
QETPASEK	0	11562
TETSAAKK	0	12738
RETAATKI	1	7605
EDTLASKL	1	450
PDTAASKK	0	13401
LETSDAKK	1	6099
KETTDSKR	0	15768
KGTTASNN	0	13617
LESTATKK	0	12468
TNIPAPKI	0	10344
KETRDAKL	1	4515
IQTDAVKL	1	2550
TETTAADL	1	8313
EESAASTL	1	588
LETHESKK	1	6063
NGIVSSEK	0	9692
RETAASSK	0	14977
QESSASIK	0	9892
KENSASTT	1	3106
RQSTATKK	1	8000
KESRAANK	1	3638
KGAAASKK	0	10760
HDSAGSQD	0	16394
IPTTASKN	0	15596
KETRGSKT	0	10134
EESSASQL	1	946
KVTSGSKK	0	15874
RESTAANL	1	7529
NSPTAGIK	0	15970
SPTTASRI	1	8183
NATTASEK	0	11915
KERHASKL	1	3146
KQSSNAKI	1	5443
RETPASKK	0	8744
KESRDAKK	1	3676
AESNAVKI	1	51
KVTAASKR	0	15870
NETTASVK	0	9260
YEAIASTK	0	16340
NGTAASHK	0	10025
AATTAVKK	1	12
TESNAVKS	1	8242
RETASAKL	1	7615
KETTGAQI	1	4756
QESNAVKK	1	6646
NDSTASTK	0	9522
QGSTASKL	0	14930
QESSAVKL	1	6693
AESEAANK	1	33
EETDASKK	1	1189
MEATASSM	0	14007
KGTTASNQ	0	9572
KETRGSLK	0	15199
KEYRASKL	1	4879
QQYSAANN	0	16110
RQTTASKR	0	11345
HEPSASKK	0	13537
AETAAVKL	1	96
KESDAVKK	1	3240
KATAASYQ	0	9003
LETTAVKL	1	6115
EGTSGSKK	0	14626
EETSASRK	0	13802
IETSDAKK	1	2515
EESVASKK	1	1120
KATGATKL	1	2656
EESEASKK	1	627
HDTPASKK	0	13262
RKTDAVKK	1	7911
RGDTASKT	0	9038
EQSTGSKK	1	1905
TEATASTK	0	13000
KETDGSKK	0	9878
LESIASRK	0	15258
EESNGAKI	1	819
QESRGTKK	1	6678
KETSASIQ	0	11652
RETNSSKS	1	7724
PQAPGSKD	0	10193
KESSASAL	1	3728
EQTTAVKS	1	1995
KDHAAVKK	1	2752
PEPGASKD	0	8741
VETTASKR	0	16330
KESRHSKI	1	3704
NDAAASKK	0	14835
PETEASKI	0	12488
EATAASKK	0	14244
KQSTAAKK	1	5446
QGTKASQN	0	14932
TVTAGSKE	1	8383
KHTTDSYK	0	13962
QVATASYA	0	12946
KDTTGSKK	0	9375
KYTHAAKS	1	5927
RETRGSKK	0	8602
KETDAAKK	1	4079
KMNIAAKK	1	5159
NGSTAVKK	1	6371
KETTAAKP	1	4671
KETIGVKK	1	4279
KGTTASIE	0	10442
RETNASKT	0	15389
KGSTAATK	0	12273
EETWGSKK	1	1601
KQTTAVKI	1	5668
KASTTSKL	1	2625
RPTSASKR	0	16867
RETSGVRQ	0	16190
PENHASEE	0	9592
SESTATKL	0	14563
QATSAVKK	1	6485
EETRGVKK	1	1437
EQSTASDL	1	1892
KETTASET	0	10055
LGTGASKK	1	6136
RESRDTKK	1	7477
IEIAASKK	0	14285
KQTDALKL	1	5508
QEATASEK	0	11428
ENSRAVKM	1	1747
LESAAVKL	1	5960
QASNACDN	0	11020
KQTTGVKK	1	5681
EESSGTKK	1	1007
LETSAVKL	1	6095
TGTTASKN	0	13500
LEAAGSEK	0	11786
RHTAASKT	0	10235
TGSTASRR	1	8345
PETVASKK	0	9972
EQTTAAKK	0	8639
EKTDAVKK	1	1713
KPTTASKN	0	16578
KATSASKK	0	8802
RESFAVKM	1	7346
KASRAVKL	1	2606
KPSSAVKK	1	5235
RETTASYE	0	14148
KESSDAKK	1	3770
KASTASIR	0	10533
QVSAASEK	1	7104
TRATSSIK	0	15046
EESNAVIK	1	789
QERTASKT	0	16754
EETSPSYT	0	13252
TEAAASKK	0	11826
KQSSAADL	1	5427
EESTGAKR	1	1093
EESLAAKK	1	740
RETVASVM	0	11584
KESTASDL	1	3833
KDSTASQK	0	12810
WEPIASTK	0	14591
KETTDAQK	1	4737
QQSADSKK	1	7016
QESNAVRK	1	6651
PETTASKI	0	9298
KESAATKR	1	3199
ENSTAAKL	1	1748
EETIAADI	1	1241
GPTNADKI	0	15549
GETIAADL	0	10273
HETTASKQ	0	11277
EESTAARE	1	1034
NETTDAKK	1	6362
RESWAAKL	1	7580
KESWPSKK	1	4022
KENRASKK	0	13307
EETIASSK	0	15084
KETSASMS	0	12837
KQTPASQR	0	8499
KDTVAVKI	1	2932
TECTASKK	0	11962
LESTAVKL	1	6036
QEVSASKL	1	6910
AETTAADL	1	140
KNTVAVKI	1	5189
KESVAARK	1	3928
RETTATKN	0	12525
QETTDSKK	0	9357
RESFGAKL	1	7367
RETTASKH	0	9630
RETTDAKL	1	7822
RDTTASKN	0	11036
RQTNASIH	1	8039
HETFAAKL	1	2323
IETIGSKK	0	16424
REATASKT	0	11037
KATAASKT	0	14679
DETTASKI	0	9431
KESFGSKL	1	3309
IETSASKD	0	15585
KESTASVQ	0	16508
KETRATKT	1	4477
PETCASEK	1	6430
KESSASVL	1	3750
RETSASIE	0	16841
KQTRASKL	1	5642
KDSVAAKI	1	2837
RQSTASKL	1	7998
KELTAADL	1	3054
EETSDSKK	1	1472
KRKTASSR	0	15239
KLATASNV	1	5111
KQTVATKL	1	5695
KETIAAAL	1	4196
KEPSASKN	0	13567
HETTASEK	0	12208
KESNATKR	1	3508
PQATATEI	1	6448
KETRAPKL	1	4464
KESWGADL	1	3983
KEPNPSHE	0	9255
EETTDAKL	1	1544
KESEAADK	1	3248
KVRTASIK	0	14400
NERTASKK	0	13662
KESRDADL	1	3674
KEAAAVKK	1	2937
NETTASQK	0	10562
KESNAVVI	1	3562
LQTDAVKK	1	6174
QDPTASGQ	0	16031
YESSASDL	1	8444
TASEAVKK	1	8196
RESIAAKA	1	7382
KESNAVKL	1	3530
NDVAAAVR	0	15271
KQSMASKL	1	5401
DETIAAKL	1	246
GEAAASNK	0	15540
KEAAASNQ	0	13080
RAKNDSNK	0	16125
KETTAVKS	1	4718
QDTAASKK	0	10260
KVGSGVKL	1	5825
QESTGSKR	0	12695
KQTAASKQ	0	9379
KEAAASNK	0	8615
KESKAVDL	1	3416
RLNTGVKL	1	7917
QQTIASKK	0	14114
KENAASKH	0	8657
EDSVAAKM	1	422
QETTGSKN	0	12933
AESIAAKA	1	41
QESSASNK	0	13430
KESEAVKK	1	3265
SRTDAVKI	0	16902
EENTGAKK	1	546
EATVASKK	1	368
KDTTASHI	0	11758
KVTAASGG	0	10366
RASWGSKL	1	7146
QEANASIK	0	16036
QVSAASKK	0	16802
KESAASKK	0	8798
EGSTAAKS	1	1634
RNIPAPKK	0	8575
KETIAAKT	0	15190
EDSGAAKI	1	393
EQTTAVKI	1	1992
SETTASKM	0	11162
RETTASKQ	0	8632
QDWPGSLK	0	16745
EESFATKS	1	648
KDTTASKL	0	11182
EPTTAAKL	1	1802
YETTASKQ	0	14236
RGTADSIT	0	9764
QETTASRI	0	10721
YETVASKL	1	8454
YETRGSKK	0	10127
RENSAVKK	1	7271
KDSAASDL	1	2773
QETPAAIP	0	16064
EETIAAKS	1	1261
QDTSPSKL	0	16034
EESTAAKQ	0	12396
PEPNPSHE	0	15985
EESAASVL	1	589
RESSVSKL	1	7523
RETAAVKK	1	7610
RQSDAVKK	1	7970
QRASAPKK	0	14945
QESIATKL	1	6616
KQITASKK	0	13969
KQTDAVVK	1	5557
QKSSASKL	1	6947
KESTASYK	0	9967
EESSVSKL	1	1020
EESDSSKL	1	619
NESWGSDL	1	6319
NESTASTK	0	10708
EESSASTK	0	16367
RATTASKI	0	12341
QATTATKK	0	12914
NETRASKK	0	10453
EETTSAKK	1	1563
NETPATKK	0	15940
KETFASDL	1	4135
QVSIAAKK	1	7106
KQITAAKK	0	15232
KVKSASKH	0	12284
EGTTDPKL	1	1677
KDNNAVKK	1	2762
NESRASKL	1	6294
EQATASKK	0	13530
KAPTASKK	0	9707
KRTTGSRQ	0	9992
RESWGVDL	1	7594
KESPASKR	0	13899
KQTRAAKL	1	5641
KQPTASNR	0	15831
KESPASKT	0	15722
KERTASKK	0	8837
EQSTAAKR	1	1884
QEATASEI	0	16746
KETDATKI	1	4089
RQTTATKK	0	10874
KESKFAKI	1	3424
QNTVAAKL	1	6967
HETTASKK	0	8523
RHSRAAKK	1	7902
NEFRASKI	0	10091
EEAAASGK	1	478
RETSAVKQ	1	7764
KQSYAAKI	1	5486
QKTTASKK	0	9676
VEPTASKK	0	11165
KQTDAAVK	1	5505
KDPGVSKK	0	11754
QESIATKA	1	6615
KPNTAVKL	1	5215
KETNGSKK	1	4398
LRTSATKK	0	13653
KERTASIQ	0	15715
KEPRASKK	0	14723
KESTGVKK	1	3900
KETAVVKK	1	4074
KETTAVDK	1	4705
KASVAVKL	1	2638
IESWGSKK	1	2487
KETTDAKK	1	4732
ETSSDAKK	1	2053
EETSAVTK	1	1467
EESRAAKK	1	840
KESTAVKT	1	3858
KEAAASRK	0	14701
LEATASIK	0	12667
KESNGVKI	1	3588
EESIAAKI	1	687
KNSIAAKK	1	5168
NATTASSK	0	10509
PESTAADL	1	6424
KAATASKK	0	8817
VQSTAAKL	1	8425
EVATARNG	0	13255
KESGDAVK	1	3327
RAHSDSIE	0	9081
NDPTASKK	0	14435
YVAAASKK	1	8459
RQSVAAKL	1	8009
KGTSDAKK	1	5011
HQSTAVKL	1	2396
QQTTVSHT	1	7079
LDTTASIK	0	14818
QESTATKK	0	12325
IDSTASKI	0	12004
KGPTASKE	0	13104
RVPNASRR	0	14556
SESHASKL	1	8116
KESNGVKK	1	3589
EESDAVKL	1	617
KGSEASKK	1	4907
RETTASAT	0	12717
EESTASDR	1	1045
KETNASKE	0	13582
IRTIAAKT	1	2551
TEPTASRK	0	13756
EESFAVTK	1	658
EESTAVKK	1	1065
LESRGSKK	1	6013
KQSSGTKK	1	5442
QVANASNQ	0	14946
KESTGSTK	0	12618
PETGASKK	0	10638
MEPTASKK	0	15901
KEAEASNT	0	10616
KQSSAANL	1	5433
KDSSAVKL	1	2817
EESSAVKS	1	974
QETTAADL	1	6877
RETRDSKR	1	7745
QEPGGSVK	0	13169
EEAPASKK	0	14620
KPSTGVKL	1	5246
HPSTGSHT	0	15565
KETTGARI	0	9643
TESPASKK	0	9341
LETLAMGK	0	13372
TVAWGVNN	0	16320
KETNASKT	0	11192
REPSAVKK	1	7282
KESNEVKI	1	3574
QVTAGSKK	0	16116
KDTAASIK	0	13864
EETNAAKL	1	1354
KATSASSI	0	13555
QGTTASYK	0	14493
KVATASTK	0	11675
KQNTASKK	0	13113
KQATASSR	1	5320
RETSASEK	0	10653
KETIASKL	1	4242
EETIASKI	1	1284
KGIAASQQ	0	15784
KQATASTK	0	13627
EESSGAKI	1	999
KEATAVKK	1	2961
KEQTASKK	0	11496
KETRAAKI	1	4446
EVSIAADL	1	2070
KESWGSIK	1	3989
KETMAAKK	1	4337
QESSAAKK	0	16755
TESHASDK	0	10590
KQTCASRK	0	12280
EETTASKL	1	1515
KDTPASEN	0	15658
KESFAVTK	1	3303
EETTASMK	0	12761
KNSRAVKL	1	5177
NESTASKN	0	14025
QETNASKQ	0	14917
KCSPESKL	0	9076
SEAPASKK	0	16891
LEPNPSHE	0	8573
TATVASKL	1	8204
KESTASRE	0	10983
RETIAADI	1	7647
KASTGVKK	1	2623
KETEVVKK	1	4124
KETIASVK	0	12621
KETPAVRL	1	4436
NETTASEI	0	15945
QETIAAKL	1	6792
IESTASIK	0	10895
KENSASIK	0	15699
KESTAAKN	0	12039
QESTGSIK	0	9974
KRTTGSQK	1	5716
EETTASKV	0	15512
KDTFESKL	1	2865
EQTDAVDL	1	1933
QETAASKE	0	14912
LESNATKK	1	5993
PQATASQK	1	6447
EDTLASLE	0	13035
NESKASKL	1	6280
KETTASTQ	0	10283
NETSASKL	0	11922
EPSSAVKK	1	1770
KETTGTDL	1	4759
RDTDAVKL	1	7208
PETTASKK	0	8471
KETTASAT	0	11297
HESHAAKL	1	2218
HEATASGI	0	10008
RETAASNS	0	8481
KESRASTK	0	11647
KERKAVKK	1	3154
QESTAAKK	1	6704
KERTASKR	0	13894
KQSAGSKK	1	5362
KAPAASKK	0	11081
KVTEGVKK	1	5878
RKNSGSKR	0	11448
QETEASKK	1	6772
KSTIAAKK	1	5760
KASTASIK	0	10492
KGTTASLK	0	9752
KETTAAKE	0	11096
HESNAVDL	1	2230
EGTSAAKI	1	1665
PETAASKL	0	9559
LPRTASQK	0	15895
TTTVGSKN	0	10309
QETTGSKT	0	15355
MANAASMK	0	15900
QETVAVKL	1	6905
KVSTAAKK	0	11112
KERIAADL	1	3147
KQTRAAKK	1	5640
KHTHDAKL	1	5052
KETRAANL	1	4452
HESNAVKM	1	2234
QSTPRSLK	0	10468
IESNAVKI	1	2461
QATSASIK	0	16736
KQTDTVKL	1	5574
QETTDAKK	1	6891
NDTTAAET	0	12672
RESGDAKK	1	7375
LETTATSI	0	10448
LVHAAPSK	0	15899
QEPPASKR	0	14904
EDTHAADL	1	440
KENNAVNK	1	3091
KQTTAAKS	0	15840
KGSTAVKI	1	4939
RARTASKK	0	16808
KESWCSKK	1	3980
LESSAVDL	1	6019
EETRGAKK	1	1430
KQGTASKT	0	15824
LETSDAKS	1	6102
KETRAATL	1	4455
LQTAASKK	0	14824
SETTASSE	0	16249
QDSAASIR	0	10846
NQSAVVKK	0	16680
KESRAVKK	1	3668
HEVSASKK	0	12000
PGSMASKR	0	9758
KGGAGSKE	0	12637
LETIAAKL	1	6067
NATIAAKK	0	16653
EETSASKL	1	1446
KETVAATK	1	4787
TGTTASEK	0	14216
RESMAVKM	1	7416
SESTGAKL	0	8718
KGTTASNR	0	12644
KGSMASKR	0	8627
KQRLASLT	0	12858
TETSASNK	0	10740
EESFGAKL	1	661
QETAAVDL	1	6754
QETTASTR	0	13696
RRHGASTM	0	11593
TNIPAPKS	0	11601
KESTASKI	1	3834
KESAVSTK	1	3216
IESNAADL	1	2458
KDTTGSNK	0	15148
KETTASHK	0	9129
RESAATKL	1	7295
KAPTASKN	0	15612
QDTSGSKK	0	14472
QETSASEI	0	16069
TETTASKL	0	8885
AETAASKK	0	12388
GVTVASIK	0	9604
QDPTASQK	0	14073
YETTASQK	0	16345
QMNIAAKK	1	6959
ESSSAAKL	1	2031
TRTTASKL	0	15468
ALANATTR	0	9271
HQTDAVKL	1	2403
QESKAAKK	1	6620
KQTDAVKS	1	5540
LETTASRL	0	12469
PQTPASQR	0	11424
EDHMGVKK	1	376
ESSPASKE	1	2027
RGPTASKE	0	16202
KETAAAKM	1	4034
EEKIASKK	0	11468
EETVAVKV	1	1593
HETTVSDQ	0	13829
KETTESKK	0	16539
HETSAAEK	0	11474
EESLATKK	1	744
KQTYAVKL	1	5702
TGSIATKL	1	8342
SGTTRSDQ	0	13749
LETISAKL	1	6070
KETNASLK	0	11878
TPSSAPKK	0	11164
EAATAVKK	1	274
KVKTESKK	0	10057
TQPTGSEQ	0	12553
AETHASKL	1	105
EETIAAKN	1	1258
QESEASKL	1	6580
KDRSASYN	0	8489
KATPGWKK	0	12420
KGSNASKK	0	15214
QETHASTK	0	15344
NETTASVT	0	10289
KAIIAAKS	1	2568
EENTGVKK	1	547
KETVASKS	1	4807
EESQASKL	1	835
EESISANL	1	723
KESEASKI	1	3258
IVTSVSTK	0	10612
KESSASVK	0	10620
KETSDTKL	1	4635
IETNASKL	1	2505
RETTASVI	0	11157
EQAHAAKL	1	1811
HSSRAAKL	1	2407
KQAAASNI	1	5315
PETTASHK	0	12903
TETTASKE	0	10595
IETSAVKL	1	2514
HEPAASKK	0	12571
QETSASKK	0	8596
EETNAVKL	1	1361
QASVGAKL	1	6476
RDTAATTK	0	9842
EKTVASKL	1	1718
KESNAAIK	1	3467
KENTGSMK	0	11092
IESIASKI	1	2443
PETTAAKM	1	6436
KEPTASNQ	0	15711
KEAMRSQE	0	15673
RQTSAAKR	0	8664
KEPTGSYK	0	12824
PATTASRK	0	11795
LETTAAKL	1	6108
EQRFDVKR	1	1817
EESSAADI	1	883
EETYASTK	1	1607
KETSAVNQ	1	4609
KETDASEE	0	15739
RQTSAVKL	1	8045
KESRASDK	1	3651
EEAAASNK	0	9550
LKTEGAKV	0	11540
KEDPGSQR	0	14711
KETSASEK	0	9014
KPTAAVKK	1	5249
KQTPVAIK	0	13114
KQTLAAKI	1	5619
IESPASKK	0	11366
KGTNGTKK	1	4991
KETTAVVL	1	4727
EETVATKI	1	1588
TEKTASKD	0	15021
KGTTAPEK	0	13955
TQTTASTK	0	16315
RRTAASKQ	0	8586
EPTGGVKR	1	1794
NESTASRR	1	6308
EDTTASKK	0	9342
RETTASVN	0	11582
KESAAAVL	1	3189
KETDATKL	1	4091
KETSDAVL	1	4629
NETSGSKK	0	12480
KDPAASKK	0	10685
KATIAVKL	1	2672
EESDASKK	1	613
EVHAAPKK	1	2065
KLTVAAKL	1	5157
MESNAVKL	1	6208
EDSAAVKK	1	384
TETTASIK	0	9040
PEPTASQK	0	13404
KAVTASRK	0	11375
QATTASRK	0	10462
RETAASLT	1	7602
KNIPAPKT	0	16571
EPTTAVKK	1	1805
IQSSASII	0	11628
TESRASLK	0	15451
NETSASAT	1	6349
REAAASNK	0	8891
NEPPASIK	0	13384
EESSASVT	1	954
KETSASKA	0	9199
KETLAVKI	1	4328
TETSASKI	0	9192
LDNTASKE	0	13642
EGSRASKL	1	1630
KDSVAAKK	1	2838
SETEASKI	0	16244
EETLAVKR	1	1339
RESFALKK	1	7327
QESTASVR	0	16757
KESRDVKK	1	3686
KETRASDL	1	4465
TETAASTK	0	11831
KQSASAKL	1	5363
EETIAAKT	1	1262
SETIATKL	1	8148
KQTTASKR	0	8925
HESWGSKM	1	2298
KETIASKQ	0	10904
QQSAASTK	0	9660
KAATASTK	0	14675
KETSGSRK	0	14754
KESNAVHQ	1	3521
KQTAASWK	0	10997
EDTDASKL	1	438
RETKAVKL	1	7691
NETIAANL	1	6338
KETSVPKK	0	12629
QETIASKA	1	6801
TESWGSKI	1	8263
IEPIASTK	0	9042
KPTRLAEK	0	12066
AETTAAKI	1	141
QLTRAVKK	1	6954
KPTSAVKL	1	5290
KDTTASQN	0	9684
KPTTGVKK	1	5311
KEGSASTK	0	14327
KETTASSR	0	15766
RDVAAAVR	0	8520
QETTASNR	0	12331
EDAIGSKL	0	13792
EEPTASRK	0	15504
EESEGAKS	1	637
KDTTAADL	1	2908
SESSAADL	1	8125
PPTTDSKN	1	6446
PEYTAVKK	1	6437
GQSRAAKK	1	2163
EETNATKK	1	1357
KKSTAAYK	0	10994
SETGASKK	0	14564
KETNGTKR	1	4401
LETIAADL	1	6065
KSTSAVKK	1	5773
KASPASSK	0	9169
KEPVASKL	1	3138
EESCGSKK	1	607
KASWASKL	1	2643
NDTTGSKK	0	10918
RESVASVL	1	7575
RATKASTK	1	7156
KEASAVKL	1	2956
CQTDAVKK	1	200
KDTTASDK	0	12226
KGTTGSIK	0	9557
RETRGTKK	1	7752
RETTGSRK	0	16852
EESSAVNL	1	978
EPPAASIN	0	8604
KGPTASLK	0	14770
EETSDTKK	1	1476
KETTASCK	0	11885
EESSAVKN	1	970
RQSTAVKI	1	8003
KEATASMK	0	15679
IDTTASKK	0	9180
HAPPASNK	0	15550
EESNAIKK	1	773
RESRDAKL	1	7476
EESYAAKL	1	1157
QVASASKK	0	14501
IELAAVKK	1	2428
EESKAAKL	1	726
KVSHAAKK	1	5846
QEAPASEI	1	6537
KVPSASKK	0	11676
KSTIGSKK	1	5763
RQTDASKL	1	8021
RDTNASKR	0	9562
IQTPASKK	0	13065
EESTASKL	1	1048
KVSKGSRG	0	11901
QGTTASKN	0	10930
KQPTAADL	1	5343
EESTGSKR	0	8709
REPNASKN	1	7280
REICAPKK	0	9367
YEASASKR	1	8438
TETTASDK	0	11354
PDPTASDK	1	6405
TETSASKL	0	12375
EDSVAAKR	1	423
QEMIASNK	0	16749
RETYASKK	0	16196
KERTASEK	0	14336
RESFASRL	1	7333
KETPASIK	0	9221
QESTAPGR	0	11806
KTRSATKL	1	5789
RKITASIK	0	10729
KATRAVKK	1	2700
KERSASET	1	3164
QLTTASKK	0	13182
EENAASKH	0	10007
EPTGGVKK	1	1790
EYTHAAKL	1	2108
RETIAVKV	1	7675
KESVASTL	1	3944
KETPASKL	0	11503
KASKASKL	1	2590
KGNSASSK	1	4893
KNTVAAKK	1	5185
RDTRESKK	1	7217
EEAAASKK	0	12193
KESTGANK	0	9642
EHTSAVKK	1	1698
PETIASKK	0	9409
KQGIASKQ	0	11526
KEKIAADL	1	3030
TESSAVKI	1	8253
AATSASKK	0	9564
RESSASKI	1	7487
KESWGVKS	1	4021
KNCSAAKC	1	5163
KQTNAVKI	1	5632
QEPTGSIE	0	8579
TATIASKK	0	14190
KESTGVKI	1	3899
EDSTAAKR	1	411
NETEASKN	0	15936
KETHASKT	0	13922
KETIAAEK	0	15189
IPPTASNK	0	10752
DEPTGSTK	0	13787
EETIASTK	0	13801
EETVAVKL	1	1591
VDTTASKK	0	12383
SGTSAEIK	0	12988
QENTASEK	0	11703
KESTASKS	0	13574
RQTSASNQ	1	8042
SEAAASNK	0	11161
KEAGASRR	0	12026
KESLAVKR	1	3441
KGSTASKI	0	8611
KEPTASLK	0	10756
QETVASDL	1	6899
EESSGVKL	1	1009
PRSPASKK	0	16717
NDASASKI	0	9860
RETRASNL	0	12715
KETVAVDM	1	4822
KATKSAKQ	1	2685
KQSNASKL	1	5406
TETTSSKE	0	11731
RETTATKK	0	12971
KESVGSKQ	1	3965
KVRTAVKK	1	5839
KQSYAAKK	1	5487
QESKAAKL	1	6621
MESTASRK	0	16644
AQSTAAKL	1	179
TESTASKL	0	15452
RETTASKD	0	10379
KGTVAAKL	1	5028
QETTASRL	0	9286
KESTASKM	0	8640
EATRASQV	0	13243
KATTASEI	0	13070
RESTGVKL	1	7563
KDSTASNK	0	8967
TVTSASGK	0	16323
TRITCARK	0	9102
KESCASKI	0	9493
NVTPASKK	0	11124
PETRAVKI	1	6434
KQTSASNK	0	11310
KETTASNS	0	11200
KATNASNK	0	15130
SGSTASKK	0	14180
KPTDAVKK	1	5254
KETKAVKI	1	4306
KEITASSK	0	12029
TETIAAKL	1	8281
KQPADAKK	1	5337
QETTASYR	0	16772
REATASRK	0	10153
TETIAVKL	1	8284
EESLAAVL	1	742
PEASASDD	0	15980
KPCIAPGK	0	16573
QQTTGSKR	0	10643
ERTTASKL	1	2020
KESSATDL	1	3752
VVTTASIK	1	8429
KETMAVKS	1	4352
KETVAAKL	1	4780
KDTTAASI	0	10687
RESQAVKK	1	7457
KDTTGAIK	0	15147
KETAASNN	0	13319
KETAASKL	1	4037
MATAASKK	0	12670
EETSGSDL	1	1480
REITASKK	0	9442
RQTKDSKK	0	9920
KQASGSKQ	1	5319
LESTVSKK	1	6039
QVSIASKK	0	9414
IETDASKV	0	15582
VETFAAKL	1	8405
EENNSSKL	1	533
KETNASNK	0	10282
PQTTASKN	0	14883
RQTAASAK	0	15414
NESSASEK	0	12881
KESTASYE	0	11502
RAISASKK	0	14953
QLTKVELK	0	16100
HESWGADL	1	2289
SESFAVKK	1	8114
YETTASKL	0	10954
KESTAVRL	1	3863
TESIASKK	0	13757
KESNAVRE	1	3553
EETSGSKR	0	15087
QQTNAVKK	1	7065
KKSFAVKK	1	5067
KDTTATKK	0	10105
QLTWAAQN	0	16789
KESSNAKL	1	3800
KETAASMK	0	13912
QETHASDL	1	6780
QARLASRL	0	9203
TESTAVKK	1	8257
TQKTASKQ	0	11262
KETRAVKM	1	4489
KESSASRL	1	3747
GESSAVKK	1	2135
IETLASKK	0	16425
EESSDAKL	1	988
EETIAAKQ	1	1259
KETPASMK	0	12260
EESEASKS	1	629
KESTAADM	1	3810
KVGSDAKL	1	5823
KNSSASKL	0	14786
QETNASKT	0	16762
RDTTASYK	0	14962
QVSPGVKK	1	7112
ESTTAVKK	1	2046
RESAGAKK	1	7305
KETIVAKL	1	4290
EESNAAKS	1	767
KASTTSEL	1	2624
EESSALKL	1	916
KESFAVKK	1	3291
AASRASKL	1	3
RETDAVKL	1	7623
KETRESKL	1	4525
IETTASVK	0	9802
RDRNAVKK	1	7176
KESVATDL	1	3948
KDSAAVKL	1	2777
RKTVASTK	0	14996
KESASTKK	1	3215
RAAAASKK	0	15371
MVVGIWKK	1	6248
AQSKAVKL	1	176
EGSTAVKR	1	1641
KETTESKL	1	4748
TVTTASKK	0	8899
RRTTASYH	0	12531
KESWAVKK	1	3978
NATTASQK	0	14433
SVPSAPMQ	0	14185
EVRAASKK	1	2068
QDSVAAKK	1	6514
QESNEVKK	1	6654
RQSAASKK	0	13739
EESSAAKA	1	887
KHSTAAVR	0	13961
RLGRASSM	0	14997
KESNASDL	1	3492
KELTASKL	0	12240
QESMAVKR	1	6636
IEPAASKK	0	12007
KETPASKK	0	8559
KESNAVKK	1	3529
KGATGSKK	0	15782
KDSTASVK	0	9928
KQTFAVKM	1	5586
KETRASKE	0	14351
KESMAVTL	1	3461
KETSAVSL	1	4616
NEATASKK	0	9063
KQTRAADL	1	5639
REPIASKK	0	11572
KGFNAAKK	1	4885
QASSASKV	0	12911
QQTPAAKK	0	14498
RGTTASNN	0	16212
RETAASPI	1	7603
RPATAAPK	0	16218
KESGATKI	1	3318
KESWGSKR	1	3998
KETTASTV	0	11886
EEHSAVKL	1	506
KDTTASSK	0	12813
SDATASKK	0	8607
EESNDAKK	1	816
QGTIAVKK	1	6931
RERTASKK	0	9528
KETSAFKK	1	4563
QESSASQL	1	6688
KEQTASYR	0	13313
KESTASVK	0	9033
REISASKK	0	14518
TDSVAAKI	1	8208
NETFAAKL	1	6334
KDTSASKI	0	14698
KGTTASRT	0	15798
EAPTASEK	0	14612
EDTTASTK	0	13521
KVNTASYR	0	9710
KQSTASKL	1	5453
KECPASKN	0	13562
KESTDAKK	1	3867
TETNAKKK	1	8288
EETTASDM	1	1513
TETRAVKI	1	8301
KDALAEKK	0	15638
KETIAVTK	1	4265
REHSAADL	1	7241
PETTASLE	0	14060
SETSAVKI	1	8160
KQTSASDL	1	5652
QVTPASSK	0	16117
RVTGASIK	0	12727
EQKTASKQ	0	11171
LGASASNK	0	16634
KESTGAKD	0	13909
MDTEASKR	1	6197
SESTAVKL	1	8134
KEATSSKK	0	10242
IELAAADL	1	2426
KESPAADL	1	3607
PDTTASKK	0	9034
EESLAADL	1	739
QETAASKN	0	10855
EERVAAKL	1	573
KQSRDAKK	1	5422
LESRGTKK	1	6014
PAATASQK	0	10456
TETRAAKL	1	8298
QATKSAKK	1	6480
TETNSSKK	1	8294
KASVAAKK	1	2628
EETTASKT	0	8864
QETSASNE	0	10641
KGGSGSKL	0	8901
QATSASHK	0	14895
NEATASKN	0	14438
KESGASKK	0	11292
QERAASYK	0	10197
EETVAVKI	1	1589
ENSIASKL	1	1744
RVTSASIK	0	12155
EVTHDAKL	1	2091
KQTTATKL	1	5664
IETAASKI	0	12412
KEAPASIK	0	14321
KSTTAVKK	1	5777
KSTTAVKL	1	5778
KETEAAKL	1	4105
EENNAADL	1	524
KDTNAVKL	1	2890
KETNAVKL	1	4375
RESMAAKL	1	7411
KLTTATKL	1	5147
NASTASAT	0	9728
RVTTAVKK	1	8096
QASIAADL	1	6464
RESSATKL	1	7498
KESEASVK	1	3263
TRTNAQTK	0	13020
IESTASKQ	0	15579
KETEAAKK	1	4104
KDPGASYK	1	2765
RETISSDL	1	7678
QETSDAKR	1	6872
KESTGAKI	1	3886
SETTGAKI	0	12367
KDPTASLK	0	14307
RGSPASKK	0	10790
KQTDDAKK	1	5561
LESCAERK	0	10555
TRTDAVKI	0	14223
QESEASIK	1	6579
KGDAASQR	0	12636
KESIASKT	0	12439
KESSASNL	1	3744
REATASEK	0	10934
AESAASKK	0	8553
KKGNGTKR	1	5063
AESRAVKK	1	65
KESHDSKR	1	3348
EESNGSKK	1	822
PETTGSKR	0	14062
QVPTALEN	0	11566
RNTTAVKK	1	7924
EESNAANK	1	769
IVSAATNK	0	15598
KVTTASNE	0	16614
QQGSAANK	0	8771
HESSAAKL	1	2248
EETTAANL	1	1500
KRTAASKK	0	12659
QQSADSKL	1	7017
RDSAASQK	0	16813
KETVASKK	1	4802
KRSTASVV	0	10183
RESTASKQ	0	9484
LESSDSKL	1	6024
RETSGSTK	0	16189
EETSGTKK	1	1482
KDASAAKP	0	9585
TKIPGAKL	1	8349
QETIAAQL	1	6796
KENAASKK	0	9803
QETTASNT	0	11807
RGMAVSSI	0	14152
RETVGAKL	1	7847
QGTSAVKL	1	6936
KVTAASKT	0	10699
QATTASKE	0	12913
EETAAVKL	1	1171
TDTTASEK	0	16263
QDSTGVKK	1	6510
IRTPAAKK	0	8943
GESSASKT	1	2134
KETNASKQ	0	10438
DESTGAKL	0	9662
QVTTASKL	0	16119
EQTDAVKL	1	1938
EDTTAVKR	1	470
KEATASQK	0	10536
RPTGGAKL	1	7944
SETTASNQ	0	10734
TEAIASTK	0	10307
KDTTASIE	0	12227
EELAASRE	0	9153
NVATASDK	0	9541
EETDAVKL	1	1198
KPTTAVNK	1	5306
KETPASSK	0	9668
QETDGSKL	1	6770
RESRASDL	1	7463
KESAASIK	0	9825
EPSNARQR	0	15527
KQAAASKK	0	15820
ESSGAWEH	1	2024
KQTTVSKT	0	15844
KVTSAEKH	0	10186
QDPAASKK	0	13164
KEPTGSKL	0	10050
TETTASKQ	0	9401
KETTASQR	0	9363
EENNAVKL	1	530
EVTTAAKL	1	2099
RVANASNQ	0	13469
RQTIASKR	1	8037
PVTTASTK	0	16020
QGSTATKK	0	14931
KESTSTKK	1	3910
QETNSSDL	1	6840
DETIAAKK	1	245
QEPTASKR	0	13426
KGSSASEK	0	11889
NEARASTK	0	14437
RETTDADL	1	7820
RETAASNK	0	8712
KHSVAADL	1	5046
EGTTASKL	0	15093
KETNASEK	0	12258
EQSWGSKL	1	1918
GETTASKN	0	13812
KETKAAKM	1	4297
KESTGAKK	1	3887
QATTASLK	0	16737
KQTDAVDM	1	5524
QAPSASDL	1	6461
RASIAAKS	1	7131
KDRGGVKK	1	2766
KQTKAVKK	1	5616
RDSVAVKK	1	7205
KETNGSIK	0	15747
KESTASKE	0	9933
NQRFDVKK	1	6384
EESRGAKL	1	874
KETTASVK	0	8478
KESEATKK	1	3264
KETTCSTK	0	11512
YGSMASKR	0	12182
KESTAIKK	1	3831
RERADSNK	0	9483
SASTAVKK	1	8099
KEATDSKK	0	13880
ELTKAYLK	0	15524
EESFATKL	1	647
LESTAVKK	1	6035
KETTAVDI	1	4704
RESTASKL	1	7534
QDATASKI	0	16739
KEATASQN	0	10046
QPPSASFV	0	11811
MEPPGSKN	0	11218
EETMAADL	1	1340
LEGTKSQK	0	11535
EETTASLK	0	10805
EESSASKV	1	939
KEPTGSIN	0	16496
KEPSGSKK	0	12610
EESSAAVL	1	909
QEATDSTK	0	10926
KQTSASLK	0	15838
RQSTATKS	1	8002
EASRAAKL	1	298
RAANASYE	0	14120
EESNAVRL	1	807
LETTASSK	0	13648
GEPTGSNI	0	8984
KGNTAEKK	1	4894
KETRAADK	1	4443
RGTTASNK	0	10413
QEASASIK	0	11803
KESSGSDL	1	3791
QATPASIK	0	16732
IETTASIE	0	15588
SEATASNK	0	15427
EERSGSKK	1	571
KANTGSKK	0	11180
MGATASIR	0	14429
KQSTASVK	0	14383
KETAAVKI	1	4046
EESSAATK	1	905
EESTDSKK	1	1078
LETIAAKK	1	6066
REPSASKK	0	10937
HESFAVKL	1	2216
PATTASIK	0	15289
KKSTGAKK	1	5090
KETTAVKI	1	4711
LESRAAKL	1	6002
KQTHAVKR	1	5599
QEPTASRK	0	14906
KATKASKK	0	14683
EATAASKQ	1	322
EGTIAADL	1	1653
QETTASTQ	0	16079
KVSSASIK	0	12661
HETAASIK	0	14646
KDSTASRN	0	9566
KESSAALK	0	15724
RGTSGSKK	0	11718
KERRGSRG	0	12825
KESTASKN	0	9072
QEQSASKT	0	16047
RESRASRK	1	7465
QATNVSKK	0	14069
KDSTASKR	0	11863
LESVAADL	1	6040
SGTSAEYI	0	15014
KLIGASVE	0	13622
KATTGTKR	1	2719
QETIAVKL	1	6807
DGIAASKE	0	15493
IGTTASEK	0	15592
REASASKL	0	14127
QGDTASKT	0	16086
EESSAVKQ	1	972
KETIAVKL	1	4256
KVSTASRK	0	14810
KESLAAVL	1	3434
NPTIAAYS	0	10062
KDSPASTK	0	15652
QETAASNS	0	9229
KTTGATDL	1	5799
IHTTASRK	1	2534
QDSNAVKK	1	6505
KESVAAVT	1	3932
QETSASKQ	0	11142
KDTDASKK	0	16463
QPSSGVKK	1	6979
RVTTASKQ	0	10002
TETKASKK	0	15023
KETNASEQ	0	10987
KGTDAVKK	1	4969
RESLAVKL	1	7409
KESPASTK	0	13571
MESNAVKI	1	6207
RQSSAVKK	1	7992
KETWGVKK	1	4852
NETPASNK	0	11122
IESKASNK	0	11477
SQTKDSKK	0	12540
EVKTESNT	0	9681
RQSPASKK	0	12726
RVNRARIE	0	13470
KETNAPTK	1	4361
EASTASSE	0	13519
KQSWGSKR	1	5482
IDSIASKK	1	2418
KRTPSAKN	0	15846
KQSVAAVL	1	5475
SATTASIK	0	16237
KESWATKK	1	3976
AEAAASNK	0	13031
NESTAVKK	1	6311
EPNTAVKK	1	1763
REKTAVKL	1	7262
NETSAVKS	1	6353
NTKTEVKK	1	6396
RESVAAKM	1	7571
KGATASKR	0	15210
LDTTAVKK	1	5947
TESVASKK	0	9462
NQPTASKE	0	15964
LQTSAAKR	0	9225
KESDAVKR	1	3242
KAPIAAKL	1	2572
KSTNAVKK	1	5767
HESSASKK	1	2251
QDTTASYS	1	6528
EETTATKQ	1	1522
NDTTASRK	0	13661
KTSRGTKK	1	5791
TEDIASHD	0	14199
EESVASDL	1	1118
KETLDSKL	1	4334
KEATASEE	0	14322
HESWAVKK	1	2286
KESNEVKL	1	3576
KETSSSKL	1	4653
RETIAAYL	1	7663
EETPGSKK	0	15085
KATTASQR	0	15632
PDTTASVK	0	14456
REPTGSNI	0	16826
NEPTASQK	0	8867
KEGTASQK	0	10755
KASVASVK	1	2635
NEAMASKK	0	11121
HETNSSKL	1	2340
GDTTAAKN	1	2117
KEITASTK	0	15694
KDRTAVKK	1	2767
KAPKASIK	0	12586
RETTAVDL	1	7793
EESFAVKI	1	650
KEPCASNS	0	13309
KESSAADL	1	3714
EESNAADL	1	763
KETVAVKQ	1	4827
KASIAAKI	1	2578
NDTSASKK	0	11222
EETLAADL	1	1325
QEITASKK	0	10465
EEATASNK	0	16364
KGTTASTK	0	9066
TPTAASKR	0	13017
EDATASCK	0	9821
RETTAAKK	1	7778
YETTASKN	0	13235
KDTTASKE	0	12228
RVSTAAVK	0	16885
RSSRAAKL	1	8068
KKVDASQH	0	14783
PEITASKK	0	13152
TEITGSNK	1	8211
RVSNAAYK	0	16883
KETSDVKL	1	4637
KATTASKL	0	10080
QETSASKT	0	12122
TDAPASKK	0	12163
EESNAVTI	1	810
KETMASVL	1	4343
PETRASKK	0	9945
KARTASKK	0	12015
LDSAASKL	1	5943
RLGTGVKK	1	7914
EEHSAVDL	1	504
KQRFAADL	1	5344
QGTTASKR	0	12700
KEATASRT	0	13878
EQANASKL	1	1812
PQSTVPNK	0	16714
RESVAAKK	1	7569
METTAVKK	1	6236
QGTAASKK	0	9613
EPSIGVKK	1	1768
EQTAAVKK	1	1922
RETEAVKK	1	7631
KQSNASDL	1	5405
KPTAASKK	0	10502
EQTDAAKK	1	1927
QESNAVRE	1	6650
KERIAVKK	1	3150
KPTTAVKL	1	5301
EQTNAVKK	1	1974
KETRGSIK	0	11296
QEMTASKR	0	13689
KQTDAVVT	1	5559
KVTRAAKV	0	15872
PESTAAKQ	0	11692
MESSAVDM	0	15904
KETKGSKK	0	16519
EGTSAAKK	0	8941
KESSAVKR	1	3761
EEVSASKL	1	1610
RETSAVKL	1	7761
QETNASNK	0	12927
NETTASKN	0	9836
KETHASVI	1	4176
KESNAAKV	1	3476
KESHAADL	1	3333
KQSADSKK	1	5357
LETNAADI	0	10832
PETRFAMV	0	15993
KESADSKL	1	3206
KQSTASIK	0	16587
PETTATKK	0	13408
KKTDASKK	1	5093
EETTAVNK	1	1535
NETAASEK	0	14842
KETTDSKK	0	8847
YATIAAKS	0	9601
QQSRAAKS	1	7034
EESTAVNK	1	1071
KQTTAVKR	1	5671
SGSTAVKK	1	8175
PETLASKK	0	14873
KESAASKI	0	15717
IEPTASEK	0	13834
KQTTASRK	0	9052
KEPTASRI	0	12611
RERTASRK	0	15380
KETIAAKA	1	4210
KVGSAVKK	1	5822
CQTTASVK	0	13241
KRSTASKK	0	11405
KGTSAEKK	0	12275
KETIGAKS	1	4273
LESGASKI	1	5971
QATPESSK	0	11801
KESAGAKK	1	3208
RDSAASKI	1	7178
RESIAVKL	1	7395
TEATASQK	0	12999
EVNMAVKR	1	2067
QETSASIN	0	11330
EQTTDADL	1	1996
KETRESKK	1	4524
PDTTASTQ	1	6410
RETISSKI	1	7679
KERTAVKK	1	3171
KETKASNK	0	15193
KGTVASNK	0	12278
QETSDTKL	1	6874
QGPSASKK	0	11025
EESVASNL	1	1123
KETIAARL	1	4223
PDSTASYK	1	6409
TEAAGSEK	0	10736
KETRGSKQ	0	10905
EESTGAVL	1	1097
DETVAVKK	1	259
KESSALKL	1	3726
REAAASTI	0	14964
IETKASKK	0	15583
IATTASNK	0	11476
IATTASKL	0	15568
RPTTASKK	0	10097
KETGASNK	0	11768
KETRAVVT	1	4513
RENKASEL	0	13195
EDSSAAKL	1	404
DESAAVKK	1	213
WDTTGSEN	0	14230
TETPASKN	0	13494
NVRTASYR	0	12894
RATIAVKK	1	7153
KATVAAKI	1	2724
QETTASSE	0	10928
EQSSAAKI	1	1857
QETKASDL	1	6815
HGSTAVKL	1	2380
IDGTSSKR	0	13831
QESSAAKS	1	6682
KSTTASKK	0	10184
QESTDSKL	1	6722
NEATAAKK	0	15925
LDPGVSKA	0	13994
EPSIGAKK	1	1766
KETAASRE	0	13320
KETSDAKR	1	4628
RDAPASKK	0	10375
EQQTDSRK	0	15528
HESSAAKK	1	2247
TTSTASAT	0	14224
RGTTASHK	0	13732
EGSMASKT	0	16375
EETRAVKK	1	1410
AETTDAKK	1	158
QVATASKK	0	11030
HERTVSTI	0	9292
KDAVASKI	1	2747
SESNASKK	0	13474
KDTRASKK	0	11755
GETTASEK	0	11473
KESNAIKK	1	3486
QTSSDAKL	1	7095
KATTASKV	0	15630
QKSRAAKL	1	6946
RETLAAKI	1	7693
KATTASVK	0	10814
KDTMAVKL	1	2886
RETNAADL	1	7709
KQRTAVKK	1	5348
EQTSASKK	0	13041
TESTATNR	0	14574
KEATASKI	0	9198
QEPTASTR	0	8844
KESSAVRR	1	3765
NTTAASKK	0	13146
EQSNASKL	1	1842
RQSTGVKR	1	8008
EEAAGSEK	0	11360
KESAASMK	0	15172
EASQAVKV	1	296
IGTSAEYK	0	9405
PDSTASEN	1	6408
SDSRGSKR	0	16239
KDSIAAKL	1	2791
KDTTDSEG	0	8833
WNIPAPKK	0	15058
EDTHAAKK	1	441
HETSASKI	0	10212
KESTASTR	0	9214
RQTDAVRK	1	8031
KETLASKK	0	8630
PETAASTK	0	10066
EETRAAKL	1	1392
PETTASRN	0	12684
KTSTASAT	0	9689
EASVGAKL	1	318
QGTSAAKK	0	16090
KESRATKS	1	3663
ADPTASNK	1	16
RVDNAAEK	0	11594
PAPTASKK	0	14866
QATNASKK	0	13683
EETNASDL	1	1355
RETTASTR	0	10581
TLSDAVKK	1	8350
DESVAAKL	1	239
PEIPASMR	0	8554
RETSASRI	0	12147
IASTASKK	0	13264
KQSMASKK	0	12859
KEPTGSNK	0	9966
IGTTGSVM	1	2531
QQKTASKQ	0	9840
IGGAASKK	1	2524
KQLTASKK	0	14796
MVTPASNE	0	12475
IETPASIK	0	16426
QETIASIK	0	16059
NPTTPSKH	0	11417
EESTASNL	1	1051
TVTKATNK	0	12176
RDSFASKK	0	10645
KGASASKK	0	9452
METTASRL	0	15908
KETTASKK	0	8468
RESNAVRK	1	7442
RQTSAAKK	0	11592
RDTRAVKK	1	7215
KATRETKL	1	2703
KESGDAKK	1	3325
EETGAVKK	1	1220
QESTAAIK	0	16055
RESIAADL	1	7381
QGTHAAMG	0	12333
KETGASTK	0	13918
PETTASKR	0	9054
RQTDGSKK	1	8033
RGTNASKK	0	10157
RETMASKK	0	14979
NEATASNK	0	11314
RETDAAKK	1	7617
KQTTVSKI	1	5684
KVTVASKL	1	5918
IGTLASSK	0	16432
EETVAADL	1	1568
IETTVSDQ	0	11858
SESRAAKL	1	8124
KNTTASPE	0	9178
RETTGSTK	0	9280
KLSTASQK	0	10223
KPANAVKK	1	5200
KESTAEKI	1	3827
EETHAAKI	1	1227
AETSAVDL	1	133
QETGASTD	0	9086
KETAASRK	0	9467
QETNAVKI	1	6835
KGTAASVK	0	12058
EDSNAVKK	1	400
PETTASIK	0	9045
KRPTASKK	0	11404
QETAAAKI	1	6753
RETTASNQ	0	9817
KESDASKT	0	13898
KETTASTI	0	8810
EENAGVKK	1	522
NGATASTQ	1	6368
NETTGAKI	0	13141
RQTSASQI	1	8043
KSTSASTK	0	13119
KETPGSRK	0	13928
KVTTAEYQ	0	9453
EATRAAKL	1	353
KETNAVRI	1	4380
RETTASRT	0	10580
QETTASKQ	0	8929
DESTASKK	0	10886
RGATASKK	0	9631
KEGNAVKK	1	2981
EETNAVKR	1	1362
RESTAAKQ	0	8516
EETIAAVK	1	1272
KENTGSKE	0	11762
TETSASKT	0	16287
KVTAASRE	0	8696
KVTTASKE	0	9159
HDTTASKK	0	9769
KGPTASIK	0	13607
TLTIAAKV	0	10416
SEATASEI	0	9765
LQSVAAKL	1	6169
KETSAVNK	1	4606
KETADSKV	0	10541
QLATASTI	0	8920
EDTTASDK	1	464
EERTAVKK	1	572
RATTASVK	0	12952
LASWGSKK	1	5936
PECAASKN	0	11420
EENSGAKK	0	10310
KNIPAPKI	0	16570
RESAGVKK	1	7309
SEAIASTK	0	16890
KKSTASIR	1	5087
RETSAVKR	1	7765
SESSASSK	0	10733
RPTGGVKR	1	7948
KESIASVT	1	3385
RPSIGVKK	1	7936
QQSAVVKK	0	11941
QEPTDSKK	0	14907
IESAAVKL	1	2434
KESVATKL	1	3951
EESSAVTK	1	982
TATVAAKL	1	8203
RESNAVTK	1	7444
KETHASYK	0	13923
QETTASKP	0	16077
KATIDAKS	1	2679
WDPTASER	0	11968
KPSIGVKL	1	5229
KETAAAKS	1	4035
KESVGSKL	1	3964
EETTASDK	0	13039
KLTTASKN	0	13624
TETAGSKK	0	13492
KATTASIQ	0	13291
KQTIAVKI	1	5610
KETNESKR	1	4389
KEITASKR	0	13883
NETEASKK	0	13139
NQTDAVKI	1	6391
SETAASKR	0	16243
SQTTAVKL	1	8190
RQTHAVKK	1	8035
KETSAAKI	1	4549
QGLRASTA	0	14102
HERTAVKL	1	2204
VETTAVKL	1	8419
RESSSSKK	1	7520
LETTASKM	0	16629
SDPAASKK	0	10479
QESTAPQT	1	6707
KVSTAVKL	1	5871
EESMAAKR	1	752
PESTASRK	0	12898
KDTVAAVL	1	2930
KDTNGSYE	0	13868
QATNASNN	0	13684
EETTGTKL	1	1560
KETTASEL	0	13326
IETTAWKK	0	13841
EETNGAKK	1	1369
SASRAAKL	1	8098
RESTGAKL	0	8552
KVNDCASP	0	15860
KQSIAVNI	1	5393
KEKPGSKK	0	11289
KESAASYK	0	13897
RETTAPKK	0	10034
IETTATSI	0	10354
RDTAASKN	0	14959
KDTGASKK	0	9141
KNATASSK	0	10019
KETLGSKK	0	15195
KVNKAVKK	1	5832
RESTGSKK	0	10095
HESSGVKK	1	2262
PEPTASKK	0	9112
EETNGVKK	1	1375
GDSTASKK	0	16384
EGTRASKK	0	15091
KESAGSSK	0	11873
RETNASEQ	0	16839
WGTSASKK	0	16338
EQSSASDL	1	1868
RETTAVYN	1	7819
QETMAVKL	1	6831
YDTTAARK	0	10529
INIPAPKK	0	8962
KGPSASET	0	15213
EETAAVRL	1	1175
KPSSAVKL	1	5236
SETSAAKL	1	8157
EASKAAHQ	1	290
QASRDSFQ	0	16728
QQSISAKK	1	7023
KPTFGVKK	1	5256
KPGSGVKL	1	5207
GQSRAAKL	1	2164
KESFAVKM	1	3293
PATTASKI	0	15290
REASGSST	0	9110
RDTRAVKL	1	7216
KVATASKK	0	9115
NASTAIEQ	0	11686
KETIAAYL	1	4231
LETWAAKK	1	6127
KGTVASKK	0	13338
QETAASKS	0	15341
TPTGGVKL	1	8356
RETSSSDE	0	16191
REASGSKK	0	14967
KGSTASIQ	0	14772
KGSNASIK	0	14370
EESKAAKS	1	727
HETIAAKI	1	2327
EETTTAKL	1	1566
PEPIASKK	0	15984
RQTTASKK	0	8889
KGTGGVKR	1	4973
KQTAASKI	0	15834
ERTAASKQ	0	15530
KDTTASKN	0	9639
KESIAAKA	1	3356
KEGTGSKV	0	12237
KETSAAVK	1	4560
PETTASRE	0	13407
EEHTGTKK	1	509
IESSDANN	0	15578
RPTGASKL	1	7942
NEAPASKK	0	15924
QQRAASKT	1	7013
PEATASNK	0	12897
RATTASNV	0	11712
PETTASQK	0	10026
EQTDAVRK	1	1947
RESSAVKK	1	7502
TESTASKK	0	8589
QESIAADL	1	6604
KETSASEV	0	11651
QQSWGSKK	1	7047
KETIAPDL	1	4238
EQTTASKK	1	1987
KETWGSKK	1	4849
QETIAVKI	1	6805
KETHAAKS	1	4169
KETIASKE	0	12256
HESWGSKN	1	2299
PESSASIK	0	13674
KGTTSSKK	0	16560
KETSASKE	0	9568
KPTTASEK	0	13965
KESVGVKL	1	3969
HEATASIT	1	2195
HQTDAVKI	1	2401
KETTAVNL	1	4721
QKTSASKK	0	14108
KQATASRK	0	16583
KETIAVKR	1	4260
KETTAVVT	1	4728
SRPPGSQT	0	15435
PGATASKK	0	11549
REKTASKK	0	16820
KAPTGSTK	0	16441
KLATASSK	1	5112
KVSPASRR	0	9132
REARASKQ	0	12517
ENTTAVKK	1	1750
QQTTATYK	0	16796
MESFAVKK	1	6202
EESTASKS	1	1050
KEAAASKR	0	12816
RHSIAADL	1	7900
KEPTASSR	0	9555
TAATASSK	0	13214
EVTSASKK	0	14631
KQTEASKK	1	5579
MESRAAKK	1	6209
KETNSSKR	1	4419
RAICGSKQ	0	10866
QETIAANL	1	6795
EVSIAAKL	1	2073
KASKAAKK	1	2588
EGTAASKL	1	1647
IGSSASKE	0	12011
QQTTASSK	0	10069
QETGGSKK	0	16057
QEATASTK	0	10463
KEVTASKR	0	15773
DESSAVKK	1	226
EESSAVDL	1	963
METAAVKL	1	6223
IVAPASKN	1	2554
HDTTASKI	0	16395
QESRESKK	1	6676
KATTAPTT	0	10683
KESTASKD	0	12616
EVTTAVKK	1	2101
QETSASRK	0	9456
KYTTAAKQ	0	12665
EESSAAKQ	1	893
RATTASKR	0	8991
KEGAGVKR	1	2980
LQSTAVKI	1	6167
IESSASKK	0	11367
KSSRAAKM	1	5734
TETTASMK	0	14578
KESEDAKK	1	3268
QETPASKT	0	13434
RESTASIE	0	16172
KKTRAVKL	1	5102
KGTTASKN	0	9437
EETAAAKI	1	1161
QNASASKL	0	15364
KVTYAAKL	1	5922
RESFAVIR	1	7341
HPTTAVKL	1	2389
RVTNAARL	0	16886
KPRTAVKK	1	5218
KPALAVKK	1	5198
RETTASRN	0	10266
EESRESKK	1	872
IQISATNK	0	13275
HDTPGSIQ	0	11364
KETTASKH	0	9215
KESSAAVI	1	3722
NDPKASLK	0	14434
AETTASKR	0	8624
KEHDAAKK	1	2988
IDAPASKK	0	15571
KESSAVVK	1	3766
LEISASIS	0	16623
KETAASKE	0	11191
KETSAVKV	1	4603
KPTPGVKL	1	5287
LGTAASKK	0	16637
RESTGTKK	1	7561
RETTEAKL	1	7824
KQSEAAKL	1	5382
MESFAVKL	1	6203
TDASASKK	0	13481
KQTVAARK	1	5690
QESGDAKI	1	6595
KVTTASSK	0	13127
KESTLSKL	1	3904
QEGTAVKN	0	13424
KNIPASKK	0	16572
FETSAVKK	1	2111
TAASASIN	0	14187
QVDTDSKT	0	16801
EETSASTL	0	13804
EDSKASKK	1	397
SDTTASNK	0	11596
IATTASIK	0	13051
EETTATKR	1	1523
KESTDSKL	1	3871
QATAASNK	0	14893
EQTAAAKL	1	1921
KEPSASHG	0	8970
KVTTAVKL	1	5912
KLTNAVKL	1	5134
KKSRAAKL	1	5077
GEAPASKR	1	2118
KESNAVTL	1	3560
EEADASKL	1	480
NETKGSEK	0	13140
NEAIASTK	0	11916
TEKGDSKK	0	13754
KETIAVKK	1	4255
KQPTASNK	0	16585
TVYSAPRK	1	8385
KGTTASKI	0	9349
RESTASTR	0	15384
QEARASIK	0	8805
KQPTAPTN	0	15830
QETNASKK	0	8869
RETTASKR	0	8613
KDSSASTG	0	15140
EESTASKP	1	1049
LSPGASKK	0	16641
TATNPSKK	0	8491
KHTAASKK	0	16562
RETNGADL	1	7717
QATTASKT	0	9478
METIASVL	1	6224
HDSTASKK	0	12403
QQTTGSKK	0	11942
EETIAEKK	1	1278
EQSSATKL	1	1871
EETISSKK	1	1310
KETGASKI	0	13916
NETAASKV	0	16666
HEPPASLK	0	8969
PESSASKL	0	8672
VESRASKL	1	8397
RATTASKE	0	12138
QETTASEL	0	14920
KESDAAKI	1	3227
HETSASNK	0	10892
TEISASKK	0	16269
LESNAVDL	1	5994
RVSTAAKK	0	9650
KQPFAANK	0	11779
KRTRAVKK	1	5712
NVTAASKI	0	12299
RGTSASWK	1	7886
QATIAAKS	0	8537
RETTASEE	0	11154
VETVASKL	1	8421
TQPTAPKN	0	8863
KESTCAKK	1	3866
KESNGSKR	1	3584
RESRAVKI	1	7472
TTTTACVK	0	14584
ALTTDARL	1	170
KDTDAAKL	1	2857
EPNTAAKR	1	1762
KQTTASDL	1	5661
KETNSSNK	1	4422
RDTPAAEI	0	8853
KESAHVKK	1	3212
QPTSASKK	0	15365
KESFAVKR	1	3296
TDTTAAKK	0	15444
KQTTDVKK	1	5677
KEYSASKL	1	4880
HESWGSKV	1	2304
KESTGATK	0	10247
KGSTAIKK	1	4936
KERIAVTK	0	15171
NVPNASIN	0	12298
QQLTASEN	0	14496
KLCSGAKL	1	5115
IDSTESTH	0	12005
LETEASEK	0	12288
EPTGASKL	1	1784
VRSSAAQQ	0	16335
KVSAASKP	0	15865
KESIASDL	1	3373
KQSTAAVL	1	5450
DETTASDL	1	253
KETDAVDL	1	4094
RESAASDQ	0	13198
GERIAVKL	1	2121
DEATGSKK	1	210
EGTIAAKI	1	1654
HAASGSNK	0	8887
RGPPASKK	0	15401
KDSRAAKL	1	2809
RETKAADL	1	7683
KETIAADL	1	4200
EESTDVKK	1	1080
PLTWAADL	1	6443
KTTRAAKI	1	5805
KETTASDQ	0	12051
MSCTASKK	0	16652
KESNAVKE	1	3526
HVTTASKQ	0	14282
EASTAAKI	1	304
QEAAASNK	0	8919
KKTTAAKK	0	13340
EDASASER	0	13034
PGTTASKN	0	14467
QATAASKR	0	10717
TDSSASKN	0	13482
KETRAVTK	1	4510
EETMASKK	1	1344
TGVTASYT	0	14220
RDTTAVKL	1	7222
KESVGTKK	1	3966
HESTAAKI	1	2265
AETIGAKL	1	113
RGSSASKK	0	14994
RHNTAPKT	0	13735
EESSAAKP	1	892
RETAASCM	0	16173
YELIAATT	0	11734
KETRASVT	1	4471
KATTASKH	0	14687
KASSAAKI	1	2608
KQTHAAVL	1	5594
EENNAVKS	1	531
ADSTASKL	1	18
KETSAVSS	1	4617
ARSRAAKL	1	184
KEITVAYK	0	8616
KETNSSDI	1	4409
RETSRSEI	0	10299
KGTSASQK	0	12850
KQTDAVKA	1	5529
KETRAAKR	1	4450
KSTEASKK	0	15852
PETTASEI	0	14057
PETTDSIK	0	16706
KETTPAKL	1	4766
HEAIASEQ	1	2193
KATTASNK	0	9213
RQSTAVKL	1	8005
TESTASKM	0	13490
KETRAVKN	1	4490
KQTNAVKK	1	5633
KDRTASKK	0	11379
KETSASIK	0	8934
TQSAATKK	0	13230
KETSDAKI	1	4625
KETTATVL	1	4703
KVDSASKL	1	5820
KETTASKT	0	8610
KQTSDSKL	1	5657
KETRAFKK	1	4460
HETTASKE	0	10893
KETNASRK	0	12259
PATTASNK	0	12682
VEAAASNK	0	16327
KVSVAAKL	1	5872
RELTASKK	0	14129
RDSDAVKL	1	7183
RQRVAPYK	0	16220
KETNCAKL	1	4381
TGLVASYK	0	16295
YETTGSKK	0	13782
LESAASKK	0	8743
KETTAAVT	1	4682
KASIAVKK	1	2585
WQSTASTK	0	11608
LGPTASKK	0	13375
KGTSTSGI	1	5012
RGACASGD	1	7855
KESNGSDL	1	3581
SDTVASKL	1	8106
HESSATKL	1	2257
EESTAVKV	1	1070
KGTMAVKK	1	4987
KQAAASVK	0	8922
KATAASNK	0	12588
MQTDAVKL	1	6246
EESNTVKK	1	830
IENRASDI	0	16419
RESNAVKR	1	7435
KQPAGSKT	0	11896
MDSKAVKK	0	10256
EESSSSDL	1	1012
HESNAAKK	1	2226
EATAAVKL	1	324
SAATASKK	0	12533
KETADSNT	0	12833
PPATASKK	0	16013
PGTRASKK	0	9166
EETTGSKK	0	9388
KETTASRN	0	9378
EDTTASNK	0	14246
EETSDTKL	1	1477
KASWGSKI	1	2646
NESNAVKK	1	6287
SENAASKH	0	11347
RKRTASPT	0	12978
KATVAVKQ	1	2734
KPSSGVKR	1	5240
KPPTASLK	0	15815
NDSSAATK	0	10452
KETRAAQL	1	4453
KESSAVKI	1	3757
VETTASGQ	1	8416
EESHAVKK	1	683
KGPTASCK	0	14769
KGTPGSKK	0	12642
KETIAVDL	1	4253
KQTTASKN	0	11209
VESWGSKL	1	8404
KETWGSKL	1	4850
KGTTASLG	1	5017
RQSAVVKL	1	7969
EECTASLE	0	14247
LETNAVKK	1	6078
KESDAAKK	1	3228
KQTPASKE	0	14387
YETTASKR	0	13029
IVTPASTV	0	8912
KETSAVKP	1	4598
QDTTAAKK	0	11021
KEAAASKQ	0	13079
KEITAKKK	1	3022
KESTASDK	0	10082
KETSEAKK	1	4639
RDSIAAKK	1	7188
RETSGSKK	0	9865
SETSAAEK	0	11053
KGHTGSYT	0	10547
RENSASRK	0	16158
KEITASEK	0	11089
DESWGSKK	1	240
QQATASRN	1	7010
KDATASKL	0	12023
RATSGSKK	0	11569
KGTAAADL	1	4961
KETFAAKS	1	4132
KETKASNL	1	4302
KQTIAAKA	1	5602
PEPTASIK	0	16695
KQRSASRK	0	11108
KEASASKL	0	12601
LDTEASKK	0	15256
LPTTAVKK	1	6156
METTATSI	0	11791
KERTGSKK	0	12249
RETTASQI	0	13203
KDTAASNN	1	2854
KESIAVKR	1	3394
KETIDAKL	1	4267
RETMAVKL	1	7707
PGSTASKK	0	12107
KETVAARK	1	4785
RSTIAAKL	1	8073
KETLAAMT	0	16520
EETTAAKI	1	1493
QESTAVKI	1	6715
KESTAVVL	1	3865
AESRAADL	1	55
PDASASEK	0	11125
QPSSAPKK	0	9916
EETIGAKL	1	1306
KVTRATKK	1	5902
EKTSAVKK	1	1715
QHSIAAKL	1	6940
IEATASKI	0	9303
EATAAAKL	1	321
QETRASKI	0	12500
KDTEASKR	1	2862
KDTTASKK	0	8514
RAPTASIK	0	16127
IELAAAKL	1	2427
QESNAVKL	1	6647
HDSVAAKL	1	2187
KSTHAADL	1	5755
KESSAAKK	1	3716
TESNAVKL	1	8240
DATPASKN	0	15068
LETTASMK	0	16630
LENNAVKL	1	5952
KQTAASKK	0	8915
KVTSASNK	0	14406
RGSIASKL	1	7862
EETFAAKL	1	1213
PQANGSQK	0	9946
KEPTASVK	0	9965
RENTAAKL	1	7274
LETAAVRI	1	6056
KETRAVEK	1	4482
HETAASKI	0	14274
KETTGAKR	0	16540
KESEAAKK	1	3251
KEGFAEKK	0	15686
QESMATKR	1	6633
PETTASKM	0	14058
KETPASVK	0	10440
KDTTAPSK	0	8871
IEPTASKK	0	9720
EESSAAKL	1	890
LETTAANK	0	12084
EETAAVKI	1	1169
KETSGVRQ	0	12839
RATSASKS	0	11711
NESNAAKI	1	6283
YETPASKK	0	11974
QETLAAKL	1	6821
QETSASKS	0	16071
LDTSASKK	0	11115
KQTTASNA	1	5662
HESWASKK	1	2282
KETSASET	0	15751
TETAASIN	0	15453
QETSASRI	0	16073
QPTNGSKK	0	9732
QEPTGSNK	0	14908
KESNASKI	1	3494
KETSATKR	1	4575
KATSAAVK	1	2704
KDSRASEK	0	13075
KETDAVKR	1	4098
KETTESDL	1	4747
AGIGGPGN	0	11166
KATTASKN	0	9748
NETRGSKK	0	8830
EETAASKL	1	1166
KETRGVKR	1	4537
KRKIASIK	0	13117
RVTTASKI	0	14171
QENTASDK	0	10466
KPSTASKK	0	10138
LETTGAKI	0	14822
KGTSASSK	0	15793
EESTAAKI	1	1026
EDASASEL	1	374
KVSMAAKL	1	5853
RENSGAKK	0	8477
KETSGSEK	0	15760
KDSKASKK	1	2794
MHNSASKI	1	6241
HESREAKL	1	2244
EQDTASKK	0	13531
EESEGSKK	1	638
IETTASKS	0	13840
RETPASNK	0	10787
EETNASKK	0	9446
KETTASNT	0	9130
KESTASHK	0	12615
VQPTASKN	0	11840
QGSRPAKK	0	13699
EDTTAVKK	1	468
THASGSKK	0	10484
KKTTASEK	0	14377
METAAAKL	1	6222
KETSGSKN	0	15203
GETTASKR	0	10960
QETDASKL	1	6766
KETSAATL	1	4559
HPSTGVKL	1	2386
AETTASKL	1	148
KAPTASHT	0	15611
KETSAPTK	0	15201
RESTSSKL	1	7564
EQNSAVKL	1	1816
KESAAVKK	1	3202
RETTAVDK	1	7792
QETGASKK	0	9085
QETNAADI	0	9594
KVSAAVKK	1	5841
KETTAATK	0	11097
QASVAAKL	1	6472
EESSDTKK	1	995
RETNAVKK	1	7713
KDTHAAKK	1	2867
KETPSSKL	1	4438
KTSTASKS	0	14397
RETTAVNL	1	7809
EDTTASRK	0	13793
QGTSGSKK	0	16091
LATVAAKL	1	5940
KQTEAVDL	1	5582
KEIIAAKL	1	3013
SKINAAIE	0	14182
RETPASTT	0	15391
KEATASNR	0	16475
KEPTASIE	0	14727
KETSAVKF	1	4592
KESTGAKH	0	12831
EETLAAKK	1	1327
IPTTASEE	1	2541
KQKTASKQ	0	8873
KETMAVKK	1	4349
RVTIAAKI	0	12154
KQTAGSIK	0	11897
KESNASIL	1	3493
SQTVAAKL	1	8191
YEATSSGS	0	15480
KESWGSVL	1	4008
PVTKATNK	0	11800
VDTPASRQ	0	12178
EESSGSKI	1	1003
QGGAASKK	0	10929
TEAPVSNK	0	16909
KASWAADL	1	2641
EESGAAKL	1	664
EESNATKR	1	784
QDIGASKQ	0	12915
KVTTASIE	0	10326
KATTAANK	0	15628
TETTAAKK	1	8316
EESTSSKL	1	1106
KAVNAVKI	1	2735
IETVASKK	0	10167
PETTASAK	0	12306
KETRAVKQ	1	4492
IELAAVKL	1	2429
KESVAAKS	1	3924
QRTTASKK	0	10574
LQTHAAVL	1	6178
PETSASSK	0	15994
KVITASKK	0	15858
HEATASNQ	0	11624
KETVASDM	1	4796
KKSHAAKL	1	5069
KESTAVKS	1	3857
RQTSASTK	0	15416
KGSRPAKQ	0	9495
EQTAGVKR	1	1924
RETEASKK	1	7628
KESTDVKK	1	3872
IETTASQK	0	11178
LVPSAPMQ	0	13133
PETPASKK	0	9365
LEAAASNK	0	10022
RDSVAAKS	1	7204
KANSAAIQ	0	9653
HESNAAKL	1	2227
RETAASNT	0	13721
KESVAASI	1	3930
RETIGSKQ	0	15388
LESWGSRK	1	6051
NSTTALET	0	8626
RQTDAAKL	1	8019
ADTTASKK	0	12387
KESNALDL	1	3488
EETRGTKK	1	1435
KERPASKQ	0	13314
NESTASKK	0	8697
KETTATKL	1	4699
KEISAVKK	1	3021
EETKVAKH	0	16371
EQTDAVKV	1	1945
EESWGVKL	1	1156
LGSNASKK	1	6132
KEVTASKK	0	9131
KETKASES	0	15744
KETTASEQ	0	9618
EETHAADL	1	1226
KETTASGE	0	12449
EATIATKK	1	339
KEAAASKK	0	8928
HESWGAKK	1	2290
RATIAAKS	0	8563
WETTASKL	0	15057
AETSEAKK	1	139
KEATASNQ	0	14325
QEIGAADL	1	6546
EESSASAE	1	920
NATAASTK	0	14017
KATRAAKL	1	2698
TKNSGSKR	0	15035
IETTAAKL	0	10044
KESGASDL	1	3314
TATTASDL	1	8201
AETIASKK	0	12748
QESPASER	0	14087
KETFAAKI	1	4127
KESIASIR	1	3374
KETRAAKL	1	4448
RGSTAVDL	1	7871
EESAAAKI	1	577
NATKASRT	0	15913
EATVAVKQ	1	371
LESTASKQ	0	10505
SVTTASKK	0	9796
SGTPASKK	0	15432
KETAGSRK	0	15737
RVITALKI	0	15005
KPTGGVKK	1	5272
QAITGATN	0	13160
ESTMAVKK	1	2041
QETSGAKT	0	10859
QETTASEN	0	12697
RGPCGSNR	0	16860
LDTLASLE	0	12081
KYTHAAKK	1	5925
QDTSAAKK	0	11556
AATRAVKK	1	11
PQSTAAIK	1	6452
TRTAASKQ	0	13019
PECTASKE	1	6413
KETVASKL	1	4803
VESNAVKL	1	8396
KESQASKI	1	3617
NATAASKK	0	12295
TETTASRE	0	14579
KATIASTT	0	10682
EENTAVKK	1	545
KETDATDL	1	4088
VESKAVKL	1	8393
KGLTASKK	0	12846
RQPMATDK	0	11591
HESNAADL	1	2225
SESTAAKL	0	10207
KENNAVKT	1	3090
LESADVKK	1	5961
KGSTASTK	0	12640
RETVAAKK	1	7835
RDSVAAKK	1	7202
KESTASKV	0	11501
KETFRAKK	0	8794
KETSALKL	1	4567
KVTPASKR	0	10554
RETTGSKQ	0	12719
KPTTASIK	0	11895
KQTMAADL	1	5626
RESSAVDM	0	9955
KESDASDK	1	3231
SPTGGVKK	0	12539
KESTASRT	0	14343
NESTASDR	1	6307
KEAIGSKK	0	15150
QQTTASRN	1	7074
RSAAASIK	1	8063
KDASASVK	0	16456
RVATASVK	0	16226
DDTTAAKR	0	15490
QETVAVKK	1	6904
QVAWGVNN	0	11433
RESMAVKK	1	7414
KDTAASVK	0	10973
LHSIASKL	1	6142
KGTTGSKK	0	9438
EPTGGVKS	1	1795
LENSGAKK	0	11212
IVNTAPIK	0	15597
RASSAVKK	1	7138
KSTDAVKL	1	5754
KESRASEK	0	16502
TASAASRT	0	14188
KERCGSKK	1	3140
KGTPASKK	0	8936
KATTASRE	0	15633
RQTAASKR	0	14547
KASTASKI	0	13552
RATTCPKK	1	7163
KESRAVKI	1	3667
LETNAADL	1	6076
RESSASIK	0	9733
RETGASKK	0	8617
QPTGGVKI	1	7000
QETVAAKL	1	6898
GESSAADL	1	2132
TETAASRK	0	12548
RESEGAKL	1	7321
KGTTGSNK	0	14781
MENAASKH	0	12471
KESFAVRL	1	3301
QETTSSKK	0	16773
IETNAAKL	1	2504
KSTTAPHK	0	12076
PATIGSKK	1	6401
EVSIAAKI	1	2071
RQSIGSKK	0	14545
QESYAAKL	1	6751
TKITASIK	0	15034
EEPTGSIE	0	8760
KEANGTKK	1	2950
KATRAAKK	1	2697
NGTNGSIK	0	15280
KEPTGSRE	0	15713
KETLASKQ	0	15194
VRISASKK	1	8427
EETTAATN	1	1507
TDASASEK	0	10076
KQSAAAKL	1	5352
EESNAVKE	1	791
KSSRAVKL	1	5739
LGATASKK	0	12470
NATAASKN	0	15912
KPTGGVKI	1	5271
KEITAANK	0	13305
METAASKL	0	13657
RGSIAAKL	1	7861
REHSAVKL	1	7248
EQSSASKK	1	1869
KVTTASRE	0	14409
KETTASNE	0	9570
QEPTASEK	0	12319
CESSDAKL	1	191
RASTASIK	0	16810
KETIAAKL	1	4213
RGAPASKK	0	10582
QETTASQK	0	9814
RETLAIKR	1	7697
IESTGADL	1	2481
AESWGSKK	1	90
PTTSASNK	0	16718
SPSRAVKK	1	8178
KESIAAKV	1	3365
EGPTSSKM	0	15515
EASIAAKS	1	286
QETTVSKK	0	11707
KETKASKT	0	12623
RKSSASKL	1	7909
KATTAPKK	0	14301
KENNAAKK	1	3068
KVIASSEK	0	12866
EQSSAEKL	1	1867
KYTTASWR	0	12868
SGTSAETK	0	13479
QQSNAVKK	1	7025
RETLAADL	1	7692
KETNEAKK	1	4386
GETTASKI	0	11992
QGASASDL	1	6913
TDSTASYE	0	12995
PDTSASKK	0	12484
TQTSASKK	0	12380
LETAASNS	0	10916
KVTAASKK	0	9247
KQIAQSVN	0	15826
EASPDTKK	1	293
KETTASDL	1	4691
PQPTGSKN	1	6451
EATSASKK	0	9924
QPTGAVKL	1	6991
EVTPGSKL	1	2093
TQPTAPKK	0	16310
TQTTASKK	0	9219
EHSIAADL	1	1685
PQTTASNK	0	13413
PESWGSKL	1	6428
KARTASKN	0	16442
KESGAVKI	1	3320
QESSGAKL	1	6697
EETKASKV	1	1318
QESNASDL	1	6642
VQTTASKK	0	16334
HERNASVA	0	12206
NEPTGSIE	0	8819
EESSASHL	1	928
KESEASNL	1	3262
DETNSSKL	1	248
QASTASIE	0	14892
EQSSAATK	1	1865
KESIAADA	1	3352
TGIMSERD	0	13497
KSTAAAKL	1	5750
KENHAAKK	1	3060
KETAASKN	0	9176
EETTAASL	1	1505
EGSIAAKL	1	1621
IENTASKK	0	10611
EESMATKR	1	755
KETPGSIK	0	15750
KASSAAKL	1	2609
QETAVSTV	0	14088
KPTSASER	0	16576
EESSAEKK	1	911
KGNSGSVV	0	13946
CESNAVKL	1	189
KNTKAAKI	1	5179
KDSVADKI	1	2843
EESWGSKI	1	1144
EETVAANL	1	1575
KETGAVKL	1	4156
GETAAVKK	1	2141
KGTAASIK	0	11518
KDSGASKK	1	2786
SETIAVKI	1	8149
EQTVATKK	1	2008
NETTDSRK	0	14854
KENKAVKK	1	3065
EQSQAVKL	1	1847
REATASEI	0	16145
KQTAAVKI	1	5492
KLTNAVKK	1	5133
GETSASKK	0	10806
KEIPASMR	0	9264
TKNSASKI	0	11066
KESNAASL	1	3480
HVSTAPMK	0	9770
KETSASNS	0	15202
KGTSAVKL	1	5009
AESIAAKL	1	42
RQSTAAKS	1	7997
EENPSSKL	1	537
KESAGSKL	1	3209
KETRGSKR	0	9936
KETAAADL	1	4030
KESNAAKQ	1	3473
KPSSAVKR	1	5237
KGSKAVKK	1	4922
HDATASKK	0	13046
KGTTASHK	0	14375
HETVASKK	0	13539
EESMDVKK	1	761
QETISSKL	1	6811
RATTASYE	0	14507
TESSAVKK	1	8254
KAAVGSKL	0	9240
KGTTASYK	0	10086
KASVAAKI	1	2627
KETIASKK	0	8592
EESSASQP	1	947
PDTTASEK	0	15293
KDKTASRK	1	2757
QESYAAKK	1	6750
ETTAAVKK	1	2055
RETTASKT	0	8644
NETTAAKK	0	9713
KETAASKT	0	9935
RETTAVKK	1	7799
EETTASKN	0	9702
HETVAAKL	1	2371
QESIAVKR	1	6619
RVTAASKK	0	10792
KATPASKK	0	9156
NGTTASEK	0	15954
KETRVSKL	1	4545
EVTVAAKL	1	2104
KNSRAVKI	1	5175
RPNTAAKK	1	7930
KNTTAVKL	1	5181
KQAHAAKL	1	5317
QATTASKN	0	10195
HESNASKL	1	2228
KPTSVPRK	0	13626
EENNAVDL	1	527
TGSTASKI	0	15031
EETSSSKL	1	1486
SESSASKL	0	10658
PSLTASKK	0	9173
LEAIASKK	0	14414
EESEAVVK	1	632
KGTSASRK	0	15218
KGATASKQ	0	10909
EMNIAAKL	1	1740
KETTASKE	0	8749
EQSEAAKK	1	1829
RENNAVDL	1	7268
QQSDAVKK	1	7019
RESNAADL	1	7418
PETTASET	0	16701
EESWGTKL	1	1154
DVTAGSKK	1	269
KGTPASGN	1	4995
EESWASKL	1	1138
APATHSKS	0	9820
RVTQAIKL	1	8093
KETVASKP	1	4805
KGNAASKK	0	16551
NGTYGSKE	0	14036
QATTASKI	0	10291
SESNAAKK	1	8117
KQTSASKT	0	12282
KERNAVDL	1	3155
KETTGSVK	0	10497
EETRAVKL	1	1411
KGGTASDK	0	9026
NEAPASNT	1	6264
LESRAVKL	1	6009
KQTSASQK	0	11110
EQSTAAVK	1	1889
EQTNASKS	1	1973
NEPTASNK	0	13386
TRCISTKI	1	8377
EESHAAKK	1	678
KSSRAAKK	1	5732
MANAAAKL	1	6191
QVNNAVKK	1	7103
KEPTASKN	0	10108
KETNSSEL	1	4412
PVASATKT	0	11697
KGTAASNK	0	12057
RQCRASKK	0	15001
NGTTRSDQ	0	11224
RDTVASKL	1	7230
EESSATKR	1	961
KPTSGVKL	1	5293
LLAGATQK	0	15894
SNTSAKGK	0	16252
NDASASKK	0	16655
GETNASKK	0	10043
QAVNAVKK	1	6490
PQKTASKQ	0	10514
QERNASIK	1	6564
REHTESDE	0	16154
RETTASII	0	16192
EESGDAVK	1	673
EGTPASKC	0	10604
KESEASDL	1	3255
KESSDSDL	1	3775
KKTDAVKK	1	5094
EETSDSVK	1	1475
SVTTASSE	0	9340
QLRTASQK	0	8654
EEPTGSKK	0	12756
EATTAAKK	0	13791
KQTHAVKQ	1	5598
IETGASKK	0	11747
RESNASKH	1	7427
ERSTAAKK	1	2018
RASTAVKL	1	7140
EDSTAVKK	1	413
KEETASKL	1	2975
KETRAVKA	1	4485
KQRTAVKL	1	5349
KENNAVNL	1	3092
EESTASEK	0	13799
QEPTASKT	0	12119
NQTPASQR	0	13144
TDTTASNK	0	12164
QAHMASLT	0	12493
EETIAASL	1	1268
KETSATKI	1	4573
RETLAAKR	1	7695
NESRASKK	0	15274
RESNAVNL	1	7440
EESAASKL	1	585
KETSASLR	0	15752
RETIAVKS	1	7674
KDTNASKN	0	10535
KESSGSKK	1	3792
REYPGSYK	0	16199
KETRAVEL	1	4483
QQATASKK	0	10467
EETIAAYL	1	1276
TSAAAAYT	0	15469
EESKATKK	1	731
QESTATDL	1	6712
PETTASTN	0	12904
KGSVASKI	1	4958
KDSTASKT	0	14693
MDTTAVKK	1	6199
QATMALKV	1	6482
KVGTGVKK	1	5826
SDASASEK	0	8492
TETTASRI	0	11730
KETTACWK	0	12266
QDTPASRK	0	14075
TETTASEQ	0	14210
TVPTALEN	0	16321
QESVAAKL	1	6730
YETAASKK	0	11973
NGTSAEYK	0	9079
KETTASKY	0	11509
EETRAADL	1	1390
RQTSAVKK	1	8044
RGTSDAKK	1	7888
QVTSASNQ	0	16118
KYTTASRK	1	5929
KDTSGVKL	1	2907
HETDAVKL	1	2321
EDSTAVKL	1	414
KEATASKM	0	14710
KENVASNG	0	12819
TETPASRK	0	14209
SETNGSTK	0	14177
QENNAAKL	1	6554
PGTTASKK	0	8903
KDSVAAKM	1	2840
QELAASRE	0	8695
NGTRASKK	0	14857
IELAASNK	0	13055
AEAVASKL	1	23
NATTASKQ	0	15915
KETEATKL	1	4113
EEHSAAKL	1	502
KDTTASLK	0	10754
KSTPASKI	0	13350
EDVAAAVR	0	13794
KVTTASEI	0	15248
QETTCSKR	0	16080
KVTTGSKK	0	11678
IPTGGVKL	1	2540
QGTRAVKL	1	6935
KVPTASES	1	5836
LETTASRI	0	8835
LESTGAKL	0	8730
KEIVAAKL	1	3024
KPTGASKL	1	5262
KANTASKK	0	11080
EVKLASKK	0	11988
HETTATKK	0	15111
TETSASRK	0	10878
KERWGSKR	1	3182
IATTASYN	0	8565
QETTAAGQ	0	8795
KMNIAAKL	1	5160
EGSTAVKK	1	1639
PETTASRL	0	10512
QEAIASKK	0	13423
KDTTASTK	0	9874
KETFGSKK	1	4149
TGKTASKK	0	16294
PEGTGSKK	0	15982
IQAPGSKL	0	13547
KEPIASQQ	0	9050
PEAIASTK	0	11013
NTSTASAT	0	15285
KVNSASEK	0	15861
QECSASKI	0	12318
TLSKAATM	0	10741
ETTRAAKL	1	2060
KSAGAVDL	1	5718
KDTTASEN	0	12812
KETRASYK	0	13589
KPAIGVKL	1	5197
TDPTASKK	0	13216
REHSASKR	1	7245
EDTNAAQE	0	10955
KETTDAKS	1	4736
KERSASNT	0	10900
KGSTAKIK	0	13951
KEARAVKL	1	2954
RPTRASKL	1	7950
KKTIAAKL	1	5097
QENAASKH	0	9064
SETKASKL	1	8152
KVTHDAKK	1	5881
EETYAAKL	1	1605
SQKTASKQ	0	13213
EEISAVKK	1	515
RQTVAAKI	1	8054
KKTAALGT	0	13339
RETSASKT	0	12716
EGTTGSIK	0	15522
TESTGAKL	0	8555
EESSASHG	1	927
KGITAPEI	0	14365
QQTAASWK	0	16107
QQTIGKKE	0	16794
KLTSAVKL	1	5143
EASIAAKK	1	284
SESNAVDL	1	8120
CETTASKK	0	9549
EGSMASKK	0	9019
KETRSVKK	1	4542
TETTDAKL	1	8329
RETIASKI	0	14978
KQTDAVVI	1	5556
EESNAVVK	1	813
KADTASKP	0	15605
KESWESKK	1	3981
KETNSSKV	1	4421
KETSAVDQ	1	4583
EESRASTL	1	852
EETIASVL	1	1290
KESIAAKP	1	3362
KESFDVKK	1	3306
QETTASNK	0	8754
METDASKK	0	15905
KETSASVI	0	15759
EQSTGSKL	1	1906
KPTEASKR	0	10398
RGSIAAKK	1	7860
KETLASTK	0	13093
KETSAVRL	1	4614
KESAASTL	1	3196
EETTASTK	0	9741
QGATASKK	0	9480
TETTASSQ	0	15458
KESTGPKL	1	3893
HGATASKR	0	16408
PVTTASIK	0	13415
NEPTASIK	0	13385
GDTSASKK	0	14266
HETHASKL	1	2325
AESSASDL	1	71
RESSASVK	0	14524
IDTTDSKT	0	15574
KPTTASMK	0	15818
SDMTGSRK	0	16238
KEATASYQ	0	13561
QETLAVKR	1	6824
EDTIAAKI	1	445
PDASASTK	1	6402
EETSDVKL	1	1479
KATSASGK	0	13848
KEPTGSIK	0	9207
EESTAVKL	1	1066
VESSASNK	0	13022
TEATVSSK	1	8210
KDTTASKI	0	9683
NETRAVVL	1	6347
EATKSAKQ	1	347
KVHTGVKL	1	5830
IETPASNE	1	2507
KEHVGVKR	1	3010
EETMAVKK	1	1348
TDVAAAVR	0	10735
KEAVASKK	0	15682
KESAASRR	0	15173
WEPTGSIE	0	11969
EETTAVKN	1	1529
KETKASDL	1	4299
NQTPASKK	0	13396
KASVAVKI	1	2636
RESSGTKK	1	7515
RETPASVK	0	10073
QETRASKL	1	6851
AATIAAKS	0	9505
RESTAPKK	0	15382
KEGNASKE	0	12432
QETFASKL	1	6776
TETAASCK	0	12169
KESTSSKL	1	3909
IGTIGSKL	1	2530
EATIAAVL	1	336
TDCYASVH	0	8937
LEATASTK	0	12869
KESFASKL	1	3281
PETMSTGT	0	14053
HERNGSKL	1	2202
KQTTDSKH	0	13631
KESSASDL	1	3729
PESSASKK	0	9328
RQIAAYKK	1	7962
RESTASKV	0	12961
HHPTAAVR	0	14278
QETIASKV	1	6803
NRATASKK	0	10455
DETTAVKL	1	257
HETIAADL	1	2326
KQTDAVNK	1	5545
KGTTAVDL	1	5019
PETTGSKE	0	15999
QETSASIE	0	14486
EESIGSKL	1	722
KETAASTN	0	14744
KQTFAAKT	0	14385
EITTAAKK	1	1700
KDTSGSIK	0	14314
KASTAAKR	1	2613
GETTAANK	0	16390
KKSSASML	0	16565
KESQAAKL	1	3616
KGGSVATK	0	9686
WGTTASRI	0	11970
KLAAAVKK	1	5108
KETMDAKI	1	4353
NATRASEK	0	14432
KGSRASDL	1	4927
TQTTASKI	0	16314
KENNAVVT	1	3098
KEPTASKR	0	10048
TETPASEK	0	16284
KDRTASGR	0	15649
KGSTAVKK	1	4940
TGTPVSKL	1	8347
RDPGVSKA	0	11338
KKSTAVKR	1	5089
KESNAVNI	1	3542
QESSASNL	1	6687
LETLAAKL	1	6073
RVRIGSKK	0	15420
TETVASKK	0	9148
RETSASQR	0	15394
KPATASQK	1	5203
RETAASRI	0	15385
EQTKDSKL	1	1967
RETTASLQ	0	14528
QQTTAAGK	0	13441
QNSSASKK	0	10518
QATTASSK	0	16026
KEKRAVKL	1	3039
HESTASKL	1	2267
TEPVASKR	0	16276
KEPTGSLE	0	15712
NETAASKN	0	15935
KETVASNL	1	4811
KSTTEVKL	1	5780
QESIASDL	1	6609
QNTVAVKL	1	6972
KANIAAKL	0	13281
PDAPASKK	0	15976
KEASASDT	0	14707
RESWAVKK	1	7583
GETTDSKK	0	15546
KESPGSLK	1	3613
HDTPAFIK	0	12570
KESWVSKK	1	4025
RETTASKA	0	10654
EESKFAKL	1	736
RETTGSNK	0	11045
EESSASKQ	1	936
KETKASEK	0	13926
PETSGSTT	0	10773
KQSTGVKR	1	5466
PVATASDK	0	15315
IETAAVRK	1	2493
RETTAVKE	1	7797
QVTPASPK	0	15369
KESTPSLK	1	3906
EESSAVNK	1	977
LETTVSDQ	0	12291
EPNLAVKK	1	1760
EESAVVKK	1	604
QERSASVK	0	9211
KETKATKK	1	4303
LETTASNQ	0	16631
EESRGSKI	1	875
QESRDAKK	1	6672
KETTGSIK	0	9831
LESFAVKL	1	5970
QATIASKK	0	12690
IKSSASKK	1	2537
NDTLAAKK	0	15921
KETTAAVL	1	4681
QETTVSDQ	0	9500
SPSRAVKL	1	8179
PANTASKN	0	13399
KESTAARI	0	16505
RETNASNK	0	13725
KESTASKT	0	9312
IETRAVKL	1	2512
KDSNAVKL	1	2805
KDATASKR	0	15641
HQTDAAKK	1	2399
KESFALKK	1	3278
KRSTGSKI	0	16599
MQVSAAKS	0	14833
MESSASDL	1	6213
KQTTSSPK	0	12074
TETSASNT	0	15026
RESFDVKK	1	7366
KENNASKL	1	3074
PRTNAQTK	0	14065
RESIAVKK	1	7394
KETGRSKK	0	13920
KETVAAKS	1	4782
KENTASRK	0	11492
TESAASEK	0	14202
QEATASKE	0	13168
HEAVASKL	1	2196
EETNSSKR	1	1380
QESTAADL	1	6702
KESRAAKM	1	3631
IESCASKK	0	10811
KHSTASKK	0	15802
RETTASIN	0	12353
KETTASDI	0	11507
KEPIASIK	0	14718
QATAASYQ	0	16023
EQSTSAKL	1	1910
QKPTASKK	0	11940
RETSNADI	1	7774
EPTGGVRL	1	1796
NETIGAYE	0	15938
EQSNEAKK	1	1845
DESQASKK	1	221
NETTASNK	0	9172
EATIASKL	1	338
KQSNAADL	1	5402
QDTSASKK	0	8567
RETAASQK	0	10786
NESFAVKL	1	6274
RVTTASKN	0	13472
IEATDSKR	0	14284
EETNATKL	1	1358
RATAASKK	0	11033
KGSGASKD	0	12639
EATTASKT	0	12560
EQSTAEKL	1	1890
KEPTGSRK	0	12245
PEPTASKL	0	16696
TETSASKE	0	16286
KEGAGSKK	0	15685
NESVAVKL	1	6316
EGTTASNK	0	14261
HESNAVKK	1	2232
HEVTVTKD	0	10132
EESSDAKK	1	987
KEASASNK	0	10897
IETIAVKK	1	2502
DESSSSKL	1	233
SETSASHK	1	8158
QQTTASKL	0	12938
KATIAALK	0	13287
KETDAAVK	1	4081
NESTAVKI	1	6310
EGTADAKL	1	1649
KGASASIK	0	15778
KVTQAIKK	1	5895
EGTSAVKL	1	1668
NETPGSKT	1	6342
KEAAAVKL	1	2938
IESNAVKL	1	2463
KVTTASKI	0	9440
EETIGSKL	1	1307
KEDAASGK	1	2972
KESRAVKN	1	3671
AETTATKL	1	149
NETAAVKI	1	6329
TQTPASQR	0	10308
TVTPASKK	0	11357
EEPTASIK	0	15081
TESTGVKK	1	8261
RESYAAKL	1	7598
KTTVAAKL	1	5812
LETTASKE	0	12289
KGSTVVKK	1	4954
RESFAAKL	1	7325
QTNAAPKR	0	10864
KDTTDVKK	1	2925
KETPASNQ	0	14748
RDTTGVKK	1	7227
EAAVGSKL	0	15496
KESNAVQT	1	3552
MHSRVPKK	0	12474
GESPASRK	0	12402
NQTSASLK	0	15284
KGSEASKL	1	4908
KEPSASTK	0	11644
LHSIAAKL	1	6140
EGTVAAKL	1	1681
KATIAAIE	0	13285
YENTASKK	0	11972
IVIKASYK	0	13548
YETAAVKK	1	8451
KETTDADL	1	4730
NETSAVKL	1	6352
AETDASKK	1	99
THTAASKT	0	10666
SESVAVKK	1	8139
KGSEPSEK	0	9512
KVSAGSNN	0	14401
KEITAAKK	0	9876
QPTTASLI	0	10232
KESTEAKL	1	3875
EESRASKL	1	849
EQTDAVRL	1	1948
QGSTASIK	0	16782
LESTASKK	0	8527
RQTIAAIK	0	16873
PDPTASQN	0	10564
KEPTGSKI	0	12244
TETLASKK	0	16283
AGTIGSKL	1	168
KESNAAKS	1	3475
KETPESKN	0	11196
RDSNAVKK	1	7192
LESLAVKR	1	5986
KESTAVKL	1	3852
TQSTSLTK	0	12741
QQTLACKD	0	12703
KVPTASIK	0	16607
KETTALNK	1	4690
REAAGSEK	0	8490
EEPPASKQ	0	15079
RQTDAVKL	1	8025
PENTASKN	0	10063
DESQASKI	1	220
RETDGSKL	1	7624
KESSASVT	1	3751
HATTASEK	0	15106
KHTAASKT	0	9051
KDSIAADL	1	2788
MDGAVPKE	0	11790
RESFASKL	1	7331
KEVIASKL	1	4870
IVTSASRQ	1	2555
KETTASAE	0	14756
KASRAAKK	1	2602
NDRCAPKK	0	16657
KVSRAAKS	1	5864
HETIASKK	0	11276
RENSAVKR	1	7273
IKRTASKT	0	15593
HATSASKK	0	15551
EESSASYQ	1	957
PESTATKS	0	14460
EETIASDI	1	1280
QPTGGADL	1	6992
NESWGSKI	1	6320
KENTASKN	0	13565
RETSASRE	0	14984
RESWGSKL	1	7587
KEYTASKK	0	11394
KETAASDR	0	13576
REPGASKK	0	14520
KETNISKK	1	4404
KERTASGE	1	3169
KETRASQL	1	4470
KETVASQL	1	4812
KDTSASNK	0	11756
PESPASEK	0	11321
RETMAVDL	1	7704
KGTSDSQK	0	15220
SQTAASSK	1	8186
EPTTAVDL	1	1803
PETSAVKK	0	13676
KEPAASEQ	1	3123
EESTDSKL	1	1079
KVTAAAKL	1	5873
KETVASKE	0	10627
EESTAADK	1	1022
KETYDASR	1	4865
KEIVASSK	0	13084
EESSGSKK	1	1004
NDSTAVKK	1	6260
KETADAKK	1	4061
RESTASKI	0	10939
KDHTASKK	0	12804
HATTESTK	1	2182
QDSNASKI	1	6504
KQTIASVL	1	5608
QESVASTL	1	6738
AHYNASTN	0	14241
KETSAVSK	1	4615
EEKTASEK	0	12753
RETIAVDL	1	7669
QESVAVKL	1	6739
IVTTASKQ	0	13279
TPTLAVKK	1	8357
YESTAAKL	0	13781
KHAAASKK	1	5032
RTTTAVKK	1	8079
SQTPASQR	0	16253
EDSFAAKK	1	391
KHSRSAKL	1	5044
QETSASRT	0	13695
KGTIGAKL	1	4980
NETSASQK	0	14850
KEAAASIK	0	12815
KESHASKM	1	3339
QETTGSKE	0	13437
EQTLVVKR	1	1969
TESTATKS	0	13758
RESEASKL	1	7316
TETVASVL	1	8334
EETAASEK	0	13525
KETCASKK	0	10985
KQSTASIQ	0	9673
HETSAVKI	1	2354
KETAALKK	1	4036
KEINAVKL	1	3016
TETTAPKK	0	13224
LETMAVKR	1	6075
RQSAASKL	1	7967
EQSTAAKK	1	1880
KESRASDL	1	3652
PETNGSKK	0	15301
LQTTASKK	0	10403
KETNASNN	0	15196
SESTAVKK	1	8133
HEAAASEK	1	2191
KESTASTN	0	13090
RVTTASKL	0	11724
RASGASEE	0	16128
KESVAAKK	1	3920
NVAPASNN	0	16683
RESSAVKI	1	7501
RESRAADL	1	7458
RETTRSKK	0	16853
QESRAADL	1	6658
KETNAAKK	1	4357
KPTGAKAT	0	15230
KAHSDSIE	0	15606
EESVASKI	1	1119
QESTASKL	1	6710
ASSRAAKL	1	185
KESTASER	0	16506
PEITASKQ	1	6416
TETPAANK	1	8295
QETSASGK	0	16765
KGSRAAKL	1	4926
QQATAANK	0	9191
HGHTASKK	0	10423
EESSASRL	1	949
QGTTASVK	0	11939
EETNGTKK	1	1374
KDTTRSKK	0	15669
RETTASMT	0	16846
EGTRAVKK	1	1664
RVSIAAKL	1	8084
QKRSASRK	0	14934
LESRDAKL	1	6010
QQSSAVKK	1	7040
KESTAAKR	0	16504
PDRRASKL	1	6407
KESTGAKQ	0	9362
KDSTAAKL	1	2821
KQTTASIK	0	9589
KHSVAAKK	1	5047
REITASVK	1	7254
KENHASEE	0	15696
EQSTAVKI	1	1899
KETAASNR	0	15734
KESRVAKL	1	3712
KDTNAVKK	1	2889
SGATASKK	0	8836
KETTASVL	0	14763
LETAASIK	0	14418
KQSAVVKI	1	5369
IENAASIR	0	10748
MMTTASTD	1	6242
KQSTAVKL	1	5461
KETMGAKL	1	4355
KETRASKL	1	4468
LESFASKL	1	5966
KEKRAVKK	1	3038
PETLASKQ	1	6431
KEADASKI	0	15149
KPTRASKN	0	9854
KASSASRS	0	12016
KETTGSYK	0	10498
QESWGSDL	1	6742
KEPAASQK	0	16488
KDTTAAKL	1	2910
EASNAVKK	1	292
QDATASTK	0	15322
IESIASKR	1	2449
RESTASRN	0	8668
KQSRESKK	1	5424
KEPTASTK	0	9607
RETTAEKL	1	7783
QPTGASKL	1	6988
NESTASEK	0	14841
KVTAASNK	0	13636
KASNAAVK	0	14296
KETISSDL	1	4285
EETIASGK	0	8761
DHTPSAEK	1	261
KETAAVKM	1	4049
SETTATKK	0	11254
KATPASNK	0	12589
TVTTASKL	0	15473
IETTGSKK	0	9509
RETSVVKK	1	7775
KESWAVKI	1	3977
TGSRPAKQ	0	15460
EQTDAAKI	1	1926
RESWGVKL	1	7596
EESTGTKL	1	1102
KQTSASKN	0	16595
RERTASKN	0	16828
GESTASKR	0	15542
GQSTAAKL	1	2165
TETPASIK	0	13221
YETTASVK	0	11841
MVTTASRM	0	9711
KEVSASSK	1	4874
EESTAAKV	1	1031
LETPASNK	0	13999
KENSAADL	1	3105
KQTAASAK	0	8728
KHTTAAKK	0	15223
KDASASEH	0	12592
EETRAAKK	1	1391
KEASASKQ	0	13302
KHSVAAKL	1	5048
VETIASDL	1	8408
KDSNPAKL	1	2808
KAATASKM	0	16438
QETTPSNK	0	11563
KPSAASHK	0	14789
KESSASEN	0	15725
RENHAAKL	1	7265
TPPAASIN	0	15037
PVTTSSEK	0	10461
KESNDAKL	1	3568
EETPAVKL	1	1387
HETIAVKI	1	2331
RESFAADL	1	7322
IESFAAKL	1	2435
SENTPSIR	0	9517
KENNSSKL	1	3100
KPTLGVKK	1	5280
KATTAADL	1	2708
KETTAAKQ	0	12631
RESTGAKK	1	7556
AESSAADL	1	68
NECPASST	0	12092
EETIVADL	1	1312
RETIASKK	0	9279
QQTPASIR	1	7068
KPTRQVKI	1	5288
EESIAAKS	1	691
SGTSAEYK	0	8466
EESMAVKL	1	757
RVTKATNK	0	9921
KETSTVKK	1	4657
KEAPASNN	0	14705
KETTASIN	0	10693
KDCTASKI	0	16458
KDSRAVKI	1	2810
KETIASDI	1	4240
KAPTASNK	0	11371
QETTGTKK	0	15356
KETKAAKS	1	4298
KETTASVT	0	9671
KETEAVKK	1	4117
QETTASEK	0	8972
EESKAAKK	1	725
KESRAAKK	1	3629
KATTAVKL	1	2715
KGTTASIQ	0	15221
KATTASKI	0	10011
KEKIAAKL	1	3032
KESSDTKK	1	3781
KATTASTK	0	9665
SETTAVDL	1	8165
KETSAAKS	1	4554
KETGAAKL	1	4153
KETVASDV	1	4797
IETSAENK	0	13269
DESAASKK	0	14605
AENNAVKL	1	25
MDTTAPRL	0	14005
IETAASNS	0	11627
EESTATKR	1	1062
KESRAAKF	1	3627
QDTSASKL	0	14077
KQTVAVKL	1	5698
KERTSSEL	0	10434
LGTTASKQ	0	13378
QESSESKK	1	6696
KPTTAADL	1	5294
IESWGSKS	1	2490
QVTTASKT	0	12709
RESLAVKK	1	7408
RESFGSKK	1	7368
RESTDAKL	1	7550
RETPAPRK	0	8759
KETRGSKK	0	8463
RGTTASYT	0	13734
KLSRAVKK	1	5128
EETTVSDQ	0	10745
KETRATKI	1	4473
KDTTAVNK	1	2923
KESSDSKR	1	3779
KPTAGSIT	0	13342
YEATASKK	0	10798
TDAPGPIE	1	8206
KDTTASNK	0	9149
KATAASEI	0	15620
SESIASRL	0	12730
AETSAVKR	1	137
KQTDPVKK	1	5569
EQTDAVKR	1	1942
EHTTASTV	0	15523
QATPASKQ	0	12912
KESVASKI	1	3936
QESIAAKL	1	6607
RETISSKL	1	7681
KVHTGVKK	1	5829
KETTDARK	1	4738
LQTPASIK	0	10838
KVTSASEK	0	9336
KETTASRG	0	13098
RPPRVEIR	0	13736
QQSTAVDL	1	7043
KESAAIKK	1	3190
KHTSVSMK	0	12062
KQTDAVDL	1	5523
KETRAVQK	1	4503
EVSIRSKE	0	10606
EGTVASTK	0	12197
KETSDSKR	1	4632
KEATPARI	0	16479
RESSASTK	0	14976
GETTAAKK	0	14637
LKTAASGK	1	6148
TDTMAEKT	0	16262
RHRTASKK	1	7899
QEATASNK	0	10848
KETTAWTK	0	9880
PNSSASKK	0	12312
HETTATSI	0	10965
KATSDVKK	1	2707
QETTASIK	0	8768
RETSAVKM	1	7762
QESIAAKI	1	6605
KESNAVQL	1	3550
NETTASEK	0	9784
NELGAPKK	0	9408
KQTTASIT	0	15237
QDATASKK	0	9210
KETTVSTK	0	12452
RQTTASRK	0	15417
AETAATKR	1	94
KHSIASKL	1	5036
QESAASTT	0	15331
GDPPASRT	0	11742
RETTASRY	0	16849
QETVAVKI	1	6903
KEGFSSEP	0	13304
QETTGAKI	0	9895
TQTTASKN	0	15042
METTASNK	0	12671
NDSIAAKI	1	6255
KQTDAVRE	1	5548
MESNASKL	1	6205
KSTTGAEK	1	5782
KDTSAADL	1	2900
GESFAVKK	1	2123
KTNTAVKL	1	5787
KQSAAADL	1	5351
KETVALKK	1	4792
HERAVISK	0	12404
NEAAASKK	0	15272
KESNAVKT	1	3537
EKTPAVKK	1	1714
KDSTASIK	0	14311
KENNAVRK	1	3094
QDTSPSKK	0	10122
KEITASKQ	0	15164
QESTASKT	0	10853
REPNPSHE	0	11439
YVTTASKK	0	11070
EEPIAADL	1	552
TGTIAAKK	0	13498
KQSDAAKL	1	5377
HEPTGSIE	0	9104
EDSAASKL	1	383
PESTASRV	0	9074
TETTAVKK	1	8327
METNASKK	0	12472
KGTTAVKL	1	5022
RQSTASKK	0	11952
KESRAAKV	1	3636
QLSTAAKL	0	10781
KESVASVL	1	3947
KQSAVADL	1	5364
KETRAAVK	1	4456
RERAASKE	1	7283
RETEAVRK	1	7632
LQAPGSKD	0	11118
KVTSGSNN	0	9351
KDATASRL	1	2744
SAGSGSIK	0	16234
HPSIGAKK	1	2384
SDTTAAKL	1	8103
AASNSAKL	1	2
REAPASNN	0	9763
TATTASKL	0	14192
PVATASSK	0	16720
QHTTASKK	0	16094
KGTTASEM	1	5015
TATSASQA	0	15439
KETYAVKL	1	4864
LESNAADL	1	5987
KDTAAAKK	0	12423
KETKGSPK	0	9023
RRRTASKD	0	16878
NEAAASKT	0	15923
EETNGSKL	1	1373
HETLASIK	0	10891
QPTTGSNK	0	12702
KDSSASKK	0	10104
KEARATKK	1	2952
EANSAVKK	1	279
MATNASKK	1	6195
KETISSKL	1	4287
KKSRAADL	1	5074
KETNGAKR	1	4393
DRPTASER	0	14610
KETRAARL	1	4454
KESTAVEK	1	3848
QDSIAAKI	1	6500
TETTASRK	0	9193
LETTASKI	0	10255
KGTSAAKK	0	11661
QESFAVKL	1	6588
RVTTAAKK	0	13209
RENTGVKK	1	7276
KVTPASKT	0	13990
EQSAGAKL	1	1823
QESFAAKK	1	6583
RDSPASKK	0	12345
NDTTASKK	0	9091
KETRGVKL	1	4536
PEPNASKK	0	14459
QESDSSKK	1	6578
LEAAASKK	0	16620
KETVAAQL	1	4784
KEKNAVKK	1	3034
QLGPASKK	1	6949
RPTTASNK	0	14163
QESGDAKK	1	6596
KAVNAVKL	1	2737
RESSDAKR	1	7509
DESSDAKK	1	229
SVANASNQ	0	8715
KETNRSKL	1	4406
KESKDSKL	1	3420
QETTASKS	0	10860
KGTIASDL	1	4977
KEPSAVKL	1	3132
EQSDAAKK	1	1827
RQPSGSNV	0	16870
KKPIASKK	0	10763
RVTTASIQ	0	8772
EESRAVKI	1	859
SETNGAKL	0	11452
HESIASKI	1	2220
KENTGVKK	1	3117
KDSRGVKR	1	2812
QDSPVSEV	0	16032
MESSAAKL	1	6212
QESTASYG	0	14911
KDDSGSTE	0	16459
RETPASYK	0	15392
HDTSASKK	0	12777
RGTTASIQ	0	16863
SETTASIK	0	9736
RETTATKR	1	7790
RQTTASHQ	0	16221
EESNAADI	1	762
KSTRAAKL	1	5768
KESWAAKS	1	3973
SESSASKG	0	11253
QETMAAKL	1	6827
EETRAVKS	1	1416
TEATASKE	0	12998
RESWGSKQ	1	7588
TQSWGSKK	1	8367
KENTAVKK	1	3115
KETIAPKK	0	15191
LESTAAKI	1	6026
KQTNAAKL	1	5630
REIPASKK	0	11151
LASSASRS	0	8801
QESRGTKL	1	6679
KDTSAVKK	1	2905
KETRATKR	1	4476
KGTTASNK	0	8955
RETTASKG	0	12354
EQSAAAKL	1	1818
KETAASIE	0	11094
EETTASKQ	0	10210
RETAASKT	0	11038
KETDASTV	0	13915
KDTTAVKN	1	2918
QASTASKE	0	15318
ESSAAVKK	1	2023
HVIMGSEH	1	2408
EESSAVIK	1	965
SGVTASKK	0	11957
KETSAVKK	1	4594
PETVASKI	0	9693
QASAASIK	1	6463
NESNASKI	1	6284
KATNAVKI	1	2689
KVTTAAIK	0	12662
LPTGGVKK	0	13651
KESSASSR	0	14341
RETTASAK	0	10579
REPTASKE	0	16823
EESWESKR	1	1140
EQTIAVKK	1	1965
QGTNVEKK	0	14489
KEVTAEKT	0	14362
EESGAVKK	1	670
AETRGSKK	0	10668
LETPASLK	0	13647
KDTAASKK	0	8779
KDTTAVKL	1	2916
KQTDGSKR	1	5567
QETMAVDL	1	6828
KDDTESMK	0	10969
KDTIASLE	1	2875
QSSRAAKL	1	7090
AESTASKL	1	84
EQSAAVKK	1	1820
EDSVAAKK	1	420
EETHASKL	1	1231
KETPASEE	0	16525
TAAGASES	0	15436
QVPTASIE	0	11434
NGTSASNK	0	13142
LENVASKK	1	5954
KLSDAVKK	1	5126
KETEASKN	0	9313
QGATASKR	0	13697
KETRASSK	0	12626
KESRGSKI	1	3698
SGTSAEYN	0	10947
IATTASYK	0	14652
KGPTASRK	0	13610
QETVASVL	1	6902
IETIGSKQ	0	9197
TESFAVKL	1	8224
EETHAAKK	1	1228
QETAASTT	0	13692
QETIASKR	0	10856
KQTDAVQK	1	5547
QETTATKR	0	14924
NETIASGK	0	14845
KEKTASKK	0	9848
KESIASKR	0	15718
RQTTASKI	0	14549
PETSASQK	0	14875
METRGSKK	0	9691
RESFAAKK	1	7324
RESSAVKR	1	7504
EPAITAET	0	15525
KETSASIE	0	11505
KVTIAADL	1	5883
HETTASRK	0	10609
KDTTAVVK	1	2924
PESTGSKR	0	15298
KETLASIK	0	16521
KEPGASKD	0	11493
QETTASQE	0	12124
QGAAASKK	0	14926
EESRATKL	1	854
EATPASKI	0	15497
KGSPAVKK	1	4925
KESFAVRK	1	3300
KDTAAADL	1	2852
RETIAADK	1	7648
KEHRASKN	0	12238
HESSATKK	1	2256
TEPTASKN	0	14571
KESPDWKK	1	3611
EEITAPHK	0	12752
KSTVGVKK	1	5784
RESTASNL	1	7535
NEPAASKS	0	14839
KEPTASSK	0	12613
QETAAVKK	1	6756
QVSAAVKR	1	7105
KVTTASTI	0	16615
EGAAASKL	1	1615
EESTAADM	1	1024
DDSTRATV	0	14603
MGSPASKL	1	6240
PESTASNK	0	11227
KESIAAVK	1	3371
RDTHAAKL	1	7210
KESNAVHL	1	3520
KAATASRK	0	12418
VATIAAKS	0	10345
REAFASKK	0	16818
EQTAASKR	0	9302
KESTAATM	1	3824
KDSIAVKI	1	2792
EESSAANK	1	899
KGTSASKQ	0	12643
KGTSASKL	0	12276
KESLAAKL	1	3432
RASVASKL	1	7143
TEPAGSKQ	0	16913
SESWGSKR	1	8141
KDTRATKL	1	2893
KDTVASCK	0	11759
KDPTASKK	0	9084
KEIVASKQ	1	3026
RESFAVDI	1	7337
KGTPASKN	0	13334
IGTTASTK	0	12792
KESAAADL	1	3184
EQTNAVKR	1	1976
KGSTAVKM	1	4942
QESTASQK	0	13173
AATIAAKL	1	9
KETTASTK	0	8585
SETDAVKK	1	8146
KATTAPKI	1	2710
HETHAAKL	1	2324
RLTKVELK	0	16216
WETRASKL	1	8431
RESSASVL	1	7497
KVNNAVKK	1	5833
EQSWGSKK	1	1917
QETRAVKI	1	6853
GETNASQK	0	12773
KPALAVKL	1	5199
EGTTASKI	0	15092
KQTEAAKL	1	5577
NETAASKL	0	8550
RESMDVKK	1	7417
QESTASTK	0	9593
KEASASKS	0	12232
RGAPASNQ	0	8982
EETTASQK	0	9846
QVSIAAVE	1	7107
KESTAVKQ	1	3855
EEATASIK	0	15077
LETTARNR	0	8773
KVNTASHK	0	14808
TPTAASTE	1	8354
ERTTASKK	0	12567
KDTSASRK	0	10975
RDSTASRN	0	11339
KETNSSQL	1	4424
KQTKAAKL	1	5614
KESEASHK	1	3256
QQRAGSKQ	0	14497
EETSAVKR	1	1459
KESKDSKR	1	3421
KETSTSKL	1	4656
RGTRVVKL	1	7883
RVTTASQK	0	12984
RETTAVKL	1	7800
RQTDAVDL	1	8022
SESSAAKL	1	8126
KAATAVKK	1	2562
KETIAAVT	1	4230
QETIAAVL	1	6799
KETTGSNK	0	8909
KETTASRI	0	8945
KENNAVDI	1	3076
RETVASKT	0	14149
NEPTGSKK	0	12675
QQTKDSKK	0	9695
PETTAAKK	0	9813
RESFAVQK	1	7357
IDPAASTR	0	15573
KETTDSIQ	1	4741
RESFAVRK	1	7359
TETAASLK	0	13010
KPSIGVDL	1	5227
KGVTDSKK	1	5031
KESPASDL	1	3608
KPTTASHK	0	14790
QASTASNK	0	16730
KETSASKK	0	8501
HVTAASKK	0	14281
NEGTKSQK	0	11006
KQAARSDK	0	10764
DESWGSKL	1	241
KPRASSNK	0	15229
EITTAAKL	1	1701
KERSASKL	1	3165
QGTTASKQ	0	12130
KRTPDAIE	0	12464
NETTASKH	0	15946
RETTASRR	0	11155
QEPTASLK	0	16751
QDSTGVKL	1	6511
QETTASKE	0	9339
KDTSASKQ	0	12224
QETSASKL	0	12327
YETTASKT	0	15062
KESSASKK	1	3736
KGTTASKK	0	8505
KDSNASKL	1	2801
TETNAADI	0	11729
KMNIAADL	1	5158
KATIAARK	0	13068
NRTAASKQ	0	16681
TATTASKI	0	16258
EDTTAAKI	1	461
NVTPASKL	1	6400
QGTTASIR	0	16092
ETTGATKL	1	2057
GESSASKL	0	10349
KETLAVKL	1	4330
RPTLGVKK	1	7949
KEATASKQ	0	9491
NESRASGI	0	15931
EETTASKE	0	10804
IQTKDSKK	0	11281
EQTAASKK	0	13533
TGTVASTK	0	11456
QETTASVK	0	8845
KERNAVKI	1	3156
KQTLAVKI	1	5622
TVTKASIK	0	15051
QETTAVKK	1	6885
NESTAAVK	1	6305
TGTIGSIQ	0	11836
RQTTDAKK	1	8051
KETTASYT	0	12634
RAASAVKK	1	7124
KDYIASML	1	2934
KETTGAKK	1	4753
LENTASKK	0	10504
KVRTASYT	0	13987
QATAASKK	0	10194
DDHMGVKL	1	206
QEATASRI	0	11558
IEATASVR	1	2424
KESNASKT	0	15721
QNSTAAKL	1	6965
NESSDTKK	1	6303
KGISASEK	0	13604
KESNSVKL	1	3601
KESVASSL	1	3943
RNSRAVKK	1	7922
RESSASKK	1	7488
RESFAVKR	1	7349
QETTAVKL	1	6886
KESNASNK	0	16500
TETSNAWE	0	10880
KASTDVKK	1	2622
PQTTASTK	0	15313
SEPSASKK	0	16893
KPSRAVKK	1	5230
NEPIASKK	0	11007
KGSTASNK	0	10441
KESSGTKK	1	3795
KATSASSK	0	16451
KGSTGSKL	1	4951
RGTTASVK	0	14538
QQSRAADL	1	7030
RPNSAVKR	1	7929
RETIATDL	1	7668
LATNPSKK	0	12666
EQTTDAKK	1	1997
PEPAASKK	0	11127
IETSAVKK	1	2513
QETHASKL	1	6781
SVKTESNT	0	11351
PPATASKN	0	16014
EGTSASKK	0	10746
KERTASTK	0	10245
QPTGVVKK	1	7003
KVSPASHK	1	5858
REASASYD	0	9205
TVSTASKK	0	13021
KQTPASIK	0	12657
RETSAAKI	1	7755
KETRASLK	0	11771
KERRASVK	1	3160
RATPASIK	0	11816
KETGASKR	0	15741
KETNSSKL	1	4416
IESNASKL	1	2459
KDTKAVKI	1	2882
IANTVTEI	0	10488
QGTTASTK	0	10409
PGTMASMK	0	14466
HETRAVKI	1	2347
RGATASEK	0	11046
QQSVAAKL	1	7046
RSTIAAKS	1	8074
TEGTASKK	0	14568
KETTAVDM	1	4707
KETPASKV	0	15197
KESTRAKL	1	3907
KQPTASRK	0	15832
TQSTASQK	1	8365
KETHESKR	1	4191
KPKSASNN	0	15227
SETTASYR	0	9485
EDTIAADL	1	444
EESAAVKI	1	594
KESTGVPK	1	3903
HEIWGSKK	1	2197
AATIASKL	1	10
KVSDASTK	1	5842
KQSAVVDL	1	5368
EETRGTKL	1	1436
TVTTSSKK	0	15476
KATIASNK	0	14682
QESTAAKQ	0	9998
LETAAVKK	1	6054
KESGGVKL	1	3331
NEPTASKK	0	9352
KGTRAAKK	1	5000
RETTGSLH	0	13730
NDTLASLE	0	14836
KESAASKR	0	11645
EEATASKL	0	15502
NVTTAAKK	0	16686
KETFAAKR	1	4131
EATIAAKI	1	329
KETAGVKK	1	4068
SERLAVKL	1	8109
KETRAVQI	1	4502
KENNAVIK	1	3080
KESTGASL	1	3888
KESTGAAL	1	3883
RHATASVK	0	11344
KTTTAVKL	1	5811
KQTTASDK	0	13630
RETAASKS	0	13456
TETTASAK	0	15456
EESWGSKQ	1	1147
KEWTAAKL	1	4876
TESWGSKK	1	8264
KGAAASKV	0	12454
NKSTASKK	0	10840
KESTVAKL	1	3914
IESIASVT	1	2452
KETNASRN	0	16523
TQTNAVKM	1	8372
EQTYAAKI	1	2012
TESDASRK	0	13488
HETEASKL	1	2322
RETLAVKR	1	7701
QSSSGQIG	0	14117
KETTAAIL	1	4665
NETNGSKK	0	16670
RETNAADI	0	8506
LESWASKL	1	6047
KESIGSKL	1	3400
RETTASIT	0	12968
KVTKATNK	0	8894
NETTASHT	0	8906
HDASASKD	0	10889
KESVATKK	1	3950
EQTYAVKK	1	2013
RETTTVKK	1	7832
RESADSKL	1	7302
KETTASNK	0	8525
KPTTAVKM	1	5302
SESAGVKK	1	8113
KASIAPGI	0	11082
KQTDGAKL	1	5564
QESRASLK	0	13428
YETTASIK	0	13510
RVTTASIK	0	11346
TGATASKK	0	10665
EKTTASKK	0	11470
KEHLAAKK	1	2991
REATASKN	0	10071
RDSRGVKK	1	7193
LSSRAAKL	1	6184
KQSRAAKL	1	5416
RETRASKL	1	7735
ETTTAVKK	1	2063
RDTTASEQ	0	14512
ETRSATKK	1	2049
KETLAVKQ	1	4331
KESWPSKR	1	4023
RESSASSK	0	16833
KVTSASTK	0	13360
KRTTASNQ	0	14394
ERSHPAKL	1	2016
RESMASKL	1	7412
KEPSAEKQ	0	11385
HESWGSKR	1	2301
KETTGSTR	0	9436
HETSASIK	0	15109
PGTTASHK	0	11550
KNSIASKL	1	5170
KETRESNR	1	4528
KESKAAKL	1	3410
LESFAAKL	1	5965
SETTASVK	0	10306
KQTAAVKK	1	5493
EQTIAADL	1	1958
QDTMAEKT	0	8813
NGTTGSKR	1	6374
QEPNATVL	0	12920
KESRAATL	1	3646
KDAMGIKK	1	2741
KETRASRI	0	9494
KLTSAVKK	1	5142
NGTTGSKK	0	16677
RETNGSIK	0	16840
RETTASDN	0	16845
NESAAPKV	0	16664
KPTNACVR	0	14378
SETTASTS	1	8163
METTASKR	0	11002
QGTTASQK	0	11708
TEPTGSSE	0	16916
QPPAASKQ	0	16790
EASQAVKL	1	295
NDAIGSKL	0	13135
KVATASDK	0	13633
QETAAADL	1	6752
PVATASKK	0	16719
KASWGSKK	1	2647
KGTTAVKS	1	5023
NESIASRL	0	11413
SETSASTK	0	16896
QQTIAAKL	1	7061
LESIAAKL	1	5976
QETIASKL	1	6802
KTTSAVKK	1	5806
EASQAVKK	1	294
RGPTAASV	0	14534
KQIAASKN	1	5327
PEARASKK	0	10711
NESNAADL	1	6282
RESDASRK	0	12143
KESTASNQ	0	12829
QESQAVKK	1	6656
GESWGSKR	1	2140
KQTAASRK	0	14384
TETNASNK	0	15024
EESNAAKK	1	765
YENNAVKK	1	8440
EQSTAVKM	1	1902
KDTDAVKK	1	2859
KETMAAKR	1	4339
RGTGASKS	0	10035
KPTAAVDL	1	5248
RETTASRE	0	10074
KETAAVRS	1	4060
GEPTASKK	0	11274
IESSASDL	1	2472
EESSAVKP	1	971
KESVGSKK	1	3963
TETTVSDQ	0	10664
HETIAVKK	1	2332
EATTASTK	0	13520
EETTASKI	0	10603
QQAPASQK	1	7009
TETPAVKK	0	12374
EGTSAVKK	1	1667
KVTIASKK	0	14404
KETNGSKL	1	4399
IEGTASKK	0	13833
IETTASKR	0	9801
NETTVSDQ	0	11009
QETSASQR	0	16072
PETTASTQ	0	14061
NESAASFQ	0	12478
EETIATKI	1	1293
PQTTASIK	0	16715
RKNSGSKK	1	7907
KHPPASKG	0	11105
PDTTASRK	0	11419
HETTASEI	0	12405
NAATASKK	0	11914
ENTVAVKK	1	1755
KVTTASKN	0	9912
HESTASDL	1	2266
IEIPASMR	0	16418
NETIAAKI	1	6336
EETRAVKR	1	1415
KETRAVKS	1	4494
EESIASDL	1	698
KDNAGVKR	1	2761
KETTASYN	0	11300
KEATASKK	0	8474
QEIPASKK	0	11136
EESLASKL	1	743
MDATASTE	0	11217
QKASASRN	0	16787
KDSTPSKK	1	2835
KETTGSTK	0	9988
QENWGVKL	1	6559
PETTAVKK	0	15997
KVPAASKK	0	13357
KEATASVK	0	10047
KRTSASKM	0	10914
HESSGVKL	1	2263
TETPASKL	0	15025
IETTASLK	0	11077
KESSDAVR	1	3774
QETTASRQ	0	14095
RENTASIE	0	8777
TENTASCK	0	13001
KPTGAAKL	1	5260
RATPASKQ	0	8923
SAAPDSKL	0	13741
QESTAAKL	0	10292
QLSTASQK	0	12937
TESIAAKL	1	8227
KQAPGSKK	0	12460
REHSAVIK	1	7247
EESTASTL	1	1055
KEIAASVQ	0	10106
AESRAVKL	1	66
IESIAVKI	1	2453
RETRAAKL	1	7733
EEATASTK	0	15078
QETTAVKM	1	6887
KETASSEK	0	15738
PETTASTK	0	9202
MESSGSKL	1	6217
KETTASNI	0	9571
KASTGSKR	0	11860
TETTDSKK	0	10126
RQTCASRK	0	15415
KETIGAKL	1	4272
KDAAASKK	0	8706
RATTASKK	0	8727
LQSSAAKL	1	6165
KESRSSDL	1	3708
KESSSSKL	1	3803
KESTASYN	0	13907
GDSTAWKK	0	15100
TGTTRSDQ	0	10159
RQTTAKDK	0	16876
KGTNSSKL	1	4993
RVATASNK	0	16882
EATIAVKL	1	343
QEAIASTK	0	9561
KMNIAVKK	1	5161
TRNAASKN	0	11263
KQPDAVKK	1	5338
QETAAVKI	1	6755
EETGGVKK	1	1225
EERNAVKK	1	562
RGSTAPKP	0	14154
IENSGAKK	0	10490
KEASGSKK	0	11382
GESTAAKL	0	11743
QDTAASKT	0	8868
NVPSASKK	0	12098
KESSASKI	1	3735
KESNAIKL	1	3487
KSTTASEN	0	14804
GATTASQK	0	13257
RTSSDAKK	1	8077
LESTAVDL	1	6033
EETIAAHL	1	1249
EESSASPL	1	945
EYTPDSSV	0	11472
IGPTASKK	0	12010
RETFAAKL	1	7636
QVTTASNK	0	11814
EETMATKL	1	1346
KETSASTQ	0	15757
RETTASKE	0	8854
RESHASDK	0	9647
KQPPASKT	1	5340
AETYASKL	1	164
KQSNAVKL	1	5409
KQTTASKQ	0	9833
QATTGSKK	0	13419
RETIAAKI	1	7653
EAASAVKK	1	272
VPQPASKK	0	16333
KEREAVKK	1	3142
LESSAVKR	1	6023
RESNSVKK	1	7453
LQSIAAKK	1	6160
RESTASKK	0	8581
SQTTASKK	0	10099
RESFAVRL	1	7360
EAATASKK	0	12391
KESSVSKL	1	3807
LETRAAKL	1	6083
NETNAAHK	0	14846
KESIASKA	1	3375
EESDAADL	1	608
KETTASSE	0	9047
QEHSAVKK	0	14081
NESTASTR	0	10369
QDSTASRI	1	6508
IDRSASYN	0	12576
REPTASIK	0	10938
QEGTKSQK	0	8482
EEREAVKK	1	558
EEASASKK	0	10600
SETTDAKL	1	8169
TATTASKQ	0	15441
NATTASYN	0	15918
QQSTAVKL	1	7045
QGSRPAKQ	0	8551
KEANASLK	0	13873
EGTDAVKK	1	1651
HATSGSKL	1	2177
RESAASIK	0	16167
RATTASTK	0	13185
TLTSEVKK	1	8351
KDIAASKK	0	14689
QESRASKK	0	12322
MDIPGYES	0	9810
KETTAVKL	1	4713
IGATASKK	0	12580
TEPTGSIE	0	8686
LETAASKL	0	10446
EETAATKK	1	1167
EETRDSKR	1	1425
KESVAVDL	1	3952
KQSAVAKL	1	5365
KETSAVKI	1	4593
KESSASSL	1	3748
KATTASDK	0	12220
QETTASTT	0	11936
EESRASKI	1	847
PEATVSPK	0	16694
PVTTSSKK	0	10332
HESSASIK	0	15557
QETSDAVL	1	6873
TEPTASKQ	0	16274
AGTEAVKK	1	167
HESFAVKK	1	2215
KHGSASKK	0	13960
KESWGSYK	1	4011
QSTTAPKQ	0	16799
RQTAAAKK	0	16871
RESAGAKL	1	7306
KTVNAVKK	1	5813
KESTAAKE	0	11766
QGSVASKI	1	6927
KETRAVKP	1	4491
KETNGANL	1	4394
EDATASEN	0	16362
QHSPRSES	0	15362
RDVAAAKK	0	13192
GESPASDL	1	2129
KECSASKL	1	2969
METTASKQ	0	15907
TRTTASNK	0	16317
EESADVKK	1	599
EETNDAKK	1	1365
KETRVSSE	0	11883
KATRASKK	0	11285
KESNASKL	1	3496
HGTSAEYK	0	9663
RDSAGSGK	0	15377
YETTASEL	0	13028
QATTASTK	0	14072
KDTPASTK	0	12424
KESRDSKL	1	3679
KENAGVKK	1	3057
HETNASKK	0	10164
KETGASKQ	0	15188
EATTASKQ	0	14616
KATVAAKL	1	2726
RETEASKI	0	10651
PEPAASRK	0	9477
RATVASKL	1	7167
TESLAVIE	0	12372
EGSPASKI	1	1629
RETNGAKI	1	7718
PEPTASKI	0	10920
MDTTASLK	1	6198
KEATSSYR	0	15158
RESIAAKQ	1	7386
PKNSASKL	1	6441
EDTSAVKK	1	459
KGSTASNR	0	16554
KESTATKI	1	3842
HEAIASKL	0	16397
IDTTASVK	0	8729
DAASASKK	1	201
KESTASTI	0	15727
KESTASEN	0	10821
KETTAVDL	1	4706
KVTTASKL	0	10089
EQTSAVKK	1	1981
PETAASKI	0	11797
KLTSAAKK	1	5139
KESRSSKK	1	3709
KGSRASKL	1	4929
KQSTAAKL	1	5447
TETRAVKL	1	8303
KESVAAVI	1	3931
EESVAAKR	1	1116
HEKNASSK	0	16399
QETQASKL	1	6845
REHSASKL	1	7244
EESTASKN	0	13249
EQTDAVNK	1	1946
EESTATKK	1	1060
KEGWGSKR	1	2987
KETTATSI	0	8609
NESSAVKL	1	6300
RQTSASKK	0	11049
QETMAAKI	1	6825
KATAASKN	0	10045
PETTASKE	0	10372
KASIAAKL	1	2580
HPCTAPEK	0	14650
NVKTESNT	0	9888
IELAASKR	0	14656
QANSAPQK	0	14890
CETVASKL	1	199
LETVAAKL	1	6121
RVSTAAKL	0	13208
QESTASHK	0	16056
KSAGAVKK	1	5720
SETSAVDL	1	8159
KQTVAAKK	1	5687
QETRESVN	0	13175
RETIAATI	1	7659
KENNAVEK	1	3079
KGATASIK	0	11102
NETEASKI	0	11921
PATTASEK	0	14455
KQPPASQK	1	5341
NETSASVK	0	12886
EGGSVATK	1	1616
KDSTGVKL	1	2834
SETNATKK	1	8153
PATIAAKS	0	8642
KEANASTE	0	12027
QETTASSQ	0	14922
KVSRAADL	1	5860
IETSASKQ	0	14287
KETVAANL	1	4783
VETSAVKK	1	8414
QESVAADL	1	6729
KATTASRK	0	9374
EQSTAPES	0	13532
QESSAANL	1	6683
HGTSGSRK	0	14277
EESTAARL	1	1035
REPVASNG	0	14135
LESSAVKK	1	6021
QESWGSKK	1	6745
QATSAAEK	0	16734
KATTASRN	0	9749
KKSHAAKK	1	5068
EDSNASKL	1	399
TETTATKK	0	10269
TEARASKT	0	13217
METNSSKK	1	6230
NESTATKS	0	14027
PVTTASKT	0	11552
TETTASKN	0	9400
KESWGAKL	1	3985
KGTTASIP	1	5016
RESSDAKL	1	7508
KVTSASDL	1	5903
SKSIARKL	1	8176
KETAAMKK	0	10052
KRTDAVDL	1	5709
QGTAASRK	0	13700
KDSTASRK	0	12595
KQTHAAKK	1	5592
KGTPASNN	0	14777
KEPAAAAE	0	10979
NPANASHR	0	9394
RESSASRK	0	16832
KATCASKK	0	13846
KATIAVKR	1	2675
QESVASEK	1	6733
ELSTAVKK	1	1725
EEARAVKK	1	484
KVTTVSIK	1	5915
KETSGSTK	0	15763
KQAVESAQ	0	10020
RETNDAKL	1	7716
KNASDSRE	0	11894
KETYAVKI	1	4862
EETSGSTK	0	14256
RKTHAVKK	1	7912
HESIASKK	0	11998
METAAAKK	1	6221
IETAASIK	0	11626
EETSAVRL	1	1465
EGTTASTK	0	12564
KETIAVKN	1	4258
QEASASNT	0	13167
QKAFASKL	0	13704
EVSPASKL	1	2076
METTASTK	0	14832
EENTAAKL	1	543
EETSAAVK	1	1443
KEAVASKL	1	2964
EETWASKL	1	1599
KGTTASRN	0	13957
RESHAAKL	1	7380
TGPPASKK	0	14580
EETSAAKK	1	1440
REHVGVKR	1	7251
TQTAAAKK	0	16313
NVTPASIK	0	9944
NDTPGSQR	0	13383
RESTASTK	0	9598
QESFASKL	1	6585
QETIAAKK	1	6791
KESKASKL	1	3413
EETTASVL	1	1517
EECSGAKL	1	491
EGTNGTKI	1	1661
EQSRDAVL	1	1854
EETRDAKK	1	1422
IELAASRK	0	10610
EQTLAAKL	1	1968
RQTIASKK	0	16874
KGNTAVKK	1	4896
EESNAVKR	1	798
KATGASKK	0	14681
EETRESKR	1	1429
IATIASKK	0	15567
KETIATKL	1	4251
KATTGVKL	1	2721
KPATAAER	0	14787
RETTASIR	0	9599
KESWGTKK	1	4014
TETMAVKK	1	8287
KQTSAAKK	0	8685
KDTLAVKK	1	2883
PHGPGSKN	0	14469
HESTAVKI	1	2268
IGTTASIK	0	12791
KESTAAIK	0	10246
KVASASNK	0	8898
KENTASES	0	13308
LETQASKL	1	6081
KEATASEN	0	14323
KASNASKK	0	16443
RETTASTD	0	14990
KDTTASAK	0	11757
GEAAASIK	0	15539
KEATASST	0	13879
RESSAADL	1	7482
RETNDAKK	1	7715
KENTAADL	1	3113
TERIASLK	0	13004
KATAASSE	0	10427
QENIGAEL	0	14475
RETTASSK	0	9384
KESTASNT	0	12830
KHSIAAKL	1	5035
NEIMGSKK	1	6266
EETTDAKS	1	1545
RESRAAKL	1	7461
KVTNAVKK	1	5886
PQTSASKK	0	14064
RETMAVKR	1	7708
TQTKDSKK	0	10161
TEATASKN	0	13484
QEHTASKK	0	15326
SEDPASET	0	16892
QESVASDL	1	6732
KQSADSKL	1	5358
REGTAAKK	1	7240
KVAWGVNN	0	8572
KEAAASDT	0	14318
KEREAVKL	1	3143
RQKTASKQ	0	9632
EGPTASKK	0	13528
TESREAKL	1	8248
KETVASSL	1	4814
RESSASKS	1	7491
QETPGSKK	0	11141
RDPTAPRV	1	7175
KEHSAVKK	1	3002
KESTASSK	0	10016
YETIAADL	0	11735
KASAASKK	0	11629
RAITGATN	0	14502
KDCVGSKK	1	2750
KEPPASKQ	0	14335
METIASKK	0	13380
EASTAASL	1	307
HESWAVKI	1	2285
EQSVAVKK	1	1916
EETIAAKK	1	1255
EETMAAKL	1	1342
RETHASDL	1	7643
YVLIGAKK	0	10883
RETWAAKL	1	7848
HQKTAVKK	1	2390
RRSPASVN	0	16223
KETWAAKL	1	4847
AETIAAKK	1	107
KETLASDL	1	4323
KAASGSKK	0	14674
KETLASKL	1	4324
KETAASGK	0	13091
EVSRAAKL	1	2079
KETYAVKK	1	4863
DESSASDL	1	224
METTASKT	0	14427
KETNAVNK	1	4379
PEPTASMK	0	15987
NGPTGSKN	1	6369
KGTQGVKK	1	4998
GDNTAVKK	1	2115
KKTAASKK	0	11664
PEATASRK	0	10144
KASVAVKK	1	2637
HEGTKSQK	0	13536
KESFAVKQ	1	3295
TDITAPTK	0	12542
KATPASKQ	0	11283
KQTTGSKK	0	9753
KETVASEL	1	4798
EQTTASTK	0	16379
KEHSAVKL	1	3003
KQTVASKK	0	13975
KDTTASRI	0	14317
QETTAAVL	1	6882
KESIAANL	1	3367
EESTAATL	1	1037
RESSAAKL	1	7483
PEAIASKQ	0	14048
QANTASKI	1	6460
QAIPASMK	0	10844
QQTPASQR	0	10068
KDTAASKL	0	14312
EESAASTK	1	587
QETDASDL	1	6763
RQVSAAKK	0	14551
KKWRGSSK	0	12064
TELAASRE	0	8983
RGTIAAKL	1	7878
TESTGSKK	0	11257
QETMGSKL	1	6832
KETFAAIK	1	4126
KEITASKI	0	15693
TQDTASKK	0	16309
TQTLACKD	0	15464
KETMASKK	0	15746
KDTAASIR	0	12596
KDVAAAVR	0	9263
KGATASRK	0	13945
PGTSESKK	0	16006
KQTHAADL	1	5590
KAVNAVKK	1	2736
RHANASKN	0	11447
KESRASKT	0	15723
SETTASKR	0	9843
EESAATKR	1	592
RGTSAVKK	1	7887
MQVSAANK	0	10707
ELRTDVKR	1	1724
KQTEAVKL	1	5584
KAAIASKK	0	12583
KKATASLK	0	15806
KESTAGKI	1	3829
KEAIASGI	1	2945
NETTATSI	0	9475
QETIATDL	1	6804
KETREAKL	1	4521
PDVAAAVR	0	15294
QDRPSSSK	0	12691
EESNAVKM	1	795
QETSASYK	0	12328
KGDTASKK	0	14768
KETHAAIK	1	4165
DETTASKQ	0	15492
LETDASKK	0	13371
KESEAADL	1	3249
EESAGAKK	1	600
LGSTAAKK	1	6133
SETTASKQ	0	10586
NDTGASKN	0	15270
EETRASKK	1	1399
HQAPGSKD	0	14279
RETPAVKL	1	7728
LGSRPAKQ	0	16636
KPTTVSQK	1	5313
QETLAAKK	1	6820
EESTEAKL	1	1083
KDSVASKL	1	2844
KAYSATKK	0	9584
GETRASKK	0	16389
KEVRASNN	0	14766
RETAASKR	0	9697
EGTSDAKK	1	1669
KESAAVDL	1	3200
QETPASIK	0	16065
RATTASKT	0	11240
IEATASNK	0	14655
SETTAVKI	1	8166
KKTSGAKK	0	15224
KQTSGTKK	1	5658
KATCASKI	1	2653
REPAASKL	0	14970
KATIGTKK	1	2682
AERTAVKK	1	26
QAMSAPKQ	0	13682
TGSTGSIK	1	8346
EGSVASKI	1	1646
KESAASTI	1	3194
RETTAARK	0	13728
RETAASNN	0	16175
EETDAVKI	1	1196
RETHASKL	1	7644
RETIAEDL	1	7664
KESSTSKK	1	3804
EESSALDL	1	913
LQTAASWK	0	8913
KETEATKK	1	4112
RDTMAEKT	0	16816
KETSGSNK	0	15761
QQTTAVKL	1	7076
QETAASKQ	0	12326
EESDASKL	1	614
TQITASKK	1	8359
QESDAVKL	1	6577
EESNAVDM	1	787
TEAAASNK	0	9291
KDTRESKL	1	2898
EERAVVKK	1	557
RPTRASNK	0	13737
RQMGASKQ	0	15003
EEAIASTK	0	10417
IPTTASKK	0	13546
EATIAAKM	1	332
QETVASKK	0	9309
LESRAAKQ	1	6003
PKTTASRK	0	9542
KNTTAVKR	1	5182
KDTTASIK	0	8722
KETAGSNK	0	16511
KGTSASNK	0	10180
WETTAVKK	1	8432
LDSVAAKL	1	5946
GESRAAKL	1	2131
IESIAVKL	1	2455
AESRAAKL	1	57
LEAPASKK	0	14819
LESLASKL	1	5985
KETNGTKL	1	4400
YDSTASRN	0	8633
PGTTASNK	0	12309
EETFAADL	1	1210
KETEATKI	1	4111
DESTGSKL	1	238
KESSDVKL	1	3786
RETIASKT	0	13458
PETTASRT	0	15305
QQTNAVKL	1	7066
KQTDAVTK	1	5554
KAATAAKL	1	2560
KPSIGAKL	1	5225
EGSTATDL	1	1635
AESFAVKK	1	36
EDSVAVKI	1	432
KQTNAVKL	1	5634
NETTASNE	0	14852
QTTVAAKL	1	7101
QGSTAVKI	1	6924
KQSTAVKM	1	5462
TVTTASEK	0	16325
KVTTASTE	0	15252
KENVAAKL	1	3119
SETSASQK	0	14565
RATTDSKL	1	7164
KVTGASNQ	0	12077
HESEAAKK	1	2209
KETTGVKK	1	4764
GETTASTK	0	10961
KASSAVKK	1	2610
KESNAVKR	1	3535
KESIAAKI	1	3358
KQTTAVKK	1	5669
NVSAASVK	0	11012
KGGTASKK	0	12272
EVSSDAKL	1	2085
KEPSATIK	0	10280
EEKTASKK	0	11984
KRSPASVN	0	11898
KDATASEK	0	13072
KGSNAVKK	1	4923
KETTASIK	0	8543
HGTNASKY	0	12408
KVHTGAKL	1	5828
KDTPASNK	0	13077
KETTAKTQ	0	11653
KESSGAKS	1	3790
KNATASHQ	0	9439
QESNAAKS	1	6641
KESNAAKA	1	3468
QGTAASEE	0	13181
EEIIAADL	1	510
TNIPAPKE	0	13774
KENNALKK	1	3071
KEIAASKE	0	15689
LNSSASKK	0	12085
KVSTASKK	0	9539
SETTASGK	0	16247
KGTAAAKL	1	4962
KETTASYR	0	11511
QDSSASKK	0	11325
KETSASGT	0	14753
QAASASKK	0	13159
SETSAVKL	1	8162
TTTVAAKL	1	8380
LETTASGQ	0	10119
IEPSASKK	0	13056
KESTVVKK	1	3916
EETTASKM	0	14258
LESIASKK	0	11213
KATSASNK	0	11373
EGTTASRK	0	15095
GERSASKL	1	2122
REDTASKK	0	14516
KERTASVK	0	14337
WETSASKK	0	14232
KETTASWK	0	15767
QTTSAVKK	1	7098
KDRQGSKE	0	12807
KEAAASEK	0	11760
EDTSAAKL	1	457
KQSIAAKL	1	5390
TDTIASRR	0	12543
KDGNASED	0	14303
NETTGAKK	0	14034
AETDASKL	1	100
IDTSASKK	0	10489
EHSRAAKK	1	1691
TQAPGSKD	0	10077
EGTDASKL	1	1650
KKSTAVKK	1	5088
KESSDVKK	1	3785
EATTASGN	0	12191
EETHESKR	1	1237
KGCTASKK	0	15211
EQSSASKL	1	1870
LESNAVKI	1	5995
LETSDAKI	1	6098
TASAASKI	0	16255
TATIAETW	0	15438
AETDASKI	1	98
PEPPASGK	1	6417
KATTASKS	0	11861
RQVTASNI	0	15418
HQTSAAKR	0	9372
SETAASEE	1	8143
RETTAVNK	1	7808
KGTAAVKL	1	4967
WVRPASTI	0	10952
EPRWGVKK	1	1765
KVSHAAKL	1	5847
KDTTVAKK	0	12814
KQSRGAKL	1	5425
KETPASVR	0	13927
KASRGSKK	1	2607
NETTASRL	0	10142
PDTTASNK	0	9812
QESRAVKL	1	6670
KDPTASER	0	15645
KPTTAVKI	1	5299
KENSGAKK	0	8742
QGPGASKK	1	6917
EETVAAKL	1	1571
QDSVAADL	1	6512
RETTAPGE	0	9299
AETAASKL	0	15066
EHSIAAKS	1	1688
QVTSASEK	0	16804
PETTASRR	0	14878
MQVSAAKT	0	15909
EETIAARL	1	1267
RGTSAAKK	0	13731
LHSIAAKI	0	8539
NEPLASKL	1	6271
EPTSARKR	1	1799
QYNTASKL	1	7122
KAATAADL	1	2559
QESTAVDL	1	6714
KQTTASKI	0	10224
KERSASVK	0	15714
KESHASSL	1	3340
KETTASGQ	0	12267
HETLASKL	1	2336
QESIASKM	1	6612
TETSASKQ	0	13012
RESQASKL	1	7456
KESNGTKK	1	3585
METIDSKL	1	6227
QESWGSIK	1	6743
KQTSAVKK	1	5655
KESSAARL	1	3721
KETTATKK	1	4698
RPTAAVKK	1	7940
KETVDAKL	1	4832
HDTTASKR	0	14271
EESSAVKR	1	973
KETTAVKV	1	4720
KDRSASTK	0	15648
KGPTASRI	0	13609
SESNASKL	1	8119
KDPSGSKK	0	13294
EGSIAVKK	1	1626
KESTDVKL	1	3873
KVSSAVKK	1	5867
NGSRASKT	1	6370
QETSASTK	0	9499
NETPASKL	0	15277
EQSSAVKI	1	1872
KQAPASEK	0	14791
RVTNAAKK	0	11723
KKTNGVKK	1	5099
QEPSGVTI	0	12921
KASPDTKL	1	2595
PESRASLK	0	16699
KTNTAVKK	1	5786
KETTGSIE	0	11393
KATSASKS	0	16450
EETIASVV	1	1291
EETRGSKK	0	9002
RATTGSRN	0	16133
EESRDSKL	1	865
REATASKI	0	12955
KESIATKL	1	3387
RSTTASKK	0	14554
QENAGVKL	1	6553
KQIRVQVT	0	15828
EVTTASNK	0	10420
HESWGSNK	1	2305
KDTAASKT	0	9773
QECTGSKL	1	6540
KQSDASKL	1	5378
KETRGSTK	0	10623
QEATASKI	0	14080
KQTSAAKT	0	11208
KVPPASQR	1	5835
KETKATKR	1	4305
IESTASKI	0	12009
RDRNASIR	0	9954
TVTSASKK	0	12555
IESTAVKK	1	2479
KDTTAATI	0	8989
EETAAADL	1	1160
KETAGTKL	1	4067
KETPASIE	0	11194
KQSRAAKI	1	5414
KEATVSKK	0	15159
KECAASII	0	15683
KETTTAKL	1	4770
EECTASKK	0	8652
TESAASIK	0	16278
KEPTGSIE	0	8461
KESNAVKC	1	3525
KESNAVDK	1	3512
QESTGSKK	0	10094
MQVSAAEK	0	12875
TETIASHQ	0	11455
EESNALKL	1	775
EESSAAKT	1	896
LATPVANK	0	13365
KQTNAVKR	1	5635
KESAASHK	0	9274
RQAPGSKD	0	9359
HETAASEI	1	2314
AETKASKK	1	116
EGSSASKL	1	1632
EENTATKK	1	544
TDTPASKK	0	12997
TESTASKI	0	12546
KEGTASRK	0	15161
LEPSASKK	0	15880
QDSTAVKL	1	6509
EATVAVKK	1	370
AETTASNK	0	12186
KETAASNS	0	8756
KQTIASKK	0	13348
KAKTAVKK	1	2569
KEPSASKK	0	9061
KETTPSKK	0	11656
PGPSDPKT	0	9524
GQTDAVKL	1	2167
KETTASGI	0	12450
NLKSGRLI	0	13667
EETRASKM	1	1401
QGTTASEK	0	11564
KESTGARK	0	10902
KAIAASKK	0	15126
REPGASKD	0	12521
AETTASIK	0	11611
EVSSASLE	0	16382
TETSAANK	0	16285
EESMAAKL	1	751
DQTSAAKR	0	14608
KSTSAAKK	0	11673
KEPTGSKR	0	11495
PQSTAIKK	0	10259
KETRGSDK	0	13929
QETTASYK	0	9731
KEFSASKL	1	2977
NRTTASYH	0	15969
RATGATKK	1	7147
EESTSAKL	1	1105
KQTDATKK	1	5519
TETRAADL	1	8297
KESTAAEL	1	3811
PETTASEN	0	11129
TRTTASKK	0	9403
KEPPASKK	0	9150
RPTAATNI	0	12979
QQTTASIK	0	12705
RETTGSIE	0	12718
KETTASYI	0	11654
RETRGSDL	1	7750
KETPASKT	0	10360
EQGTGVKR	1	1814
KESTASQT	0	15726
AETHAAKL	1	104
KESTASVL	1	3838
HETSASEK	0	16403
QESNASKL	1	6643
KGTQASKI	0	11660
KQTDAVYK	1	5560
KVAWGVKK	0	15243
QQTTASKI	0	13705
AESSAVDL	1	76
HETTPSQT	0	9652
KATTAAKK	0	12591
KPTTASTK	0	12857
KETIGVKR	1	4280
KDSWGSKR	1	2851
QAATASKK	0	8957
PEPPASKK	0	15986
EETRASKL	1	1400
QRTAASKQ	0	11813
MEPIASTK	0	10507
KKSNAVKL	1	5073
KASIAAKM	1	2581
KETAASKM	0	15733
TETNATKL	1	8290
KESTDSDL	1	3869
EESSASKI	1	931
LATIAAKS	0	8704
KDSTASKI	0	12809
KETNASQK	0	14350
LATTAAKL	1	5939
GESTAVKM	1	2137
LQSAVVKL	1	6157
KVTAAVKK	1	5874
IATTAAKL	1	2416
HETTASKS	0	14275
KASRAAKL	1	2603
RQTTDVKK	1	8053
KESNESKR	1	3573
KASWGSKR	1	2649
KQTDAVKQ	1	5538
IETTGSKR	0	16430
HETTASEE	0	16406
EVSIAAKK	1	2072
RKATGPKT	0	11048
RETSASKK	0	8612
GQTTASKT	1	2168
KETIAAQL	1	4221
LETNAAKK	1	6077
QEKTASKD	0	14474
PGPRASTK	0	16002
TEATASRK	0	16267
WGTSASRQ	0	11607
EETTGADL	1	1552
NQTSASKK	0	12893
HDAPASKK	0	15552
EESRESVK	1	873
KQTDASRL	1	5516
QESAPAKI	1	6573
KQSPGTKL	1	5410
RETCGSGK	0	13722
RGTTASRN	0	13733
KGTCASIK	1	4968
LETEASKK	0	11214
KETTAAQL	1	4675
KESFASKS	1	3283
KETIAAKS	1	4217
KENAASEI	0	14332
EESIAAKK	1	688
KESRAARE	1	3641
PGTTASTK	0	12906
KETTAANK	0	8804
WQTSGSIK	0	11971
KASSASKK	0	11181
PATTASKR	0	13400
IEPSASNR	0	15577
IESTAVKL	1	2480
KESNAVNR	1	3545
KQTDAVKC	1	5530
REPTASEK	0	12142
MESNASVQ	0	12088
KESNHAKK	1	3592
IETIASKK	0	10678
NETPASKT	0	14848
KDSAASKK	0	16460
LESSAAKL	1	6016
QETNASKL	1	6833
EQSTASKI	1	1893
RESNGVKK	1	7450
EEARASKK	0	12194
QESGDADL	1	6594
RETTGSKK	0	8605
KATTASKT	0	9583
QEASASLK	0	16037
EETIASKA	1	1283
HESEASKK	1	2210
KQTIRSTI	0	11668
KEASASKT	0	12430
QESTASDL	1	6708
EETTASIQ	0	15510
NQSVAAKK	1	6389
IGTGAVKK	1	2529
DESTASKL	1	235
RLAPASNE	0	8748
KERDASKL	1	3141
HEASGSTK	1	2194
EESNAVKN	1	796
KESSAVKM	1	3760
KQDTASII	0	9883
KEPTSEQN	0	15170
KGSTASAK	0	15215
QLILAAKR	0	14110
KITTAASL	1	5059
NQSTASKK	0	12892
SESTASKN	0	12365
RESFAVKI	1	7343
NQASASYT	0	13668
NETSASKI	0	9756
KETTDEKK	1	4739
EETFAVKK	1	1219
WQTTASEK	0	16339
EETTGAKR	1	1557
KETSASSK	0	9569
QDAPASKK	0	10028
HPTTASIK	1	2387
RPTTAVKK	1	7953
KEPTASRN	0	12612
LETAASKK	0	9268
KVTTAVDL	1	5909
RESTAANK	0	12960
QASSASKL	1	6469
LETSAVKR	1	6096
QQTSVPTT	0	14943
IGTTGSIK	0	8677
KDSTAADL	1	2819
AYTIAANK	0	15486
RDTLASTK	0	14126
QQTAASVD	0	14942
NATPASKK	0	15914
QATIAAKK	0	10718
NESNAVKL	1	6288
RETEGSKK	1	7633
PETTASDK	0	10921
QQTDAVKI	1	7053
KEATGSKK	0	9448
LETTDAEK	0	14821
REIGAAKL	1	7252
TATTASKR	0	15442
KVTTLSKK	0	11679
TETNASKI	0	13760
KATTASYN	0	9128
EASIAAKL	1	285
KETEASKQ	0	16513
TESTAAKL	0	9058
KETYAAKI	1	4855
QETRGVKK	1	6859
KETRAVDL	1	4479
KESFAAKK	1	3275
KESHESKR	1	3350
EESSASKG	0	15505
KEAAASKN	0	16467
PQTSAAKK	0	16016
RDTTASIK	0	11436
KESKAVKK	1	3418
RGSSASKL	1	7868
LQTVAAKL	1	6183
TETTATKL	1	8323
KPAAGVKL	1	5193
PETTASKV	0	14059
EGSIGTKK	1	1627
QDTTASKK	0	8522
KATTASTQ	0	10356
EDTTAADL	1	460
KASVAAVL	1	2632
KETNSSNL	1	4423
YEKSGSNT	0	10742
QEGIASKR	1	6542
KVTTASKK	0	8470
RETISSKK	1	7680
KEPIASTK	0	8511
HETNSSKK	1	2339
KDPTASQK	0	12593
RETFASKL	1	7637
KETSASSL	1	4570
QESAASKN	0	15330
QETPASYK	0	14090
EETYAVKK	1	1608
REVSASKK	0	16857
KEATASKL	0	9655
IESCASKI	0	8570
KASQAVKK	1	2598
KETSAANK	0	8599
PGTPASYK	0	15307
KVNAGSKK	0	13356
EVSGASTK	0	15534
KETSAVKL	1	4595
IETTASKL	0	9060
KEIEASHK	0	15690
KETTASKI	0	8755
KESTGAKM	0	14344
KEPTASKE	0	11291
EETSAVDM	1	1452
DETPASKK	0	12749
LETYASIK	0	9782
NVTPASNK	0	9889
KACTASTK	0	9745
EDTTASQT	0	14618
KASNAAKL	1	2593
QETHESKK	1	6784
EESSDAKI	1	986
VESSASDL	1	8398
KPTTASLK	0	12067
EESSAVDM	0	14252
KETTAAYL	1	4683
EESNAVKA	1	790
KETDAVRK	1	4100
KQSSAAVK	1	5435
KQTDAVIK	1	5527
LELAASRE	0	9297
KSTTAAKL	1	5775
RPSTGVKK	1	7938
KETSDAKK	1	4626
KVTTASGK	0	12286
RESGGVKK	1	7376
LESIAVKI	1	5980
KETRGSVK	0	13930
RETKASDL	1	7685
EETRASSL	1	1404
KQTDAAKS	1	5502
KESIAAEL	1	3355
KEKHAAKL	1	3029
EENDAAKK	1	523
AVTTAAIK	0	8938
KGTRSSKK	0	10549
RETKATKK	1	7688
KESAAATK	0	14733
KETIAIKI	1	4235
KQNLAVKR	1	5334
QESSAVDM	0	10261
TETFAAKL	1	8274
MQVSAAYK	0	16650
NVTSGSKQ	0	9837
TDTAASKK	0	11058
KDTTAVKT	1	2922
NDATASKT	0	15920
RESPASKK	0	8691
KELTAAKL	1	3055
GATTASKK	0	10671
QATTASEK	0	11553
KETIAAKI	1	4211
QETTASRN	0	11333
RERTASRV	0	14136
KETFATKI	1	4141
KVTTASKQ	0	8576
KETMAVKI	1	4348
KETGASKN	0	13917
KENSASKK	0	10321
PETSASKR	0	13154
KESFAVKL	1	3292
TESSAADL	1	8249
KEAIGSNK	0	14703
KETAGVKM	1	4070
EASAAVKK	1	280
KETAAVRL	1	4058
RECSASYI	0	16149
KGSTEVKK	1	4950
QGTTGSIK	0	13703
KQTDASKR	1	5514
KETGASKL	0	12446
QQTTDAKK	1	7078
KETTEAKL	1	4746
QMNIAAKL	0	15363
EESSDAIK	1	985
PVSSASKK	0	11698
SEYTASKK	1	8173
TGTTASKK	0	8578
KQTPASEK	0	13972
LETSGSKT	1	6105
EETPSSKK	1	1388
KQSAVVKQ	1	5373
KQTTASTK	0	10140
KEPIAAKL	1	3125
WESNAVKL	1	8430
LETLAAKR	1	6074
EESTAAVK	1	1038
KERTVSTI	0	14732
KARFGSKT	0	15614
RGSTASYK	0	14995
RRATASKI	0	14169
KEATASAI	0	14709
KGTAASEK	0	11104
MVKTESNT	0	14013
KEAHDSKR	1	2942
KESSASSK	0	12038
QVTTASKI	0	13184
KAAAGSNK	1	2556
GEPIASTK	0	10487
EETSAAKL	1	1441
EPSTGVKK	1	1776
KDTMASKK	0	11486
QETRAADL	1	6846
AETMAVKL	1	120
KESWGSKE	1	3991
MELAASRE	0	11541
KQTPASTK	0	13628
RQTVAAKS	1	8057
EASIAADL	1	282
LETRASDL	1	6084
EQSVAADL	1	1911
LDTSAAKK	0	14413
KDTAGSKK	0	11381
LETTAVKR	1	6117
LEASCAGN	0	16621
KASTASKT	0	15617
RESTAVKT	1	7547
EETAASKK	0	9089
KQSTAVKS	1	5464
KEITASNK	0	11384
HETDASKK	0	12779
EESTVVKK	1	1110
AESSAVKL	1	78
KETSASRH	0	16530
KEAAGSEK	0	8904
KVSPASKK	0	11532
KGTSASKE	0	10396
KEGSASKL	1	2983
LETIAVKK	1	6069
KETRGSQK	0	16527
EETTAAKR	1	1498
KQTTASNK	0	9687
KPTRASKK	0	16575
RETTAVKQ	1	7803
KQTTDSKK	0	15238
GDSVAAKI	1	2116
EDSTGVKK	1	417
KVGSASDK	0	13984
KVTTAVKK	1	5911
KERVASKK	1	3178
KESFAVKN	1	3294
KVTTASET	0	14407
RGSIAVKL	1	7864
EATHASKK	0	8737
KETHESKL	1	4190
KPTLAVKK	1	5277
QQTDAVKL	1	7055
KETNDADL	1	4382
IQSSAAKL	1	2543
MESTAVKR	1	6220
AETGAVKL	1	103
QKTTAAKK	0	9235
KENVASKL	1	3120
QESIAVKL	1	6618
TESTASEK	0	11600
IESVASKL	1	2484
PGTNASAM	0	16004
EETAGSKK	0	12758
EASRASKL	1	299
RETEASKL	1	7629
RATCASKK	0	10264
KVPSGSEK	0	10553
DQTVASKK	0	10129
QEAPASKK	0	9950
EESNASDL	1	776
EESAGAKL	1	601
IETSASKK	0	8907
RESVAVKL	1	7577
LATTASKT	0	15254
EASTAAKS	1	306
KPRAAVKK	1	5217
KETGGSKE	0	13919
RESTGSDL	1	7560
RETIAAKL	1	7655
QDTTASKN	0	11231
KPTTASKQ	0	10443
IESSGSRK	0	12410
HATIAAKL	1	2176
RQSNAAKL	1	7979
REAIASKK	0	10933
ELNTGVKK	1	1722
QATPASKK	0	10845
RQTTAAKK	0	10731
EEFTAAKK	0	13247
KESWGSKQ	1	3997
SESWGSKK	1	8140
KQTRASKK	0	11403
KESNATDL	1	3505
TESMAVVL	1	8233
KATHAVKK	1	2657
RETAAAKL	1	7600
KETRAVNK	1	4500
KVATASAK	1	5818
KQTDAAKL	1	5498
KDSWGSKL	1	2850
EESNGVKK	1	824
RERVASKL	1	7289
RGKTASHE	0	16859
RRSAASYE	0	14170
EETTAVKI	1	1525
RESNGSKK	1	7449
KLGSASDK	0	15225
RETIAAAI	0	9648
SETTASIE	0	16248
QRTTASRK	0	13445
RESAASTL	1	7294
YLPAARSG	0	15063
RDTTASKL	0	13189
QDATASIK	0	16027
KETNSSTL	1	4428
KATTASYE	0	11862
QDSVASKL	1	6516
EDPTAANK	0	16363
TETAASKQ	0	12170
NETTASEN	0	14443
KESVAVKR	1	3956
KETRGAKL	1	4530
KESNGAKK	1	3579
LETSASRK	0	11789
RETTAADL	1	7776
MANAASKL	1	6192
KVSNGSKK	1	5857
QDTTASKS	0	13422
KETRASNL	1	4469
KEPGGSKK	0	16489
AATIAADL	1	8
KESPASSI	0	13088
VEPIASTK	0	13231
RGSAASKK	0	15404
NESTASNK	0	11918
RATIAADL	1	7149
KKTNASKK	0	9621
TGSTASNK	0	13013
RKTTASKK	0	10339
KQSTGSKK	0	16589
LETRASKL	1	6085
EESTAVDL	1	1063
TETTASNQ	0	11163
KETSAVNN	1	4608
RNTVAAKK	1	7925
KVTEAVKK	1	5877
TGTTAAKK	0	15461
IESRAVKK	1	2469
RETIGSNN	0	14144
EESNAVDL	1	786
LESVAAKL	1	6043
KATTATKK	0	14302
KETSGSKK	0	9294
NGTTASNK	0	12891
KETFAATK	1	4134
RESAEAKR	1	7304
RGTTASSE	0	16864
EGTIGSKK	1	1657
RATTASNK	0	10201
EDTTAAKK	1	462
SENSASKI	1	8108
HESWGSQK	1	2306
EESSAAKI	1	888
TETSDVKK	1	8312
KEPTGSKQ	0	12035
KQASASKK	0	12652
TETTASNI	0	13766
PEAPASKK	0	14457
MQVSAAIK	0	16648
EATTASEK	0	15073
PEATASTK	0	12486
KETSATRK	1	4577
KETVASLT	1	4809
KETLAAKL	1	4320
EASSAAKL	1	300
RGTTAVKK	1	7892
EATVAAKL	1	367
QNSRAVKM	1	6963
QATNAVKI	1	6483
PVPGASEK	0	12111
EESSASEK	0	14250
KESIGSKI	1	3399
RENDAESI	0	16157
IESFAVKL	1	2437
PESSASDL	1	6423
KESNTVKS	1	3604
KVSSASKK	0	11407
KATTASLK	0	11374
KESTAVRK	1	3862
RQSWGTKK	1	8014
TETRAVDL	1	8300
KDSTAAKR	1	2822
METTASKN	0	16645
TGNTASKK	0	11835
KQTTASAL	0	12463
KASTAVKK	1	2620
IVTTASIR	0	15601
KQYSAAKL	1	5703
KEKNGAKL	1	3035
KGSSASKK	0	10395
KESIAASK	1	3368
KETSSVKL	1	4655
KESVGAKL	1	3961
QESTAVKK	1	6716
NEAAGSEK	0	11794
IETAASKL	0	10353
QATTASHK	0	14071
KQTGAVKL	1	5589
EETWGVKK	1	1603
KGTEAVKK	1	4970
QESEGAKK	1	6581
HETVASRK	1	2374
KATIAAEK	0	11481
EESAASTI	1	586
RDTTAVKK	1	7221
KAAIGTKK	0	15124
QLSVASKQ	0	8974
SESTAAKI	1	8130
KEPSASVK	0	13886
KQTTASEK	0	10552
EEPTASKK	0	9718
EAPTASNN	0	14613
QETVAVKV	1	6906
KESTGAKV	0	14345
QQATASIK	0	13439
KQTSAAYK	0	14388
QGTTASEI	0	12129
KESSASRK	0	10359
VESNAVKK	1	8395
QETTASEQ	0	12930
KVTTASIQ	0	10701
KATIAVDL	1	2669
KGTTASGK	0	13615
HESTGAKL	0	8865
EPTTAVKL	1	1806
DETVASKL	1	258
KESTGAQK	0	11767
KETAASIA	0	12253
KELTASKK	0	10431
KETSASNN	0	10906
QGTPASGI	0	11334
QPTSGVKK	1	7005
QETSASKN	0	10779
QQTHESKL	1	7060
KQTTASRQ	0	9855
KETTAAKK	1	4668
EETSAAKS	1	1442
RRAPTSIT	0	8808
KDTNASKK	0	10169
KETAASKH	0	12444
KEDTASNK	0	14712
PDRRASKT	0	8948
REAFAVKK	1	7231
QATTASKL	0	11554
KQTVAVKV	1	5699
EQTDAVTK	1	1949
EESIAAVK	1	696
TESNAVDL	1	8237
QATKSAKL	1	6481
KESTAAKT	0	10982
TESNAVKK	1	8239
KHTTASKN	0	11892
KGTTASTV	0	10993
EHSVAAKK	1	1694
NDSTAVKL	1	6261
SDSTPSNK	0	14559
TGTAASKK	0	10270
KESTGSRK	0	15183
IETTASRK	0	9553
KESVASNL	1	3942
KETVASIL	1	4799
KETTAAIK	0	9829
KQTTASKS	0	12861
REGNAVKK	1	7239
LETTASKS	0	11908
EQSSAADL	1	1856
KGMSAENQ	1	4890
EQSTAADL	1	1878
QETTASIR	0	11236
KEAPASKK	0	9293
HETRAAKL	1	2344
KATAASEK	0	12799
TETAGSNK	0	14575
QDTAAVKK	1	6518
KETIASRN	0	16516
EETVAAKI	1	1569
RESAASKK	0	9001
KESRAVKM	1	3670
AETIAVKK	1	112
KEITAAIK	0	15692
EETTESKR	1	1551
KETIAALT	1	4218
TETSAAEK	0	9095
SETSGSKK	0	13477
QDTTDSEG	0	16744
EESSASKR	1	937
YETSAVKK	1	8453
YQCTRSLK	0	15482
TATAASKN	0	15019
KETHAEKL	1	4171
PESNAAKI	1	6421
KESTAAKI	1	3814
EEINAVKK	1	511
KDTTASEQ	0	16465
HETTASTK	0	10384
PGTTRSKK	0	12310
TESNAVKI	1	8238
KETVASVL	1	4817
RETSASIK	0	9236
EESQASKI	1	834
EESSAARL	1	904
SETTASKT	0	11725
KETIAADP	1	4202
IHTAASKT	0	13063
KEIIASKK	0	11088
KGITAVKK	1	4888
QETYSEKK	0	12502
KETNDAKL	1	4385
EETEASKK	1	1203
SVTRATKK	1	8194
RVTYAAKL	1	8097
QEPTASQI	0	16752
EGTIASDL	1	1656
RDTMAVKK	1	7211
KERNGSLK	0	12247
EEPAASDN	1	551
QKATASKK	0	14107
KDTTAVKI	1	2914
KETTASLK	0	8746
KGSSASKL	1	4931
PETTASMK	0	15995
KESSDADL	1	3768
KDAIGSKL	0	8994
KGTSAEYK	0	8531
EESSASPI	1	944
RETIAAVI	1	7660
IESIASKL	1	2445
EESSASDL	1	924
RETYAAKL	1	7850
NGTTASVN	1	6373
KGTIAVKK	1	4978
RDSTASNK	0	14510
IEAIASTK	0	13054
TETIAADL	0	9135
KQTLAVKK	1	5623
EESHESKR	1	684
RDTTAVKI	1	7220
QETTASQT	0	13436
PESTASRN	0	14872
KEATASIE	0	13876
EETPASKN	0	13251
QDTTASKR	0	11701
KLTRAVKK	1	5136
PGSRPAKQ	0	16003
QDSTASIK	0	16033
LGTPGSNT	0	13376
KPTNAVKK	1	5283
NGANASQK	0	14446
LETSAADL	1	6090
NDTPASKK	0	14020
KENNAAKI	1	3067
QQSQAVKL	1	7029
PQTPASGK	1	6454
REHSGAKL	1	7250
KGPSASCT	0	12638
RETNGAKL	0	10072
RPTTGVKK	1	7955
HDTTASGR	0	10350
NATTASRK	0	15917
KESNAAVL	1	3482
KEAIGSQI	1	2947
KETHEAKK	1	4185
IETIAADL	0	9962
KVTTASYK	0	11113
EETTAAKS	1	1499
EETTAVKT	1	1533
KASPPSKL	1	2597
EETTGTKK	1	1559
EESSVVKK	1	1021
EETDAAKL	1	1184
IETTASYK	0	13061
KATAGSKK	0	15622
KQPPASKK	0	15233
KQGTASKK	0	12653
KETVGAKL	1	4836
KESTASGE	0	13573
RETTASTQ	0	11581
KETTAVQK	1	4722
QDTSASNK	0	14078
QDTSAPKK	0	14901
IETTASRI	0	13273
RESTGEKL	1	7559
SQTTASKR	0	8816
EETSAVVK	1	1468
RETTDVKK	1	7823
KASTASEK	0	15616
RESFASDL	1	7328
LDVAAAVR	0	15879
EESSESKK	1	998
NESSASKL	0	9259
IENAASKH	0	11280
EETMASKL	1	1345
TDTLASLE	0	12996
EGTTASKT	0	15519
EETIGSKK	0	15507
KETNSSRL	1	4427
KDTTASRE	0	13078
KQFIASGE	0	13968
KEIAAADL	1	3011
SQTSAAKR	0	9502
RDTTASEK	0	13711
KERTASQK	0	13896
FESNAVKL	1	2110
KESCASKL	1	3220
KETRAAEK	0	10757
KGPCGSNR	0	14366
TETTASVQ	0	14213
KEATASAK	0	11489
KETSDTKK	1	4634
KENTAETT	0	13884
EETIAVKK	1	1298
KATDAVKK	1	2654
KTTTASKK	0	9994
KATSASIK	0	12217
EAATESKK	1	276
KATAAVKL	1	2652
EESEAAKL	1	622
QSTAAAKL	1	7092
KDTTASDT	0	12598
RETSASVK	0	12148
KHTTASKK	0	10181
KETSASRI	0	12265
RESKAVKK	1	7403
EQASASIE	0	11987
TVHASAKK	0	11460
NQTKDSKK	0	11690
PENSGAKK	0	9757
KESRASLK	0	9449
EETSDVKK	1	1478
QESSAVKI	1	6691
DEPSASAI	0	15070
NESTASRN	0	11544
KLSTAVKI	1	5129
PQTTASKR	0	16716
QETNASKR	0	15346
GETTASKK	0	8566
AETNASKK	0	14240
EESYAAKM	1	1158
ADTGAPRE	0	11842
KQTAASKT	0	14798
DETRGSKK	0	11270
KKTTAVKK	1	5106
KENPSSKK	1	3103
KQSRAVKK	1	5420
KESPGSYK	1	3614
HPTAASNK	0	11475
KESLASKK	0	12827
LDSVAAKK	1	5945
RVGTAVKK	1	8080
NEANASAN	0	10558
RSTTALET	0	11252
QQTTASVK	0	12510
NETNGAKL	0	10191
AETTGSKK	0	13033
RGPAASKK	0	14993
QQTDAVKS	1	7056
KASKAAHQ	0	13283
KETTAENK	0	13934
PEAPGSKK	0	12301
KETIAAKR	1	4216
RETAAADL	1	7599
KPANASHR	0	15814
EETSAFKK	1	1444
KESNALKK	1	3489
TEAADSYK	0	12371
QETSASMK	0	15349
TNIPAPNK	0	11458
KPTGAVKI	1	5263
KESDSSKL	1	3247
QEANASLK	0	10335
TETTASKM	0	16290
RQSEASKK	1	7972
LATAASNK	1	5937
EQSTAVKL	1	1901
KEINASKK	0	15162
LESRAVKK	1	6008
IVTTASKK	0	9125
QQSISAKL	1	7024
DETNASKK	0	15071
KGSAAVKK	1	4905
RPTSASIK	1	7951
SESVAAKL	1	8138
AESRASTK	1	60
NENNAVKL	1	6269
EETVASDL	1	1577
HASIAAKL	1	2171
KETTASTN	0	9391
RESTAVKI	1	7540
PETRGSKI	0	12489
KSTTAALK	1	5776
RESRASKK	0	16831
EDSIAVKK	1	396
KEDSASLL	0	15684
SETAASNK	0	13747
KQTKASKL	1	5615
TDTGASKN	0	16261
IEPTASIK	0	12786
KVTTASQE	0	15250
LERNAVKK	1	5955
DESAVVKK	0	11269
QETWGSKK	1	6907
HVNSAANP	0	9925
KETIASNK	0	10391
KESRDTKI	1	3682
KETTGSEK	0	9723
REPTASTK	0	10647
EETTAASK	1	1504
RGTVASTK	0	9735
EHSIAAKL	1	1687
IATTASLE	0	15569
KQTDASKL	1	5512
LESTASTK	0	12871
QSTTASKK	0	16113
TSAAATKG	0	13775
TATNPSKQ	0	16256
PVPSAPMQ	0	12908
KEPTGSKE	0	13890
EETRASKI	1	1398
KQRAGSKK	0	13971
KDSTASEK	0	14692
RETIASGK	0	13723
KETTAGKL	1	4686
RDTTGSIK	1	7226
QATSAAKK	0	16735
KKTRGSKK	0	8890
KESTASIR	0	10901
KGTVASVL	1	5029
KENRASKN	0	10538
KETSGAKI	1	4644
NESSASDL	1	6297
AESRAVKA	1	64
EESKASDL	1	728
EQSRAAKL	1	1851
KETSAVNG	1	4605
KGSAASNK	0	14369
KESAAVKL	1	3203
LETSASKI	0	10833
EETIASKL	1	1285
KQTTGEIC	0	12073
KETNTSKL	1	4432
LNIPAPKK	0	8940
TETTASYV	0	11261
RVTPASTV	0	16229
HETAATKK	1	2315
PETAASKE	0	10459
KETIASTE	0	16517
KETSAVEL	1	4585
HESWGAKL	1	2291
KENRASKL	1	3104
QEPSASKK	0	9791
HETAASNS	0	12573
KETRAVQL	1	4504
KESLATKK	1	3437
PVYPGSVQ	0	13158
NETTASRK	0	9316
EDTTASIK	0	15501
EQTDGSKK	1	1952
QEATGSKK	0	14473
RETPASKT	0	12965
METVASKL	1	6239
KETTASSN	0	10545
KDTFESKK	1	2864
EESSGSKL	1	1005
KAATASKN	0	11751
KESSASKS	1	3741
KESSDSKL	1	3778
RETPGSKK	0	12146
KVTIASSV	0	14811
RETTALKL	1	7785
EESSAANI	1	898
KGATASKE	0	13943
ENSSASKK	0	12768
RESTDSKK	0	16836
HQKTASKQ	0	16411
KETRASRK	0	13588
KGSVAAVL	1	4957
EVTTESIN	0	13809
EEATASKT	0	13524
TESGAVKK	1	8225
RESPASRK	0	16170
IEATASTN	0	15575
RSTTEVKR	1	8076
HETDAVKK	1	2320
KDATASKK	0	8713
LESRGAKL	1	6012
NETVASIK	0	9785
KDATASNK	0	12802
QATRASLK	1	6484
EESSAVKM	1	969
NEGPCSKQ	0	15928
HESTAADL	1	2264
KETTESKR	1	4749
EESRAAKL	1	841
REATASYK	0	16148
HESLGSKK	1	2224
KETNATKK	1	4369
QETSASVK	0	10408
EQSSAANL	1	1863
REATASTK	0	10935
EETTAAVK	1	1508
NESSDAKL	1	6302
TADTVPSN	0	11958
GETTASIK	0	13260
KETIASKT	0	10437
QEAKGSKK	1	6536
PETAASKR	0	10715
KDNIASEK	0	11634
KATIASDN	1	2663
QETSASKE	0	13694
EESSAVRL	1	981
LETTAAKK	1	6107
TDTTASKN	0	16264
KTPSASKK	0	8848
EETVAAKS	1	1574
KESRGSDL	1	3697
EESFGSKK	1	662
KEISGSKK	0	9071
LPPRASIE	0	14424
IGTTASNK	0	14290
KASRAADL	1	2600
KGRTGVKR	1	4904
VESTAADL	1	8401
SETAASYE	0	10524
KGGTASPK	1	4887
NQTDAVKK	1	6392
VDVTASRQ	0	14226
QETIAVKK	1	6806
NESIAVKK	1	6279
KGATASKM	0	10114
EDTTGSKK	0	14619
HESWAAKS	1	2280
QQTVAAKK	1	7082
RDLTASQT	0	14123
LQTAASPL	0	15896
NETTASNQ	0	16674
REGTKSQK	0	9544
EETRATKL	1	1406
KVHAAPKL	1	5827
KERTGVKR	1	3174
KERNAVKK	1	3157
NENTASEK	0	14838
IGTSASKK	0	11078
EATRETKK	1	354
NGTSASKS	1	6372
KVTAASKI	0	10915
KEPKASMR	0	14720
LESTASKE	0	15884
TESSATKL	1	8251
KEHTASKK	0	10133
PRTTAPNK	0	14885
QETFAAKL	1	6775
KEPTASRE	0	13311
KVTTASRD	1	5906
NGPTAADK	0	8750
KETAAVIK	1	4044
PDRSASYN	0	11546
KDSTATKL	1	2824
NGTSASKK	0	11318
KESTASNR	0	12617
IDPGVSKA	0	16414
RDSTASYK	0	16136
TASTVSKK	0	10587
KQTSAVDL	1	5653
KGTSGSKK	0	10992
QVTQAVKK	1	7118
QATTASQE	0	15321
LDAIGSKL	0	15255
KENTASTK	0	13085
EETTGAKQ	1	1556
KETPASKD	0	15748
QEMTAAKN	0	14085
KESRATKL	1	3661
KGSIGTKK	1	4919
KPTFGVKL	1	5257
KTSAAAKI	1	5790
AESVAAKL	1	89
LEPTASQK	0	15257
EETFAAKI	1	1211
EDTSASFR	0	15076
QESRAVKK	1	6669
KEKTASKQ	0	14330
QDTPASNK	0	14074
NESWGSKK	1	6321
QETAASLK	0	13174
REAAGSKK	0	10152
KETPASNT	0	13323
HQATASKK	0	14280
RDTTTSKK	1	7228
KETAATDL	1	4039
QGGTASDK	0	16777
KETSAAIN	0	14752
KETVAVKV	1	4830
NGTTASKT	0	12890
ENTVAVKI	1	1754
HGSTAVKK	1	2379
RAHRGSEP	0	16123
TETTAAIK	0	13765
KESFATKS	1	3287
RVATASKK	0	10302
EEKTAVKK	1	520
NESTASKM	0	13663
KESTGAVT	1	3890
PVAWGVNN	0	14066
NDGSASMQ	0	12477
RLSTASKK	0	15409
QESRDAKL	1	6673
KQTPASKL	0	15835
LETTDAKL	1	6119
KETPAAKI	1	4433
QQTDASKL	1	7051
NPTTASQV	0	9189
KETTASAI	0	14757
HNIPAPKK	0	9031
VETIASKK	0	13024
QEPTASKN	0	15328
KGPTASYK	0	13611
KATIASTL	1	2667
KEPAASIK	0	12436
QESVASTK	1	6737
EQTTASKL	1	1988
KQTAAAKL	1	5491
KPGAGVKK	1	5205
KESRESIR	1	3692
EESTAASL	1	1036
PETTASSE	0	12490
RETAASKH	0	16174
KSSSAVKK	1	5742
EATTGSKL	1	362
MRTPDSKW	0	16651
KETAASER	0	16510
IITTASKL	1	2535
AETRATKK	1	127
KETPASTK	0	9850
KQTDAVVL	1	5558
NELTASKK	0	15929
EETTSSKL	1	1565
RTSTASAT	0	11722
KETSDVRK	1	4638
EETTVAKL	1	1567
QQSAASKL	1	7014
EESTAAVL	1	1039
KDTTATNK	0	12230
KVTAASTK	0	13358
EETNSSKS	1	1381
KVSSAPIK	0	11902
NDASASEK	0	12877
RESTAAKI	1	7526
QETIASEH	0	16058
KLATASKK	0	16567
HESIASVT	1	2222
KESIVVKK	1	3405
IPNTAVKL	1	2538
TETGASIK	0	10483
QVTTASVI	0	13448
KEPTGSQK	0	11871
QETKAAKL	1	6814
IETEASKI	0	13839
LQSTAAKL	1	6166
KETSATKL	1	4574
KEATASRK	0	9243
KQSSAVKL	1	5439
KDSNAVKS	1	2806
QDPSGSKK	0	12916
REGAGVKK	1	7236
GDNTASKK	0	15099
IVTNASKN	0	12014
QAPTASKK	0	11425
KDSRAVKL	1	2811
KPTTVPMR	0	11666
IITTAASK	0	16434
KQSSAAKL	1	5430
EPTGAADL	1	1781
KAATASNK	0	13551
EETTAEKK	1	1510
QESVASKL	1	6735
KQTHAAKL	1	5593
PESHASDK	0	11225
RQTIRSTI	0	8811
TETYSEKK	0	14215
KETNAVDL	1	4372
KDRPGSKQ	0	11286
EESWASKK	1	1137
KATIAAKS	0	8464
EETIAADS	1	1247
KETTASKQ	0	8593
AESIAVKI	1	44
EEAVASKL	1	489
KETVGTKL	1	4840
TGSIATDL	1	8340
EASSASKK	0	14614
RQSTATKL	1	8001
NDITGAKK	0	10917
KVDSASRQ	0	9470
KCSTAVKK	1	2738
EASRAAKK	1	297
QMNIASKL	1	6961
KQDRASRK	0	15822
QESDASKL	1	6575
KESNAVAL	1	3510
NETTASGK	0	14444
YATTASKK	0	12180
KSTAATKK	1	5751
KETLASKN	0	14349
WGGTGSKK	0	10381
RQSTAAKK	1	7995
QENTASIE	0	16045
EQTSPAKN	0	14629
HETEASKK	0	13538
EESSASIL	1	929
KESSASIQ	0	15175
AETAAADL	1	93
KLCSGAKC	1	5114
KDPTASRK	0	12594
HETAASVK	0	13824
KEPTASTQ	0	16495
RQSSAVKI	1	7991
KETASSVT	0	12045
QEAAASKR	0	10334
RHPTAPKT	0	12723
KASWGSDL	1	2645
NSTTSSKQ	0	13398
EQSTAANL	1	1887
QVTTAAKK	0	14948
KQVIGPKK	0	13976
KDPTASKN	0	13862
RASRAAKK	1	7135
KESTASKY	0	14739
EESGAVKI	1	669
KGTTAVKI	1	5020
KAPTNSKN	0	10813
TETAASNS	0	10268
QATAASRN	1	6478
QATTASKQ	0	11555
RETTASQT	0	11044
RESTDVKK	1	7552
KESGASNI	1	3317
KETAASTK	0	9275
TLTTASKK	0	15463
KESMAAKL	1	3450
EETEAAKK	1	1200
RETTASSI	0	11156
KETTATNK	0	13938
RESSAVKS	1	7505
RGTSAEYK	0	8676
IDASASER	0	15572
KVTEGVKL	1	5879
QSNPAALQ	0	16798
KGTSASYK	0	15794
KVTTASKV	0	11000
NEATASTK	0	8787
EESNASKL	1	778
PQFTASKR	1	6450
DQTDAVKK	1	265
PGTVASTK	0	12109
KETAAVKN	1	4050
KEPRAVKI	1	3128
EESTASVK	1	1056
EESRDAKK	1	863
TATTASNK	0	10876
KDAPASNK	0	15639
KSSIAAKK	1	5727
TDNPASKL	1	8207
RRTTASKK	0	10655
GLGIGSED	1	2158
KEATGSNN	1	2963
KETIAAVL	1	4229
KEATASKT	0	9022
EETMAVKL	1	1349
EESIAANL	1	694
PETMASIK	1	6432
AESRATKL	1	63
EGTPASKK	0	10605
KGLSASSK	1	4889
QESFAVKK	1	6587
YETTASTK	0	16346
EAATAVKL	1	275
EESAATKL	1	591
KETIGADL	1	4271
RESAPAKL	1	7310
RETCASKK	0	12712
GETTGSAN	0	14638
RDTTTSKL	1	7229
DVTTASKK	0	12750
KRTNASQK	0	16601
RDSSAVKK	1	7195
KESRAANL	1	3639
GGSMASKR	0	13261
KESRSAKL	1	3707
QESRAAKK	1	6660
RETTASTT	0	10300
KETNAAKL	1	4358
HHTAASKT	0	15563
PEAAASKA	1	6411
LESAASTK	0	10059
TEPPASKK	0	10342
NEASCSDK	0	13136
IETSASKE	0	10680
LDRSASEK	1	5942
KDSAGSKK	0	13074
NDPSASKK	0	10451
EGSMASKR	0	8472
KESSASKR	1	3740
RESKAAKL	1	7400
KGTTAVKK	1	5021
KLATASTI	0	15809
KDSTATKK	0	15141
QPTTAVKL	1	7006
RGTTGSIK	0	14158
TESEGAKK	1	8220
QETIASKK	0	9284
KESQASKL	1	3618
KTPRASKL	1	5788
EESRDAKL	1	864
EEAIAADL	1	482
IHSIAAKI	0	16433
TESRAADL	1	8245
IGTTASKK	0	8942
IATSASKK	0	10424
KETTASRL	0	8508
KESIASQN	0	10819
EESNASKS	1	780
EVSSAPQI	0	12401
LRTNAQTK	0	14425
KDATASTK	0	9666
RDSTAADL	1	7196
KETADSKK	0	10984
QETNGADL	1	6839
KESNAVPI	1	3547
LETAASKR	0	13645
NQKTASKQ	0	11689
KTTDAVKK	1	5798
SETIAVKK	1	8150
DGSTAVKK	1	260
KESHASKK	0	10435
KETPAAKL	1	4434
KESTASRI	0	15178
EQSHAAKL	1	1832
KAATASKQ	0	15604
KETAASKK	0	8510
KESNAVLT	1	3541
KETTATDK	1	4695
KQTHESDR	1	5600
RLAATSES	0	11590
QETYAVKI	1	6909
LAATPSRK	0	11904
NETTASKR	0	9171
RETIAAAL	1	7646
EQSTAAKI	1	1879
KETAGIKL	1	4065
IETSASEK	0	15584
EKSSAAKL	1	1707
KDTAASKI	0	13556
ELTTATKK	1	1731
QETSASKR	0	9975
KETVASKT	0	12270
KCTPASIK	0	9420
EQTVAAKL	1	2005
RQGTASTK	0	10476
PEPTGSKT	1	6418
RESVASDL	1	7572
KETKESKR	1	4314
KPSIAVKK	1	5221
IESTASDL	1	2478
SETTASLK	0	12987
NETTAVKL	1	6361
KGNTASKK	0	10135
LESVAAKR	1	6044
KEKSASKL	1	3041
AATVASKL	1	15
YESTAVKK	1	8448
LHSIAADL	1	6139
KQTDSSKL	1	5570
HETSAVDL	1	2353
KLKTASSK	0	9622
KQSVASKL	1	5476
RETTAAKS	0	15395
EDSVASKK	1	430
PDTPASKK	0	15978
EESRSSKL	1	881
KNTTASAR	0	15226
KEATASRI	0	13560
KATIGSKK	1	2681
YQTSASKQ	0	10239
KTTLAVKK	1	5804
AESNAVDL	1	50
KTTTASAK	1	5809
REKHAAKL	1	7257
RDRSASYN	0	9441
SGTSAEYQ	0	14181
TESSASDL	1	8250
KETSASHK	0	11504
KQTDAVKR	1	5539
KETAAAKL	1	4033
TETTASGK	0	12376
EPTLGVKK	1	1797
KENNAVKS	1	3089
EETFASSL	1	1218
SATIAAKS	0	8924
KVATASRK	0	13983
KRTDAVKK	0	15845
RESVAAKL	1	7570
RETVAVKI	1	7843
VGVTDSNK	0	10598
TESTASIK	0	10482
KETIATKR	1	4252
RDDSASKK	1	7171
TETSAVRK	1	8311
TQIIAAKI	0	15038
KETTASLQ	0	11510
IDTRARKK	0	11854
QDTTASYK	0	13166
PASTASKK	0	9626
RESVAVKK	1	7576
KARTASNK	0	14677
EETTASKS	0	14624
EQTHASKI	1	1956
RETPASKQ	0	14981
EATVAADL	1	364
RERNAVKK	1	7284
SGTSAEKR	0	15013
RENSGANK	0	16821
QATTAAKK	0	9674
EESGGVKK	1	675
KETNASKL	1	4364
QKTTASDK	0	14109
KETNSSVT	1	4429
EETIAADK	1	1242
KECAASID	0	13881
KEATASEK	0	9406
KQRFDVKR	1	5346
RESRAVDI	1	7470
KEASGSST	0	11638
SETPASNK	0	16895
SERTASKK	0	11823
NEASASKV	0	10024
KAPSASNK	0	15610
EATIAEKS	1	337
RETAASQS	0	12350
TQTTASKR	0	15044
TETTAANL	1	8319
KNPTASET	0	9515
KETSAVHK	1	4586
EVSRAAKK	1	2078
KASQAVKV	1	2599
EETIASDL	1	1281
RETTASNE	0	10870
PQSVAVDK	0	16015
KKSTGAKL	1	5091
KEATASHK	0	12234
KQTKDSDL	1	5618
TETSAVKL	1	8310
QETTASKV	0	12330
GDATASKK	0	15538
PEPTGSKK	0	12303
LASTASKI	1	5935
TQMISPCK	0	15039
AETFAAKL	1	101
TETTASNE	0	14212
QPTGGVKK	0	9018
RESDAAKL	1	7313
QETEASKI	0	10230
EGSVAADL	1	1644
AASAAVKK	1	1
KAVTASKK	0	11633
RVARASEK	0	16225
NETTASRT	0	14032
EETDASKS	1	1191
EESSAVKI	1	966
KENTASIE	0	10243
TENSASKK	0	14569
QITAAPRT	0	16096
IGTIASNK	0	15591
RVATAAKK	0	15419
LETTASKK	0	8502
TDPGVSKA	0	11961
KETRGSKS	0	10323
KETNASIK	0	10178
ERTTVAVK	0	12769
KETSAVKM	1	4596
KARLASRL	0	15615
EERIAADL	1	559
KGTTASEN	0	13107
KATNGAKK	1	2692
KETSAVVR	1	4622
KETTGSRK	0	11655
KETNSSRK	1	4426
KESEAVKL	1	3266
KLTKVELK	0	10631
EESAGSKL	1	602
NGALASKQ	0	9786
EESNASRE	1	781
KERNAVKL	1	3158
KENNAVKK	1	3083
QETEASDL	1	6771
KETTDAKM	1	4734
KEATAVKL	1	2962
RQLTASEN	0	15002
TASTAAKT	0	10525
KETSASIN	0	14353
KDTTASEK	0	10318
QQTTAVKS	1	7077
KDTTGSKN	0	15668
RETRAVKM	1	7741
EETSASKR	0	11621
AAATAVKK	1	0
RETEAAKL	1	7626
KATSASKQ	0	9905
KPSAAVKK	1	5220
KESNAVDL	1	3513
IETTGSTQ	0	11857
TVPSAPMQ	0	12742
PETSGSKK	0	15302
EDSFAAKI	1	390
IVTKATNK	0	12796
RESTASEN	0	15383
KSAGAVKI	1	5719
RATTASKL	0	13450
EESVGSKQ	1	1134
RSSTASTK	0	16880
MERSASQK	0	14828
KGTAASKR	0	13952
EVTEGVKK	1	2089
KESRAAKQ	1	3633
QGSSRSVK	0	12504
KETTSVKK	1	4769
KRTAASKQ	0	9537
KVTRAAKK	1	5900
RGPIASKK	0	13205
QESSASKN	0	13429
AETTAVKI	1	152
IESRAAKK	1	2466
QETKAADL	1	6813
RDCSGSKC	1	7170
AESTAAKK	1	83
RETMAVKK	1	7706
KMSTDSRK	0	9223
KEKIAVKK	1	3033
KETIGSDL	1	4274
KANAASKK	0	9100
QETRAVKK	1	6854
QEPNPSHE	0	11932
QETTATSI	0	8916
KETSGTKR	1	4650
RGPTSSKM	0	12151
NETTASNN	0	16673
YETSASKK	0	9797
RETTASGK	0	9956
QETNGAKL	0	9611
KETSASSI	0	15755
FYTGDGNT	0	14634
KAAPASSK	0	8775
LESRASDL	1	6005
PESTAAKL	0	9092
PDGTGSVN	0	14045
RESTVVKK	1	7566
KEPTASAK	0	13888
KSPAASNN	0	10056
RDSFAVKK	1	7185
KEAAASEI	0	14700
IESIASKQ	1	2448
IETTASLM	0	11478
REIAAPNK	0	14128
TETAASIK	0	11059
QESTASRN	0	15337
QGASASKK	0	11808
EETTATKL	1	1521
RETQASKL	1	7729
KEPRAAKL	1	3127
RETSAAKM	1	7757
QPSSGVKR	1	6981
QERPSSGN	0	11559
EDTVGSKK	1	477
KDITASGK	0	15642
KQTDAARL	1	5504
NGRRNSRQ	0	15953
EESREAKK	1	869
AATTAVKL	1	13
KESTAVIK	1	3849
QESGDAVK	1	6598
KQTAAPNK	0	10117
RDSVAVKL	1	7206
HESNAVKS	1	2236
QGITASKE	1	6916
EESTASVL	1	1057
QESRAAKL	1	6661
KETTASNQ	0	9306
NETRAVKL	1	6346
KERTAAKL	1	3168
CGNSGSVV	0	9070
KMANAAKK	0	16569
RDTSASKK	0	9278
KETVASNK	0	9989
KENTASNK	0	10218
QGTTDPKK	0	9287
KVTPAPKN	0	11533
EETMAAKK	1	1341
KETTGSLK	0	14361
QESTAASL	1	6705
KQSSAVKI	1	5437
MESSDAKK	1	6216
KETNGSDL	1	4397
KESWGSKS	1	3999
RDSFASKL	1	7184
AETPASKK	0	10667
IETTASSK	0	14666
NETPASKI	0	13391
KETRASKN	0	10496
RESIASVT	1	7393
PQTSAAKR	0	8918
HESTAAKQ	0	14645
EETRAARL	1	1395
PEPTGSDT	0	14050
KGSSAVKL	1	4932
TATTASTK	0	11824
RESKAVKL	1	7404
TETTPSGI	0	13770
EVAWGVNN	0	13042
KDSAASDK	1	2772
KQDTASKK	0	8544
KEPTPSVK	0	13312
EETRAAKS	1	1394
KQTDGVKK	1	5568
KEATASKE	0	10171
KGPAASVQ	0	13605
KETTGPKK	0	11100
RDTTASQK	0	13191
KEITAATR	0	12239
TESRAAKL	1	8247
DETTGSNK	0	11980
KDTLASLE	0	9162
GESSAAEQ	0	14635
RETISSKR	1	7682
TEITASTN	0	9980
RGNPTSRI	0	16201
RETTASIK	0	8659
EESSASAL	1	921
KATTAAKL	1	2709
QESTASTR	0	13432
RGSAASKT	1	7857
KNSRAVKM	1	5178
KESTASNE	0	15177
EETGDAKL	1	1224
TVTTASKT	0	14585
GETRAVKK	1	2149
QESTAVKR	1	6718
SERVASKL	1	8111
QDTTASKT	0	11931
EQSLASKL	1	1839
KETTAVIK	1	4710
IVKTESNT	0	9847
GETTASKT	0	12775
KDTTGSIK	0	15667
QPTGGVKN	0	14494
IERTASKK	0	10894
QPTGGSKL	1	6998
QQTTASKV	0	14115
IETSDAHI	0	14665
EESRDTKL	1	867
KETNASTK	0	11193
KETSASSP	1	4571
KATSASKL	0	12219
EESRAVKR	1	862
KESNASLK	0	10820
KPTLAVKR	1	5279
KPTPASKK	0	10250
KDSWGSKK	1	2849
QTSTASAT	0	10932
EESNGVKL	1	825
QQTDAVKK	1	7054
QETPAVKK	0	14918
TEPAASKK	0	9959
RASTASKK	0	10519
KVAWGVNK	0	11531
DETAASNK	0	12189
HESNGTKR	1	2237
KLPIASQK	0	12855
NGTSVPNQ	0	9887
HETSASRK	0	15558
KQVSASKK	0	14802
QGNTASKK	0	14104
KESLASNK	0	12828
EETTDAKI	1	1542
EASIAVKK	1	289
QEATASKL	0	12317
KETYDSKL	1	4868
EETTAVKM	1	1528
EETSVVKK	1	1487
PVHAAPSK	0	12110
DESAVVKL	1	214
KETSAVKE	1	4591
EESTGADL	1	1086
KNSRAADL	1	5171
HEKAASKH	0	12205
KESIAAKM	1	3361
TGARASKI	0	16293
RATNPSKK	0	9661
EESYASKL	1	1159
KESTAATK	0	13903
QESDASNK	0	11805
KETKAAKL	1	4296
KESVAVRI	1	3958
QESRGSKK	1	6677
RGTVAAKK	1	7895
EASSAVKK	1	302
KDTRASNK	0	12425
QETDASKN	0	16760
RETHAAKL	1	7642
RERVAAKL	1	7288
IEAIASKK	0	10810
KEHHASKL	1	2990
RGTNASQK	1	7880
VETSASKK	0	13025
LEANASKQ	0	11409
PETSASRK	0	11548
KQPPATYK	0	13970
KPSTASLH	0	15817
QETTASIQ	0	9320
QATSGSII	0	14897
EETSAVKI	1	1453
METRAVKI	1	6231
KESAASIL	1	3192
EETTDSKL	1	1546
EESFAVKS	1	656
KESGAADL	1	3312
NETLASKK	0	13665
KETNASYK	0	12624
TENSGAKK	0	9981
LESTASKM	0	15260
TETSASTK	0	10879
RQATASKK	0	10475
QETRASKT	0	12121
RETVASEK	0	15399
TETIAAKK	1	8280
PDGNASKL	1	6403
KETRPVKI	1	4538
GETAAVKL	1	2142
KETPASTI	0	14749
KAATASKT	0	14293
KETVASNI	1	4810
QNTVAVDL	1	6969
KETTATKI	1	4697
HETAASKK	0	9902
KHSSAAKL	1	5045
KDGTASKK	0	11378
RESREAKL	1	7480
KETHEAKL	1	4186
SRTTASIK	1	8193
KETAGSKN	0	12834
KVTTASRR	0	15876
QHTIAAKL	1	6942
KETSAAQL	1	4556
QETSASDK	0	14919
KERTATKQ	0	15716
QETHASKK	0	15343
KETRAVEI	1	4481
SDTTASKK	0	10098
PESTASTK	0	12106
KESTGGKL	1	3892
KETTASEN	0	9265
KEPTASRT	0	12034
LETTASEK	0	10834
RETTAVKV	1	7807
IESAAVKK	1	2433
HRTTASKK	0	12003
KETSASLK	0	9937
QGTNASEK	1	6934
MQAPGSKD	0	16647
KATIAAKI	0	13286
LESSASIK	0	15882
TESIATIR	0	14573
PETTASKN	0	9380
EEISASKL	1	514
MESTASKK	0	9164
KEGSDSKK	0	12028
EESKATKR	1	732
SEPAASKK	0	13210
QGTSGSKR	1	6937
AETTAVKR	1	156
SPAQGSKQ	1	8177
EETVASKR	1	1582
RDTPASKK	0	11714
QESSAVDL	1	6690
KRTTASTK	0	15849
LGTSASKK	0	13377
RETRAVKS	1	7743
KGSIGTKL	1	4920
RESFAVKL	1	7345
KETIDADL	1	4266
RETTAAQV	0	11041
QETNAVKL	1	6837
EESIGAKL	1	718
HESTESKK	1	2272
NATIAVKK	1	6251
DEPTGSIE	0	10885
IGSEASKL	1	2526
KEGSASRK	0	12236
SDASASKK	0	10478
HVMTASNK	0	15566
KEAFASKK	0	10976
EETNGADL	1	1367
KESNAAKL	1	3471
KESSASIE	0	14737
RESTGARE	1	7557
KDTEASKL	1	2861
RASVAAVL	1	7142
TETNASKN	0	15454
EESNAANI	1	768
LPTTASKK	0	13130
RGHTGSYT	0	8791
TEPGGSVK	0	14570
DDAAASWK	1	204
KGTRVVKK	1	5006
NDSSASIK	1	6258
YETTATSI	0	14593
PGATASDE	0	9318
RGTMASKK	0	16208
EETTASKR	0	9138
LSCLSSLQ	0	11913
EETMAVKI	1	1347
KDTVGPKK	0	13300
QASVAAKK	1	6471
KRAPTSIT	0	10829
QATVAAKL	1	6489
RRTDAVKI	0	11954
EESKASKK	1	729
RETTASYR	0	14991
KETSATDL	1	4572
KENTGSKK	0	9931
EESIGAVL	1	719
YDTSASNK	1	8437
REATASKR	0	11150
EEIPASKL	1	512
KESSASHL	1	3733
KEPSSSRK	0	10617
QGSTAVKL	1	6926
KEVNASKL	1	4871
KDSPASKK	0	10103
IQPSASVI	0	10079
SGVIAAKK	0	12734
KQSDAVKL	1	5380
PGAPASSK	0	16000
KESSAPKL	1	3727
KESTASRV	0	15179
GETTAVKI	1	2152
KESIASKQ	0	16499
LASSASKK	0	15877
RETTGSTQ	1	7826
SELAASRE	0	9501
QESTGAKL	0	8519
TETTGARI	0	13768
KEHSASKL	1	2998
KAATASIK	0	12215
RQTDASKK	1	8020
KETRAADL	1	4444
LETTAADL	1	6106
REPTASQK	0	9415
QIASGVKK	1	6943
RVSTDSKK	0	13471
KESEASIK	1	3257
RESFAVVT	1	7365
RETTAVRE	1	7811
QESTATKS	0	11139
TASTASLK	1	8200
KESTSVKK	1	3911
KEAAASVK	0	15670
KQTDVVKK	1	5575
KVTIAAKK	0	13638
EESSASKL	1	933
KVKTAVKK	1	5831
RESRAAKI	1	7459
SQATASIK	0	16900
KATSASRK	0	12801
NETTASKT	0	9862
TGTPASTN	0	15033
KERPASVK	1	3159
KETTDAKI	1	4731
KATTGVKK	1	2720
PDPTGSKK	1	6406
IETCGSIK	1	2494
EVPTASKK	0	14630
KGSTAVKR	1	4945
KESSASDR	1	3731
EESSASDI	1	922
KESRSSKL	1	3710
QATTASTQ	0	14471
KETHAAKI	1	4166
KQTVAAKL	1	5688
QVSNAAKK	1	7109
DESFAVKK	1	215
KETPASNK	0	9305
QVVAASGL	1	7121
KGSIATKL	1	4915
KQTDAANL	1	5503
LESTGAKK	0	16626
KGSTASKQ	0	16553
PEPTASTK	0	16697
KESSESKR	1	3787
KETRALKI	1	4463
KDTTAVKK	1	2915
KQTSASKL	0	15236
KETAAVRR	1	4059
EETTAAIL	1	1492
PPTSGHKT	0	11018
KESSASEK	0	12250
KETNAVKR	1	4378
QGTRASKK	0	11810
YESSASKL	0	11068
KGSTAVKE	1	4938
KETTDSDL	1	4740
KETTVSDQ	0	8495
NETTALKK	1	6357
QETTASKM	0	11332
KDRSASKK	0	9772
EETFAAKK	1	1212
AENSGAKK	0	14239
RATVAAKL	1	7166
WETIAADL	0	16336
EDCVGSKC	1	375
IGSTASKK	0	13842
KETIAAGL	1	4207
KESKFAKK	1	3425
REGSASKK	0	14968
TPSTGVKK	1	8353
QVSNASHK	0	12707
RESNEVKK	1	7447
RVATAANK	0	12532
KETTAVKN	1	4715
EESIAASL	1	695
KESLGSKR	1	3447
VETTASVK	0	14589
EETTASNQ	0	15088
YESSNAKK	1	8446
KATVASKI	1	2729
RETAASVK	0	10411
KPSRAVKL	1	5231
MESTGAKL	0	9200
QECTGSLI	1	6541
QVSTASKK	0	10233
DETTAVKK	1	256
RETTASRK	0	8683
RETTAVRK	1	7812
KETAASTE	0	12254
TQTDAVDL	1	8369
KETIAGDL	1	4234
EETHEANR	1	1234
SDTTVWDN	0	12729
RESTAVKS	1	7546
RETTGSIK	0	12356
EQTTATKL	1	1990
LESIGAKL	1	5982
NVSPASKV	0	16685
EETSAVKN	1	1457
KETRAVDK	1	4478
DETRAVKI	1	249
KESTESKR	1	3880
KESRESKK	1	3693
IESNAVKK	1	2462
EEGAASWT	0	10418
KEITASEI	0	14329
NETIASKK	0	10560
KDTRAAKL	1	2891
HQTDAVKK	1	2402
RETNASKR	0	14527
SESRAAKK	1	8123
QETTGSIK	0	11937
KQSAVSKL	1	5367
RHNTASKK	1	7898
KENTASIK	0	12030
TETCASLK	1	8271
EATTDVKK	1	361
TNIPAPIK	0	11732
TEGSASRK	0	16911
KESDATKK	1	3236
KEAVATKR	1	2965
RLTWAAQN	0	15410
EQSAAVKL	1	1821
LHSIAAKM	1	6141
RETTASLK	0	8965
QETTASIE	0	9894
KETGDAKK	1	4158
LDRTASKK	0	15878
TETVASKL	1	8333
KETNAVKM	1	4376
KETTAVKM	1	4714
EQSYAAKL	1	1920
NESTASQK	0	15275
KGTAASKS	0	15789
PDITAANK	0	14046
KETIAVKI	1	4254
NESIASKK	0	13387
PETSASIK	0	12900
NETTGSGK	0	15950
KKEPASFR	0	12646
RETTAVKI	1	7798
KRSAASYE	0	9623
TESSASIK	0	11726
EGSTASKK	0	11169
QHTAASKT	0	10199
RESGGVKL	1	7377
LGTSAEYK	0	9337
KASTASNK	0	12587
KVSAASKK	0	9335
EESNVVKK	1	831
KETAAAKK	1	4032
KESTGAVL	1	3889
KATIGSNK	0	10010
AESRGSKL	1	67
EETPAAKL	1	1385
KESDASKL	1	3234
KETVAATL	1	4788
NNIPAPKK	0	8875
KETDAAKL	1	4080
SVTTAPKK	0	11056
KESKFADL	1	3423
AETTASTK	0	12187
HGTTASTK	0	12209
EETNGAKI	1	1368
KGTAASKN	0	13106
RESFAVRE	1	7358
AETVASKL	1	162
AETHASKI	0	9580
QSAPASNT	0	9250
DETNASKL	1	247
EESAASDL	1	584
RQTPASIT	0	16875
RETTAANK	0	8500
KESRAATK	1	3645
KASVASKL	1	2634
KPPTASKK	0	15228
RETTASTE	0	11246
KETTSSIK	0	14765
KESVAVKK	1	3954
RESAAVKL	1	7299
TEAGASRR	0	8824
KETAESKR	1	4064
KDKTAVKK	1	2758
KGSIAADL	1	4909
EDSIAAKL	1	395
RVTTASYK	0	16887
RGTVAADL	1	7894
KNTVAVKL	1	5191
NQATASKK	0	15962
KETIAIKL	1	4237
QESTASEN	0	13172
KVSHAADL	1	5845
VEATASEK	0	13505
NKNSGSKR	0	16678
IESAASKK	0	9530
KETTASKM	0	8679
EESSASKF	1	930
EETIGTIS	0	16370
TESKAAKL	1	8229
NETTASIR	0	16671
QENAGVKK	1	6552
RETNSSDL	1	7720
QETDAAKL	1	6762
IESTAASL	1	2477
TYGTASKK	0	14586
RETSASKR	0	11153
AETTASLK	0	16351
EESFAADL	1	639
EESSAVTL	1	983
LETSDAKR	1	6101
KDTVATAE	0	10430
RVTSASKK	0	10656
HEATASTK	0	15555
KETHASKL	1	4174
QDPTASKK	0	10147
KESTAVKN	1	3854
KPAFGVKK	1	5194
QEHSAVKL	1	6545
KESTGADL	1	3884
TETNASKK	0	8494
KDPNASTK	0	15138
KATIAVKP	1	2674
NESTAVKL	1	6312
KQTTAPKK	0	12462
MDTAASKK	0	14004
KKPGASNK	1	5066
EGSMASKL	0	12763
KPTMAADL	1	5281
QGSMASKR	0	9069
KATNAVDL	1	2688
KETSASKG	0	12836
KAPSASKK	0	14295
ELTTAVKL	1	1735
EESSASKT	0	10803
EEPTASEK	0	10130
KGPSASKK	0	10115
AELAASRE	0	12183
QEPTASQK	0	10148
EESRATKS	1	855
KEPTVSKL	1	3137
KGPTASKR	0	13949
KETAASIK	0	8809
KESSAVDM	0	8521
PDTSGEHK	0	10770
AETTAVKM	1	155
KESTAVVK	1	3864
QATTAVKL	1	6488
KESTATKE	1	3841
EETTAVDL	1	1524
RGTVAVKK	1	7897
QQSHAAKL	1	7020
KESRATKT	1	3664
THTNTSTN	0	9386
KSTRESKK	1	5770
LETVAAKK	1	6120
KVPTASEE	0	14809
KETIAVKP	1	4259
GETVASKK	0	11744
QDTSASAK	1	6527
LASRAVKV	1	5934
RGTTASKK	0	8725
EETSAVKM	1	1456
RATTASKQ	0	10296
NQSTAAKL	1	6388
KESMATKL	1	3454
HESTASKQ	0	13822
KETVAKQK	0	11514
EETNGAKL	1	1370
EESIAADA	1	685
YQTTASAL	0	9059
RINSAVKK	1	7906
QGTIASKL	1	6930
RETSAVKS	1	7766
KETPASKS	0	16526
KESGPAKL	1	3332
RQTTAVDL	1	8047
KETIASVL	1	4245
NESIAAKL	1	6277
EETTEAKL	1	1549
EESNAVKI	1	792
EVGHASDQ	0	11471
PATAASNK	0	14042
RSTAAVKK	1	8069
RDSFAVKL	1	7186
KEATGSVN	0	10493
KQSHAAKK	1	5386
PESTASKT	0	15296
TQIPDSYP	0	9767
EETRDAKL	1	1423
QETTGSNK	0	12934
KDSNAVKI	1	2803
EESDATKK	1	615
MESTAAKL	0	10556
RQTDAVKS	1	8030
EDSEASKK	1	388
NASTASKK	0	11005
HESTASIK	0	16401
NETSASKK	0	8765
LEATDSNK	1	5949
KQSSAAKS	1	5432
QRATASKI	0	13707
EETTDSKT	1	1547
KETSAFKL	1	4564
NDAGASRE	0	12476
EETSAVRK	1	1464
QETRASKK	0	9145
KRTTPSKS	0	15240
KPSTGVKK	1	5245
TETIAADK	1	8279
KDSPASNN	0	14310
EESAAAKK	1	578
KGTSASKI	0	9991
KATTAVKK	1	2714
QETIASDL	1	6800
NETPASIK	0	14847
RATVAAKK	1	7165
IETSASNK	0	10750
KENTGSYQ	0	15705
KESTGSKR	0	10175
KVTPGSKK	0	10700
RSSRAAKK	1	8067
KESIAVKK	1	3391
KDTSASQT	1	2903
EVHAAPKL	1	2066
PVTSASKK	0	12909
AETYDASR	1	165
REASGSQN	0	10784
RETSASNK	0	9458
KQATGSKK	0	14795
AATRSSMK	0	13239
KETMAAKL	1	4338
NETNASKK	0	9576
KGTQASKL	1	4997
KVTSGSKQ	0	16612
KMTTAVKK	1	5162
EETRESKK	1	1427
KHSIAAKI	0	10136
NEASASTK	0	15273
IDPSGPKK	0	13052
KEFRAAKL	1	2976
RESWGSKI	1	7585
RESFAAKS	1	7326
KETTASEH	0	13096
EATIAVKK	1	342
RACTASTK	0	8606
KESIASQK	0	15719
KGTTGSEK	0	13618
HETTGAKL	1	2368
KERFDSKR	1	3145
QETSAVKR	1	6869
RETRASDL	1	7734
EESEAAKS	1	623
KVTTASLK	0	13126
KDTTAVKM	1	2917
TRSAASYE	0	15467
KETTASKA	0	9830
RRSTASKK	0	12982
LETRASKT	0	8895
RETPASIK	0	11819
NPTAASYQ	0	10229
RESSGVKK	1	7517
KGVTASKE	0	12853
EQSISAKL	1	1838
ERTTAAKL	1	2019
TVTSAAEA	0	16322
QGPTASSK	1	6919
KDSDGSKK	1	2782
KWATASKK	0	11784
LETTAVKI	1	6113
EKTAASAK	0	14262
KVAIGSKR	0	13353
KGTGASKK	0	13613
REITVAYK	0	12710
VETTAVKM	1	8420
KVTPASTV	0	14405
KETSASKM	0	12049
SQTPASKN	1	8189
RDSTASKI	0	14124
KDSTASHS	0	15653
RPSRAVKR	1	7937
EETRDSKL	1	1424
PETNGAKL	0	10772
EESTAVKR	1	1068
KVSSASKR	0	11677
KLTRESKK	1	5137
QESFGSKK	1	6590
CETKASNK	0	12389
PATSASKK	0	10563
IGTTRSDQ	0	12793
KERAASKK	0	11872
KETAATSK	1	4042
KESNAVVL	1	3564
RTTAAVKK	1	8078
KGTAASRK	0	11519
KQTEASTK	1	5581
EESNAVDK	1	785
KATMAAKS	1	2686
EPTGAVKK	1	1785
LENRARYQ	0	11536
KEPTASYK	0	10049
KEPTASRK	0	9804
QECTASKK	0	10464
EETIAAKA	1	1252
MQASASQI	0	13382
TEGTASVK	0	11827
RGTTAAKK	0	11821
AETAAVRK	1	97
KQAPDSKL	1	5318
KQSVAVDK	0	8658
KETVASKI	1	4801
QEATASRK	0	10849
QESNASKK	0	13427
KERIAAKL	1	3148
EPTGGVKQ	1	1793
KETHHSKL	1	4193
TNIPASKK	0	10039
KETMATKL	1	4345
KATIAAYK	0	16446
RETRAVKR	1	7742
RATHASNK	1	7148
HQTPASQR	0	12210
YQTTASKK	0	16349
QESTASRL	1	6711
SENSGAKK	0	12157
KERFDATR	1	3144
ELTRESKK	1	1727
KATTASTR	0	15635
LETSASIK	0	13373
RDTSASIK	0	14511
EEWTASKL	1	1611
RGTPASVK	0	16209
EQTDAAKS	1	1929
RETLAVKK	1	7699
QETIAADL	1	6789
KETCESTE	0	11388
AGITAPEI	0	9136
RSTNASVK	0	11052
KETSAVIL	1	4588
NESNAVDL	1	6286
KESRDTDL	1	3681
NESIAAKI	1	6276
IESIGSKK	1	2457
KETIAATK	0	15742
IHSIAAKL	1	2533
GGIPASNI	0	13814
KESSASIK	0	8548
EQTVAVKL	1	2011
LETRAVKK	1	6088
ESAAGVKK	1	2021
EASWGSKL	1	320
KQTSAAIK	0	9224
KATNATKL	1	2687
NESTGAKK	0	11919
KNTVAAKI	1	5184
QETHESKL	1	6785
DGTTASKK	0	11464
TGTTASKT	0	16298
NETTAVDL	1	6359
KGSTASVK	0	13332
EESTDVKL	1	1081
GELAASRE	0	10607
KETYAAKS	1	4858
KETVGSTK	1	4839
KQTVAATK	1	5692
KETRGSKE	0	12048
KDAPASKK	0	8818
GETPASTK	0	15545
EETIAAQK	1	1266
PVRYATKQ	1	6458
QETAASYK	0	14480
NGSAASKK	0	14856
WGTTASKK	0	13232
HGTAVSYK	0	9799
KESAASTS	1	3197
PEATASKQ	0	14870
TQTAASKK	0	11603
EESSAVKL	1	968
EERVASKK	1	574
PATSASNT	0	13149
KPTPGAKR	1	5285
KEPTASKT	0	10389
KEKAGVKK	1	3028
KQTYAVKK	1	5701
HESWGSKK	1	2296
KETTGSKQ	0	10759
KDATASKT	0	13073
EGTSAAKL	1	1666
REVRGKSQ	0	16856
KENNASDL	1	3072
HESEATKK	1	2211
RGTSGSEN	0	15405
WETSASNK	0	16337
EPTGAAKL	1	1783
KEPAASKK	0	8857
IQTNESNH	0	10385
RPNTGVKK	1	7933
RDTTASSK	0	16141
TGTTASTK	0	13228
LETPASEK	0	16627
QYNTASNR	0	10295
EESWGSKL	1	1146
KATIASTK	0	15626
EGTIAAKL	1	1655
KESIAAKK	1	3359
KESSDAKR	1	3772
REPTASNT	0	13453
HESRAADL	1	2239
EETSAVKQ	1	1458
KETTASDN	0	14359
AETPASTI	0	9370
KGTAAVKK	1	4966
NETAASNS	0	10287
TDRTTSYE	0	14194
IQTTASKK	0	9322
KEKTASRL	1	3044
PESTASKN	0	15991
RLTCASEK	0	12529
PETAASKT	0	14052
GETNPSKK	0	16388
EESSSTKK	1	1015
RDTMANQP	0	12514
AETKDAKR	1	118
EHSIASKL	1	1689
RVSHAVKK	1	8082
RGPSVSQK	0	8975
TKTTASNK	0	9547
LLPSASNE	1	6151
KEPTGSKT	0	12822
KETSASKD	0	13931
KQSAVAKS	1	5366
EETSAVRE	1	1463
RGQTPSIQ	0	14153
KQTIAADL	1	5601
RQSRAAKL	1	7985
QGTVASTK	0	9839
FQTDAVKK	1	2112
NETTASKK	0	8483
IETGASTK	1	2496
KQTSASYK	0	14389
KDSTAVDL	1	2825
RVPTASKK	0	10732
SKTTGSKT	0	11453
GVTTRAEN	0	9872
QESTESKK	1	6724
RQTTASIK	0	14548
EETVAVKK	1	1590
KETTGSSK	0	13940
KENNAVRL	1	3095
TETRASCN	1	8299
QETTASST	0	14096
KGTIAAKL	1	4976
AETTASRK	0	10800
NPTAGSLK	1	6381
EESSASKP	1	935
KLTTGVKL	1	5156
KASSASKR	0	13067
RESTASKS	0	12349
EETFASKL	1	1217
KETSAAEK	0	8674
KNGSAVKR	1	5166
RESIAAKV	1	7388
RETHASKK	0	13200
KEPSASQQ	0	10107
KESSASKQ	0	13900
EATIAANK	1	334
IRASASYK	0	14292
EETIATDL	1	1292
RGTTASDR	1	7891
KETTASLR	0	11099
EGSNAVKK	1	1628
EERNAVKL	1	563
YETSAAEK	0	16343
HETLAAKI	1	2335
KESRDTKK	1	3683
IEARASKK	0	11625
RQSVAVKK	1	8011
QVPTASKG	0	14947
LQSTASIR	0	12292
KQTNASKK	0	12070
KEFTASKL	1	2978
HESWASRL	1	2284
NESWGSKS	1	6324
KDTTVAKL	1	2927
KDTAASRK	0	13866
TEATASKR	0	16910
QVTSASKK	0	10576
KQTDAAKM	1	5499
KAATASKE	0	15603
KESTAGKL	1	3830
RETTASTV	0	16194
RDTNASKK	0	15378
TETPASTK	0	13762
KGTAASKI	0	9882
PEISATIK	0	11015
HESWAAKL	1	2279
YESIASKL	1	8441
KESNAAKM	1	3472
EESTASRL	1	1053
KERSASKK	0	10014
HETRGSKK	0	9262
NETTAARK	0	15278
AETSASKI	0	16350
KNSRAAKL	1	5172
RESTATDL	1	7536
PESAASKK	0	10065
KENTASTE	0	15703
QRTTVAVK	0	11238
KENNAVKL	1	3084
KDSIASKK	0	12421
KQTAAVKL	1	5494
KKTTASTK	0	12854
EQACASKK	0	8625
RQSISAKL	1	7977
DAIIASRE	0	9680
KQTSAAKQ	0	12071
AETIAAVL	1	110
TETSASVK	0	16288
KATPGSKK	0	13553
KQTDAVRK	1	5550
RESFAVKK	1	7344
RACTASKK	0	12339
LETSGSKL	1	6104
KKTRGSKL	1	5103
KATAASIK	0	16445
KENPATKL	1	3102
SETTASEK	0	10414
QGPTASIR	1	6918
IAAVGSKL	0	15113
KLSTAVKK	1	5130
KQTSACKK	1	5651
HQSTASKN	1	2394
QETPASQK	0	13435
KEYRASKS	0	13100
QGPSAVKK	0	13698
INSSASKK	0	14291
KERAAVDL	1	3139
EQTTASIK	0	13254
KETSERKK	1	4641
KEFTGAKL	1	2979
KVPSAPMQ	0	9208
HATDAVKK	1	2174
KIATASKK	0	10397
EETLAVKK	1	1336
EEGIASKL	1	494
QETEASKN	0	10927
KITTAVKK	1	5060
KPSTAADL	1	5241
EESSASGK	0	13798
QETTDAKL	1	6892
RGTSGSYI	0	14536
EDTCCAIK	0	11982
QEPIASTK	0	8648
SETPASKK	0	10480
RGGTASKK	0	14151
GETNGAKL	0	15544
QESLAVKR	1	6629
KQTDAVKE	1	5531
KQSRDAVL	1	5423
TEVTASKK	0	13226
AGSSAAET	0	14597
KENTGVKL	1	3118
KEGPASKK	0	14326
KDTHASYK	1	2870
KKSMAVKK	1	5070
RASVAAKL	1	7141
QDTRESKK	1	6526
EHTAAAKL	1	1696
NETTAVKK	1	6360
KLTTASRE	1	5146
QEPGASVK	0	12919
METTASRK	0	14831
KRTKASSI	0	12863
TSTTALET	0	15048
VKSTAPNR	0	15053
KASTAAKL	1	2611
HQTTAVKL	1	2404
TETTASTN	0	15028
EHALASKK	1	1682
IDTTASRK	0	15115
LESFAVKK	1	5969
QDPTGSKV	1	6498
SETTATSI	0	11349
ETAPASIK	0	15532
NAITASME	0	13134
METTGSKK	0	11219
IETTASKI	0	9706
RAKTASKK	0	16807
EQSAVVKL	1	1826
TETPASKK	0	9039
PENTASLQ	0	10842
LESGASKL	1	5972
KGVTASRS	0	16561
KESTATKM	1	3845
REATASKE	0	12954
QAHTASRK	0	12910
ETSSDAKL	1	2054
KETVASDL	1	4795
RETIGVKK	1	7676
SETVAAKL	1	8170
KHSRAPTT	0	10824
KESFAVDL	1	3288
SETTASKL	0	9430
HETSASKK	0	9083
QPTGGVDL	1	6999
KDPTASTK	0	14308
KESTAAQL	1	3820
GATTASNI	1	2114
REISGSKK	0	14969
EERRAVKK	1	565
KETSAGKK	1	4565
QETPASKQ	0	12120
KDNSGVKK	1	2764
EETDATKK	1	1194
KKSRAAKI	1	5075
KETAATKL	1	4041
QDTTASKQ	0	12917
EESSAARE	1	903
MEGSASLK	0	14826
RGPTASEN	0	12527
QESRASDL	1	6664
HESTASKR	0	12207
EETRAVDL	1	1408
TETRASKK	0	9819
AESIAVKK	1	45
TQTTAAKK	0	11459
KSSVAAKL	1	5748
KGTAASYK	0	15790
EEPTASGK	0	15080
RETVASDL	1	7839
DDTTASKK	0	14604
NGTTVQKK	1	6375
EESWGSLK	1	1150
SETTASNK	0	10075
IETADSQI	0	12788
KEAAAADL	1	2935
KENTASQQ	0	14333
TDTTGSYK	0	9369
KRTAAVKR	1	5708
IEAAGSEK	0	13832
KEPTASKI	0	10081
KQTEASKI	1	5578
AETWGVKK	1	163
QATTASKK	0	8556
QETAASVK	0	14914
QEPAASKK	0	9790
LETEASKN	0	8580
KESTESKS	1	3881
RESWGSKK	1	7586
RAATPSKK	0	15372
HETTASRL	0	13826
KENNASKK	1	3073
PETTASRK	0	8893
KGASASVK	0	16547
RETRESKL	1	7747
RESDAAKK	1	7312
KLTSAAKL	1	5140
NETWGVKK	1	6366
KQTGAVKK	1	5588
LETEASKI	0	13129
KQTTAAKK	0	10363
EQTNASKL	1	1971
AESTAAKI	1	82
EGTTASEI	0	15517
SETTAANK	0	12986
KTTSAVKL	1	5807
NESSGSNI	0	12678
KEASASKI	0	11184
KDAAASNE	0	16455
RQTVAEKL	1	8059
EQSVASKL	1	1915
KQTLACKD	0	10139
QESTATDN	0	10293
QESAASKK	0	9179
KETRGTKL	1	4533
KESPASKN	0	16501
EGSIATKL	1	1625
RESTGADL	1	7555
GNIPAPKK	0	9742
LHSAASTM	0	14000
AETNSSKK	1	122
IETTAADL	1	2516
KVRTASKL	1	5838
HETTASVK	0	10675
EESWGVKK	1	1155
KEASASGK	0	15675
EESWGSKS	1	1149
KESTASRK	0	9043
KESNATKL	1	3507
KPTTASEN	0	12459
HELAASRE	0	9705
KEASNSDI	0	15678
PAATASKK	0	8558
KETAASNQ	0	12044
NGTARSET	0	12889
RAPTGSNK	0	11815
QESWGSKL	1	6746
YVTNASEI	0	15064
EESTAAKK	1	1027
HEPTASKK	0	10673
SETTASKI	0	10305
RASRAAKL	1	7136
RESMAAKK	1	7410
DDTTSSKI	0	10128
QESIASRL	0	9455
HVTTASKK	0	9743
KDTTASID	1	2911
KETSAVDL	1	4581
IETSASQK	0	14664
EETDASEK	0	10531
KETITADL	1	4288
IESRAAKL	1	2467
EESSASIK	0	10602
RETTASNT	0	9978
KGTTAPST	0	13956
QESRAVKR	1	6671
KKTTASRK	0	11523
KESTGSKI	0	15182
DVATASGS	0	11981
KGSWGSKK	1	4960
RESSTSKL	1	7522
KRTTASKN	0	15848
EQTSAVKI	1	1980
EQTKASKL	1	1966
EETDAAKK	1	1183
KEPTASIK	0	9346
EYSVAAKI	1	2107
VAPSAWQV	0	12177
QETSAVDL	1	6864
KGSTGSKK	0	13612
KSVTASKK	0	9350
QQSAASLK	1	7015
KESFGSKK	1	3308
RIATASKK	0	14159
EETVASKK	1	1579
LESAAVKI	1	5958
KEATAAKL	1	2959
QETDAVKK	1	6768
HEPTASKA	0	16400
EESTASDL	1	1043
KETGGSQN	0	16515
KGSTASKN	0	9121
KQGKGVKK	1	5322
KDTTASKS	0	12229
IQSWGSDL	1	2546
KGYTAPKK	0	12061
LETTCAQN	0	16632
YDTTASKK	0	13509
QEGTGSKK	0	11804
KESRAANI	1	3637
KETIASTK	0	9805
TGSIAATL	1	8339
KETIAAIK	0	12255
REGTASKK	0	10936
KESWGSIR	1	3990
KENNAAKL	1	3069
EDTAASKK	0	11616
AESNAVKL	1	53
KETNSADL	1	4407
RETRASNK	0	14983
QESIASQN	0	16051
RDTNASRK	0	12515
EASTAADL	1	303
QESQAVKL	1	6657
RESRAAKK	1	7460
TDRTVAKK	0	10003
ETRTAVKR	1	2050
KETSASSY	0	8568
KEPTASDK	0	12243
QETDASKK	1	6765
RESAAATK	0	16165
KETIATKK	1	4250
YVTAASVC	0	13511
QVTPASKK	0	11944
EQTDAVKE	1	1935
RECFAVKK	1	7234
QGPTAADK	0	14928
EESIASVT	1	708
EHPAASKL	1	1683
YETTAAKL	0	12558
KGTSAPKK	0	16556
EETNSSDL	1	1376
RESRATKL	1	7469
KESNAEKK	1	3483
QETDAADL	1	6760
QVPTVSNE	0	16114
RETVAATL	1	7838
GVTTASKK	0	10608
RQSTATDL	1	7999
RENAASKH	0	8992
EESFAVVK	1	659
QASVAAVL	1	6473
KPAHAVKK	1	5195
KATPASRK	0	13069
KATIDAKK	1	2678
KETISSKK	1	4286
KPTAAVKL	1	5250
RESTASLK	0	12962
QPTSAWNK	0	14938
RETFAVKL	1	7639
QDASASKK	0	12315
KETTGSAN	0	11513
KGTTASKR	0	9216
QESCAAKL	1	6574
EETVASKS	1	1583
VETTASNK	0	16331
EETGDAKK	1	1223
KQTPASKK	0	9258
TETTASTK	0	9402
KELGAPKK	0	14331
TETAASKL	0	9160
LQTKASKL	1	6179
RDSTAVKK	1	7198
KDPTASQT	0	15647
KESTASLK	0	9390
QESKAVKK	1	6625
QKKAASKK	1	6945
QESMAVKK	1	6634
KETVAEKL	1	4790
QETMAVKK	1	6830
QETLASTK	0	11022
KQSTASNK	0	15234
DANSASEN	0	11738
NVATASMK	1	6397
DDHMGVKK	1	205
HESAAAKK	1	2206
KENTASKT	0	15167
KESNAGKK	1	3485
PDTTASQE	0	16691
KESVAARI	1	3927
KELPASTK	0	12434
KSTTAAKK	0	14395
QETEAVKK	1	6774
KATTASKQ	0	8738
KERTASKT	0	13895
KETRAAKK	1	4447
KETMAVKR	1	4351
NGTTASVK	0	16676
RESAAAKI	1	7291
KETPASRT	0	15749
KETNAADL	1	4356
ELTTATKL	1	1732
EESTGAIK	1	1087
RASAAVKK	1	7127
KLTAAATV	0	11893
EESMAVKM	1	758
RRTDAVKL	1	8062
NEATASKI	0	16659
EESHAADL	1	677
MHTTASKN	0	8876
KESVAVKS	1	3957
PESTGADL	1	6426
QAPPASKK	0	16723
KPTAAPNV	0	11665
KESIVVKL	1	3406
EESADSKL	1	598
KASTAAKS	1	2614
RESFAVEK	1	7339
KGSPASGP	0	12456
KQSTAADL	1	5445
LKTTAANK	1	6149
QESTASEK	0	10852
LGTSASDN	0	14422
KDTTASQK	0	10241
SETDAAKK	1	8144
EQSSAVKK	1	1873
KETNSSKP	1	4418
KETTGSKT	0	11101
RQTTASNK	0	11250
RGSTAVKL	1	7874
EQSTAARL	1	1888
EESTASKR	0	12397
EESIATKL	1	709
EETTAVKV	1	1534
QQTTAVKK	1	7075
KQTSAAKL	0	10284
KETAASKQ	0	9326
QETTACWK	0	8896
QETTASKT	0	8927
QESREAKL	1	6675
LRTTASYH	0	15898
IATTASRK	0	15570
TEPTASIK	0	16915
KGTPASIK	0	10085
HETRAADL	1	2342
KESYAVKK	1	4029
KETIAVRK	1	4264
KATVAAKS	1	2727
KRHTAVIH	0	13977
TECAGSNT	0	11352
NATTASNK	0	11120
RENNAVKK	1	7269
EESSASDK	1	923
SETRVSIE	0	13476
KETSASKI	0	8487
KQSRSSKL	1	5426
RAPTASKK	0	13708
EATNASKL	1	349
RGASASKK	0	14532
RDIPASRK	1	7173
LPTGGVKL	1	6155
RETRAVKK	1	7739
KESNAVNL	1	3544
KETTASNG	0	15208
EAASAVKL	1	273
RENSASKK	0	12141
PESWGSKK	1	6427
LGVAASQI	0	16638
KETSAASL	1	4558
TETAASEI	0	13219
IPSSAPKK	0	12414
QESTGADL	1	6725
SEPTASKK	0	9444
QPTGAADL	1	6985
EQSRSSKL	1	1855
QEPTASKQ	0	14905
IATAASKK	0	12211
TPNTAAKK	0	16305
NETSASKT	0	14849
NDSMGVKK	1	6257
KESTGAKS	0	10495
QETPASNK	0	10719
LETTASLK	0	11001
QETTASLT	0	15352
EETEATKK	1	1206
KESTASRL	1	3837
KENTASKI	0	15700
VESTDAKN	0	14588
EQSIAAKL	1	1835
PETTASLV	0	14877
KETTASTE	0	10112
KRTADSRK	0	12862
QGATGSKN	1	6915
RGTSASKT	0	16210
EDRSASYN	0	11359
SESSAVKK	1	8128
EETRAVKT	1	1417
QVTSASIK	0	11567
SDVAAAVR	0	13745
KHSRAADL	1	5038
KETIGSKK	1	4277
PETSGSEK	0	10290
EHTAASKT	0	11272
RVTTASKT	0	14172
KETISADL	1	4282
IDSSASVK	0	13053
KLTSAAKM	1	5141
REASASIK	0	13713
TKPTASKK	0	8886
NETAASKT	0	13388
KETSAAKP	1	4553
IQTSAAKR	0	9168
KETEAADL	1	4103
KEPPASKN	0	14721
QQSSAAKL	1	7039
APTTAVKK	1	173
AHTIAPQK	0	13785
EESSGSDL	1	1001
KATNAVKK	1	2690
KESSAANL	1	3720
QDTIAAKL	1	6522
QETMAAKK	1	6826
RPTGAVKK	1	7943
KESNAAKI	1	3469
EPTFGVIK	1	1780
EESKFAKK	1	735
REPTASKK	0	8814
QQTVAAKL	1	7083
QDRFASQP	0	14899
GESTASKQ	0	16387
QATTASRN	0	16025
EETISADL	1	1309
KETVTSKL	1	4843
SQSTAAKL	1	8185
DEATASKK	0	13242
EERIASKL	1	560
MEGTKSQK	0	16642
KDSTGVKK	1	2833
QEASRSMQ	0	12497
EESNAAKI	1	764
KPSTAVKL	1	5244
EQSTGVKR	1	1908
LETNASKK	0	9690
IDTTAVKK	1	2421
QQTTGSRH	0	13443
KQTDASKK	1	5511
KATNPSKK	0	8839
AAPTAANI	0	13030
HETTAVKL	1	2366
KERTASNK	0	11497
SPTSGVKL	1	8182
KEHTGAKK	0	10172
KGTMAVKL	1	4988
EESWGAKL	1	1141
GGTTASEN	0	16391
RESTAVKK	1	7541
KEDADSKK	0	11640
HESWAAKK	1	2278
LDRSASYN	0	11785
NECTASKK	0	11412
EHSRSAKL	1	1693
TDTTASIK	0	12369
KETVASIR	1	4800
PEGTKSQK	0	10712
RDTSVAGA	0	12953
TETRAVKK	1	8302
KEHTASSK	1	3005
KETIAVKM	1	4257
EESGASKI	1	666
KETSAVRE	1	4612
KETAASEE	0	13911
RNSIAAKK	1	7920
NQSSDVKK	1	6387
KDSADVKK	1	2779
REPAASIK	0	16822
KETSGAKL	1	4645
QQETAVKL	0	15366
TEMTASNR	0	16912
RESTAVKN	1	7544
QQAPGSKD	0	9481
KQGTAVKK	1	5324
QSTSASKK	0	16112
AESHASKL	1	39
PVISAEKK	1	6456
HVISGQTP	1	2409
KETSAVVK	1	4620
PESTAVKL	1	6425
KGTAAVKI	1	4965
KECTAAKI	1	2971
EQTRAVKL	1	1978
EESVASKL	1	1121
KKNIAAET	0	10825
KGASAVKK	1	4883
KQTTGEKL	1	5680
VQTAASKK	0	15478
RETIAAVT	1	7662
KASVGAKK	1	2639
QESHASTL	1	6602
RASIAAKK	1	7129
EQTNASKQ	1	1972
SETRGSKK	0	9147
NPTIALSK	0	16679
RETTASEP	0	11716
NERTASNK	0	16663
RETFAVKK	1	7638
EETDGSKL	1	1199
KESIAADI	1	3353
RETEATKK	1	7630
KESFAVIK	1	3289
KATTVSKK	0	12021
KESWGSTR	1	4006
IETTAVKL	1	2519
KEPTASGK	0	12033
EQSRAAKK	1	1850
EESSVSDL	1	1018
PKTTASNK	0	16010
KATTASHK	0	14686
RESWGSKS	1	7590
KATTASNN	0	15631
KRTSASKK	0	12864
KATSASTK	0	11482
NQTIAAVK	0	9540
HESSASDL	1	2249
KNCSAAKK	1	5164
IETTASEK	0	10214
EGTMAVKL	1	1659
NETTASIK	0	9308
KEGTASKI	0	13882
QQTEASKK	1	7057
KETTASNN	0	9120
HETSASKQ	0	10313
KGAYGSNN	0	13603
IQSTASKK	0	13276
IETTASTK	0	9904
QETTAVKV	1	6890
KEIIAADL	1	3012
HETRASKK	0	13263
TPTTAVKK	1	8358
PESTASIK	0	12105
KEAIASKN	0	15672
KESTAANK	0	13902
KLTSASKG	0	13963
KETSGSIK	0	12050
GQTSAAKR	0	10276
TETEASKI	0	11965
KESVDAKK	1	3959
KRNPASGI	0	12658
QESNAVKR	1	6649
LQATASKK	0	16639
PEATASKT	0	12896
EQTIATKK	1	1964
RPPAASIN	0	12724
KGTTASKH	0	14780
QETTAAKM	1	6879
EETLAVKL	1	1337
RETTASER	0	10944
RSAGAVKK	1	8064
QETTASKN	0	8822
NETTAANK	0	11223
KETPASKI	0	9849
NRTPASKK	0	15968
TETRESKR	1	8305
KQTPASQK	0	11207
HEVTASKP	0	10213
EESSAATL	1	906
KESRAAQL	1	3640
KETTAAKS	1	4673
KSTSAADL	1	5771
KESAPAKI	1	3213
SETSASKK	0	9134
IESIASKM	1	2446
SETTATKR	1	8164
KERRAVKI	1	3161
KDTIAVKI	1	2876
KESVAAKM	1	3922
RQSNAAKK	1	7978
QVAPASKK	0	16800
IETTATKK	0	12789
KESSALKK	1	3725
NETTASTE	0	14445
KRSPASTQ	0	11210
REPNASVK	0	16163
PESTAAKK	0	15989
QVTTASKQ	0	10469
NESTGSKR	0	15276
KESFAVKS	1	3297
KETRASEL	1	4466
KDSIAAKI	1	2789
LERTASEL	0	16625
KATTDVKK	1	2718
KETDASKK	1	4085
KESNAVQS	1	3551
NESNASKL	1	6285
EGTGAVKK	1	1652
RDTTGSKK	0	10577
KESRDAKI	1	3675
RESTATKL	1	7538
NMITAPQK	0	11010
KQATASNK	0	13112
RGTTASEI	0	9919
RETIAASL	1	7658
TETTASKR	0	9101
TQTDAVKL	1	8371
KNSRASKL	1	5173
DETSAVKL	1	251
KENRASEI	0	16486
KESIASRL	0	14338
KAPTASNE	0	11479
KNCSAAKL	1	5165
KESTLSRN	0	10176
KGTPASNK	0	11890
KESASSKL	1	3214
LDTTASNK	0	16619
HESSASKI	1	2250
IESIASDL	1	2442
KENNAVKM	1	3085
EGTTVSKI	1	1680
LDTAACIK	0	9267
KSTKAVKK	1	5764
RQDTASKK	0	11450
KVTTATKK	0	14814
YEPTGSIE	0	9900
QASVASKL	1	6474
EESNAVNK	1	803
KETPGSVE	0	13586
YEQTASQK	0	13234
KEASASTK	0	12233
KETVASKV	1	4808
EETSGVKK	1	1483
NESSDAIK	1	6301
KESEGAKL	1	3271
KEGIGSRK	0	14713
KESSTSKL	1	3805
KEGNAVKL	1	2982
KTTTAAKL	1	5808
KGITASKK	0	10629
DESNAVKL	1	219
HATIAADL	1	2175
KETSAAKK	1	4550
KETIAAHL	1	4209
KENTASKK	0	8740
RGTTASQK	0	11588
EQTTAVDL	1	1991
PGTTASIK	0	11229
KATTASSP	0	13854
KESAGVKK	1	3211
DETTASNK	0	16358
EATPGSKK	0	13790
RQTDAVKQ	1	8028
KETIVVKK	1	4291
KESHAVKK	1	3345
HETSASKL	0	11999
RETVAVKK	1	7844
QETLAAKI	1	6819
EDTIAAKS	1	448
HESTASTK	0	13823
QQSSASKK	0	13440
EKTYAFKK	1	1719
KDASASKK	0	9822
KDSVAVKL	1	2848
KETISAKL	1	4284
SGTSAEKK	0	9029
PETPASKI	0	16700
KETTASEV	0	14758
QESNAAKI	1	6638
KGTRVVKL	1	5007
KESSGSKT	1	3794
KESLATKR	1	3438
KETSASRR	0	15754
RQSTAVKK	1	8004
HEPSCSKM	0	15556
QQTSAVKL	1	7070
KEAIASNK	0	14702
QATAASIK	0	16731
KKSNAVKK	1	5072
KQRVAPYK	0	11308
KESLAAKQ	1	3433
KEYTGAKK	1	4881
KATVAADL	1	2723
EQSSAARL	1	1864
RETSEAKK	1	7772
KEPSASIK	0	11870
RESRAVKK	1	7473
NDRSASYN	0	12296
IETAAVKI	1	2491
VESTASKL	1	8402
RETPVSYK	0	11820
EVPRASNR	0	15098
SETTAPKK	0	11956
KESSASHI	0	15174
RETRAADL	1	7730
KPTTDSRV	0	16581
RQTVAVKK	1	8060
EETTAAKK	1	1494
QESMATKK	1	6631
KAITASKK	0	15127
EESTATKI	1	1059
KESESSVK	1	3272
EESSAVVL	1	984
QEMSVWYN	0	9838
KQTDAVSK	1	5552
GEATASRK	0	16385
KETVAAKI	1	4778
RETKASKL	1	7686
KETSASGK	0	11390
EETIAAIL	1	1251
KETTGAAK	1	4751
YESNAVKK	0	16341
KESTGADK	0	15729
KQTDTVKK	1	5573
KDTTATNR	0	15665
EKSTAVKR	1	1710
KETSASKV	0	11884
SPSRAVKR	1	8180
EESVAVKL	1	1130
KEKTAVKL	1	3047
IAATASKK	0	13541
AATDASKK	0	15065
QQRTASKK	0	16106
RNSRAVKM	1	7923
EESTASNK	0	14253
EEGTASKK	0	13037
KQSVAAKV	1	5473
KVTKAVKK	1	5884
KESNPVKK	1	3595
KDTSAPTK	1	2901
QEPTASKK	0	8852
TESTASDK	0	14205
RESVASNL	1	7574
KENAAVKI	1	3056
EESSALKK	1	915
TETAAADL	1	8267
KESAGSAK	0	13569
EGTTAADL	1	1671
QAMTGCQE	0	14889
VETRAVKI	1	8413
KSTPASKK	0	16605
KESTGAKL	0	8476
EQSSAAKR	1	1861
TGTTASHK	0	11064
HENNAVKL	1	2199
QDTMANQP	0	8767
PRATASKI	0	16017
KESNTVKL	1	3603
PGPTASYK	0	10843
EVHAAPSK	0	12400
KQSAVVKM	1	5372
KASAASKQ	0	13282
EDTTAVKI	1	467
KATIAAKL	1	2660
NQTDAVKL	1	6393
EPTGGSKK	1	1787
RDTTASTK	0	13452
RETTASLE	0	12969
TGTTASKQ	0	14217
RETTASRS	0	13729
EQSNAVKK	1	1843
QYGSGSQK	0	12136
KHTHASKK	1	5051
EETSAVKL	1	1455
RESDAVKK	1	7314
EENSASKL	1	539
KGTRAAKL	1	5001
KETAASYE	0	13913
KQTANAKK	0	16592
EQTTAVKL	1	1994
KEAAASTK	0	12600
QAPTGSTN	0	16724
KETKASDN	0	12622
EETDATKI	1	1193
KQSAAPKK	0	12068
HATSGSRN	0	8939
KVPTASKK	0	9296
KKATASEH	1	5061
EDTNAVKK	1	452
KETSEAKR	1	4640
KENPGAKK	0	15698
NATTGSSM	0	14834
NDTAASKK	0	14019
REPRASKN	0	14132
KESRAAEL	1	3624
EETIAIKR	1	1279
EETHAVKL	1	1233
RETSASKE	0	11341
QATRASKK	0	13162
QATTASIK	0	10567
KENNAVKN	1	3086
IPMAAAIK	0	15595
TEPTASQK	0	10739
KEPTASTR	0	11494
NQTVAAKL	1	6395
KDTAASKQ	0	13865
QETMAVKI	1	6829
KDTTAVKQ	1	2919
LATTASNK	0	14411
QYTAASYG	0	14951
KETAAAMN	0	15184
NESTASRK	0	14440
RASWGSKK	1	7145
KVGAASYD	0	16606
PEAAASKK	0	12485
EDSIAAKI	1	394
KETTASQI	0	11201
DETTGSKK	0	13517
LETTASIE	0	13374
RETVASVL	0	12526
PESTASKR	0	11693
KETTASRV	0	14762
EESSARKK	1	919
LETYAAKL	1	6129
LESRDTKK	1	6011
MESIAVKL	1	6204
QETMASKK	0	16061
KGTTDPKK	0	13109
KESTAANL	1	3819
ELTTDVKK	1	1737
IETSASKL	0	16428
RVSSASKR	0	16228
KETGASEK	0	12619
KESNAVRL	1	3556
KGRTASKK	0	12055
QETTAVKI	1	6884
KEPAASTK	0	15707
KHTDAVKK	1	5050
RETTASNI	0	10155
KETTASGA	1	4693
TETDAPIK	1	8272
AESTAADL	1	81
IETDASKK	0	10967
RETTASKL	1	7787
TEATAAEE	0	15020
NETSAADL	1	6348
RETSASMN	0	11715
LQTKDSKK	0	11681
RETRSTKK	1	7753
EEAIASKK	0	13245
EQSTAVKR	1	1903
TESTASRK	0	13009
KESNHAKL	1	3593
KESMDVKK	1	3463
RESIASDL	1	7390
KETDAADL	1	4078
KEGTGSKQ	0	15688
EESSAVHK	1	964
AETTASDL	1	146
GQATASKH	1	2162
NETAASKK	0	8843
RESNAVKV	1	7438
KESNSSDL	1	3596
KVSTASAK	1	5869
PERAASNK	0	12104
KDTMASVK	0	13867
EDTIAAKL	1	447
DETTATKL	1	255
HESWAAKI	1	2277
QESTASIK	0	10198
NETAGSKK	0	16667
KATIAAKN	0	10315
QERTASKK	0	9760
KHSRASKK	1	5043
KESAASKE	0	14734
KETTGSCI	0	16541
EETTAADK	1	1488
EESIASKK	1	700
KEPTASEN	0	12032
KSSRAADL	1	5730
KVSIAAKA	1	5849
NETRASRL	0	10561
TQACASKK	0	16307
PVPTAAES	0	14888
MASSVTKI	0	15265
EPTSAVKR	1	1801
KESSDSVL	1	3780
MTTSAVKL	1	6247
LENNAVKK	1	5951
PATIAAKK	0	12100
GETTASRK	0	12203
RETTVSDQ	0	9443
IESNAVDL	1	2460
KESWGSTL	1	4005
RDTTASKA	0	16140
HENAASKH	0	10890
EESRGSKK	1	876
GATGGSKE	0	11741
TATTASKE	0	14566
KGTAASKL	1	4964
KERGASAK	0	13892
GETSAVKK	1	2151
KETAAAKI	1	4031
KESSAVDL	1	3755
EESSASKD	0	13038
KETSASNK	0	8577
QGASASLK	0	8973
ERTNAQTK	0	15531
HESTAVKL	1	2270
RESSGVKL	1	7518
EETSDAKL	1	1469
NETRAVKK	1	6345
RQDTASII	0	11449
KESRAAKP	1	3632
HESWGVKK	1	2311
EETKATKK	1	1319
KNSRAVDL	1	5174
RQTTAVKI	1	8048
QESTDAKL	1	6719
HRTTASYI	0	9433
NDAPASKK	0	15919
LETIASKK	0	10703
TGSIAADL	1	8338
KATAASLK	0	14680
AETTASKK	0	8485
KVTAAVKL	1	5875
RGSNAVKK	1	7865
METSAAEK	0	13381
EASSASKL	1	301
PETTASIQ	0	16703
QGSTASKK	0	9612
KQTSGSKK	0	13349
HQTDASKL	1	2400
TESLAART	0	14203
EESTAPKL	1	1042
QAPSASKK	0	12494
KETHASNK	0	14745
KETNAVKQ	1	4377
KESTATKK	1	3843
KESHASTL	1	3341
TGTTAAVE	0	13772
RPTVASKK	1	7956
IEGTKSQK	0	12006
HEATASKK	0	9901
KETTGAKI	0	8622
KRTTASYH	0	9574
KESNAVSL	1	3557
